instance_id,window_accuracy,window_kappa,cumulative_accuracy,cumulative_kappa,region_already_present
0,-1,-1,0.0,0.0,1
1,-1,-1,0.0,0.0,1
2,-1,-1,0.0,0.0,1
3,-1,-1,0.0,0.0,1
4,-1,-1,0.0,0.0,1
5,-1,-1,0.0,0.0,1
6,-1,-1,0.0,0.0,1
7,-1,-1,0.0,0.0,1
8,-1,-1,0.0,0.0,1
9,-1,-1,0.0,0.0,1
10,-1,-1,0.0,0.0,1
11,-1,-1,0.0,0.0,1
12,-1,-1,0.0,0.0,1
13,-1,-1,0.0,0.0,1
14,-1,-1,0.0,0.0,1
15,-1,-1,0.0,0.0,1
16,-1,-1,0.0,0.0,1
17,-1,-1,0.0,0.0,1
18,-1,-1,0.0,0.0,1
19,-1,-1,0.0,0.0,1
20,-1,-1,0.0,0.0,1
21,-1,-1,0.0,0.0,1
22,-1,-1,0.0,0.0,1
23,-1,-1,0.0,0.0,1
24,-1,-1,0.0,0.0,1
25,-1,-1,0.0,0.0,1
26,-1,-1,0.0,0.0,1
27,-1,-1,0.0,0.0,1
28,-1,-1,0.0,0.0,1
29,-1,-1,0.0,0.0,1
30,-1,-1,0.0,0.0,1
31,-1,-1,0.0,0.0,1
32,-1,-1,0.0,0.0,1
33,-1,-1,50.0,0.0,1
34,-1,-1,66.66666666666666,0.0,1
35,-1,-1,75.0,0.0,1
36,-1,-1,60.0,0.0,1
37,-1,-1,66.66666666666666,0.0,1
38,-1,-1,71.42857142857143,0.0,1
39,-1,-1,75.0,0.0,1
40,-1,-1,66.66666666666666,0.0,1
41,-1,-1,70.0,0.0,1
42,-1,-1,72.72727272727273,0.0,1
43,-1,-1,75.0,0.0,1
44,-1,-1,76.92307692307693,0.0,1
45,-1,-1,78.57142857142857,0.0,1
46,-1,-1,80.0,0.0,1
47,-1,-1,81.25,0.0,1
48,-1,-1,76.47058823529412,0.0,1
49,-1,-1,77.77777777777779,0.0,1
50,-1,-1,78.94736842105263,0.0,1
51,-1,-1,80.0,0.0,1
52,-1,-1,80.95238095238095,0.0,1
53,-1,-1,77.27272727272727,0.0,1
54,-1,-1,78.26086956521739,0.0,1
55,-1,-1,79.16666666666666,0.0,1
56,-1,-1,80.0,0.0,1
57,-1,-1,76.92307692307693,0.0,1
58,-1,-1,77.77777777777779,0.0,1
59,-1,-1,78.57142857142857,0.0,1
60,-1,-1,79.3103448275862,0.0,1
61,-1,-1,80.0,0.0,1
62,-1,-1,77.41935483870968,-0.028436018957345693,1
63,-1,-1,78.125,-0.02752293577981652,1
64,-1,-1,78.78787878787878,-0.02666666666666694,1
65,-1,-1,79.41176470588235,-0.025862068965517074,1
66,-1,-1,77.14285714285715,-0.02564102564102545,1
67,-1,-1,75.0,-0.04516129032258085,1
68,-1,-1,75.67567567567568,-0.0438871473354231,1
69,-1,-1,76.31578947368422,-0.042682926829267866,1
70,-1,-1,76.92307692307693,-0.04154302670623099,1
71,-1,-1,77.5,-0.04046242774566438,1
72,-1,-1,78.04878048780488,-0.0394366197183091,1
73,-1,-1,76.19047619047619,-0.03960396039603981,1
74,-1,-1,76.74418604651163,-0.03864734299516915,1
75,-1,-1,77.27272727272727,-0.03773584905660417,1
76,-1,-1,77.77777777777779,-0.03686635944700474,1
77,-1,-1,78.26086956521739,-0.03603603603603585,1
78,-1,-1,78.72340425531915,-0.03524229074889857,1
79,-1,-1,79.16666666666666,-0.03448275862069009,1
80,-1,-1,79.59183673469387,-0.03375527426160339,1
81,-1,-1,78.0,-0.04562737642585523,1
82,-1,-1,78.43137254901961,-0.04469273743016757,1
83,-1,-1,78.84615384615384,-0.043795620437956435,1
84,-1,-1,77.35849056603774,-0.0443349753694583,1
85,-1,-1,77.35849056603774,-0.0443349753694583,1
86,-1,-1,77.35849056603774,-0.0443349753694583,1
87,-1,-1,77.35849056603774,-0.0443349753694583,1
88,-1,-1,77.35849056603774,-0.0443349753694583,1
89,-1,-1,77.35849056603774,-0.0443349753694583,1
90,-1,-1,77.35849056603774,-0.0443349753694583,1
91,-1,-1,77.35849056603774,-0.0443349753694583,1
92,-1,-1,77.35849056603774,-0.0443349753694583,1
93,-1,-1,77.35849056603774,-0.0443349753694583,1
94,-1,-1,77.35849056603774,-0.0443349753694583,1
95,-1,-1,77.35849056603774,-0.0443349753694583,1
96,-1,-1,77.35849056603774,-0.0443349753694583,1
97,-1,-1,77.35849056603774,-0.0443349753694583,1
98,-1,-1,77.35849056603774,-0.0443349753694583,1
99,-1,-1,77.35849056603774,-0.0443349753694583,1
100,-1,-1,77.35849056603774,-0.0443349753694583,1
101,-1,-1,77.35849056603774,-0.0443349753694583,1
102,-1,-1,77.35849056603774,-0.0443349753694583,1
103,-1,-1,77.35849056603774,-0.0443349753694583,1
104,-1,-1,77.35849056603774,-0.0443349753694583,1
105,-1,-1,77.35849056603774,-0.0443349753694583,1
106,-1,-1,77.35849056603774,-0.0443349753694583,1
107,-1,-1,77.35849056603774,-0.0443349753694583,1
108,-1,-1,77.35849056603774,-0.0443349753694583,1
109,-1,-1,77.35849056603774,-0.0443349753694583,1
110,-1,-1,77.35849056603774,-0.0443349753694583,1
111,-1,-1,77.35849056603774,-0.0443349753694583,1
112,-1,-1,77.35849056603774,-0.0443349753694583,1
113,-1,-1,77.35849056603774,-0.0443349753694583,1
114,-1,-1,77.35849056603774,-0.0443349753694583,1
115,-1,-1,77.35849056603774,-0.0443349753694583,1
116,-1,-1,77.35849056603774,-0.0443349753694583,1
117,-1,-1,77.35849056603774,-0.0443349753694583,1
118,-1,-1,77.35849056603774,-0.0443349753694583,1
119,-1,-1,77.35849056603774,-0.0443349753694583,1
120,-1,-1,77.35849056603774,-0.0443349753694583,1
121,-1,-1,77.35849056603774,-0.0443349753694583,1
122,-1,-1,77.35849056603774,-0.0443349753694583,1
123,-1,-1,77.35849056603774,-0.0443349753694583,1
124,-1,-1,77.35849056603774,-0.0443349753694583,1
125,-1,-1,77.35849056603774,-0.0443349753694583,1
126,-1,-1,77.35849056603774,-0.0443349753694583,1
127,-1,-1,77.35849056603774,-0.0443349753694583,1
128,-1,-1,77.35849056603774,-0.0443349753694583,1
129,-1,-1,77.35849056603774,-0.0443349753694583,1
130,-1,-1,77.35849056603774,-0.0443349753694583,1
131,-1,-1,77.35849056603774,-0.0443349753694583,1
132,-1,-1,77.35849056603774,-0.0443349753694583,1
133,-1,-1,77.35849056603774,-0.0443349753694583,1
134,-1,-1,77.35849056603774,-0.0443349753694583,1
135,-1,-1,77.35849056603774,-0.0443349753694583,1
136,-1,-1,77.35849056603774,-0.0443349753694583,1
137,-1,-1,77.35849056603774,-0.0443349753694583,1
138,-1,-1,77.35849056603774,-0.0443349753694583,1
139,-1,-1,77.35849056603774,-0.0443349753694583,1
140,-1,-1,77.35849056603774,-0.0443349753694583,1
141,-1,-1,77.35849056603774,-0.0443349753694583,1
142,-1,-1,77.35849056603774,-0.0443349753694583,1
143,-1,-1,77.35849056603774,-0.0443349753694583,1
144,-1,-1,77.35849056603774,-0.0443349753694583,1
145,-1,-1,77.35849056603774,-0.0443349753694583,1
146,-1,-1,77.35849056603774,-0.0443349753694583,1
147,-1,-1,77.35849056603774,-0.0443349753694583,1
148,-1,-1,77.35849056603774,-0.0443349753694583,1
149,-1,-1,77.35849056603774,-0.0443349753694583,1
150,-1,-1,77.35849056603774,-0.0443349753694583,1
151,-1,-1,77.35849056603774,-0.0443349753694583,1
152,-1,-1,77.35849056603774,-0.0443349753694583,1
153,-1,-1,77.35849056603774,-0.0443349753694583,1
154,-1,-1,77.35849056603774,-0.0443349753694583,1
155,-1,-1,77.35849056603774,-0.0443349753694583,1
156,-1,-1,77.35849056603774,-0.0443349753694583,1
157,-1,-1,77.35849056603774,-0.0443349753694583,1
158,-1,-1,77.35849056603774,-0.0443349753694583,1
159,-1,-1,77.35849056603774,-0.0443349753694583,1
160,-1,-1,77.35849056603774,-0.0443349753694583,1
161,-1,-1,77.35849056603774,-0.0443349753694583,1
162,-1,-1,77.35849056603774,-0.0443349753694583,1
163,-1,-1,77.35849056603774,-0.0443349753694583,1
164,-1,-1,77.35849056603774,-0.0443349753694583,1
165,-1,-1,77.35849056603774,-0.0443349753694583,1
166,-1,-1,77.35849056603774,-0.0443349753694583,1
167,-1,-1,77.35849056603774,-0.0443349753694583,1
168,-1,-1,77.35849056603774,-0.0443349753694583,1
169,-1,-1,77.35849056603774,-0.0443349753694583,1
170,-1,-1,77.35849056603774,-0.0443349753694583,1
171,-1,-1,77.35849056603774,-0.0443349753694583,1
172,-1,-1,77.35849056603774,-0.0443349753694583,1
173,-1,-1,77.35849056603774,-0.0443349753694583,1
174,-1,-1,77.35849056603774,-0.0443349753694583,1
175,-1,-1,77.35849056603774,-0.0443349753694583,1
176,-1,-1,77.35849056603774,-0.0443349753694583,1
177,-1,-1,77.35849056603774,-0.0443349753694583,1
178,-1,-1,77.35849056603774,-0.0443349753694583,1
179,-1,-1,77.35849056603774,-0.0443349753694583,1
180,-1,-1,77.35849056603774,-0.0443349753694583,1
181,-1,-1,77.35849056603774,-0.0443349753694583,1
182,-1,-1,77.35849056603774,-0.0443349753694583,1
183,-1,-1,77.35849056603774,-0.0443349753694583,1
184,-1,-1,77.35849056603774,-0.0443349753694583,1
185,-1,-1,77.35849056603774,-0.0443349753694583,1
186,-1,-1,77.35849056603774,-0.0443349753694583,1
187,-1,-1,77.35849056603774,-0.0443349753694583,1
188,-1,-1,77.35849056603774,-0.0443349753694583,1
189,-1,-1,77.35849056603774,-0.0443349753694583,1
190,-1,-1,77.35849056603774,-0.0443349753694583,1
191,-1,-1,77.35849056603774,-0.0443349753694583,1
192,-1,-1,77.35849056603774,-0.0443349753694583,1
193,-1,-1,77.35849056603774,-0.0443349753694583,1
194,-1,-1,77.35849056603774,-0.0443349753694583,1
195,-1,-1,77.35849056603774,-0.0443349753694583,1
196,-1,-1,77.35849056603774,-0.0443349753694583,1
197,-1,-1,77.35849056603774,-0.0443349753694583,1
198,-1,-1,77.35849056603774,-0.0443349753694583,1
199,-1,-1,77.77777777777779,-0.04347826086956543,1
200,-1,-1,78.18181818181819,-0.0426540284360184,1
201,-1,-1,78.18181818181819,-0.0426540284360184,1
202,-1,-1,78.18181818181819,-0.0426540284360184,1
203,-1,-1,78.18181818181819,-0.0426540284360184,1
204,-1,-1,78.18181818181819,-0.0426540284360184,1
205,-1,-1,78.18181818181819,-0.0426540284360184,1
206,-1,-1,78.18181818181819,-0.0426540284360184,1
207,-1,-1,78.18181818181819,-0.0426540284360184,1
208,-1,-1,78.18181818181819,-0.0426540284360184,1
209,-1,-1,78.18181818181819,-0.0426540284360184,1
210,-1,-1,78.18181818181819,-0.0426540284360184,1
211,-1,-1,78.18181818181819,-0.0426540284360184,1
212,-1,-1,78.18181818181819,-0.0426540284360184,1
213,-1,-1,78.57142857142857,-0.04186046511627927,1
214,-1,-1,78.57142857142857,-0.04186046511627927,1
215,-1,-1,78.57142857142857,-0.04186046511627927,1
216,-1,-1,78.57142857142857,-0.04186046511627927,1
217,-1,-1,78.94736842105263,-0.0410958904109585,1
218,-1,-1,79.3103448275862,-0.04035874439461912,1
219,-1,-1,79.66101694915254,-0.03964757709251085,1
220,-1,-1,79.66101694915254,-0.03964757709251085,1
221,-1,-1,79.66101694915254,-0.03964757709251085,1
222,-1,-1,80.0,-0.0389610389610387,1
223,-1,-1,80.0,-0.0389610389610387,1
224,-1,-1,80.32786885245902,-0.03829787234042515,1
225,-1,-1,80.64516129032258,-0.03765690376569069,1
226,-1,-1,80.95238095238095,-0.03703703703703645,1
227,-1,-1,80.95238095238095,-0.03703703703703645,1
228,-1,-1,80.95238095238095,-0.03703703703703645,1
229,-1,-1,80.95238095238095,-0.03703703703703645,1
230,-1,-1,80.95238095238095,-0.03703703703703645,1
231,-1,-1,80.95238095238095,-0.03703703703703645,1
232,-1,-1,80.95238095238095,-0.03703703703703645,1
233,-1,-1,81.25,-0.03643724696356275,1
234,-1,-1,81.25,-0.03643724696356275,1
235,-1,-1,81.53846153846153,-0.035856573705180014,1
236,-1,-1,81.81818181818183,-0.03529411764705904,1
237,-1,-1,81.81818181818183,-0.03529411764705904,1
238,-1,-1,81.81818181818183,-0.03529411764705904,1
239,-1,-1,82.08955223880598,-0.03474903474903426,1
240,-1,-1,82.08955223880598,-0.03474903474903426,1
241,-1,-1,82.08955223880598,-0.03474903474903426,1
242,-1,-1,82.08955223880598,-0.03474903474903426,1
243,-1,-1,82.08955223880598,-0.03474903474903426,1
244,-1,-1,82.08955223880598,-0.03474903474903426,1
245,-1,-1,82.08955223880598,-0.03474903474903426,1
246,-1,-1,82.08955223880598,-0.03474903474903426,1
247,-1,-1,82.08955223880598,-0.03474903474903426,1
248,-1,-1,82.35294117647058,-0.034220532319392254,1
249,-1,-1,82.35294117647058,-0.034220532319392254,1
250,-1,-1,82.35294117647058,-0.034220532319392254,1
251,-1,-1,82.35294117647058,-0.034220532319392254,1
252,-1,-1,82.35294117647058,-0.034220532319392254,1
253,-1,-1,82.35294117647058,-0.034220532319392254,1
254,-1,-1,82.6086956521739,-0.03370786516853898,1
255,-1,-1,82.85714285714286,-0.033210332103320764,1
256,-1,-1,82.85714285714286,-0.033210332103320764,1
257,-1,-1,82.85714285714286,-0.033210332103320764,1
258,-1,-1,82.85714285714286,-0.033210332103320764,1
259,-1,-1,82.85714285714286,-0.033210332103320764,1
260,-1,-1,83.09859154929578,-0.032727272727272286,1
261,-1,-1,83.09859154929578,-0.032727272727272286,1
262,-1,-1,83.33333333333334,-0.032258064516129274,1
263,-1,-1,83.33333333333334,-0.032258064516129274,1
264,-1,-1,83.33333333333334,-0.032258064516129274,1
265,-1,-1,83.33333333333334,-0.032258064516129274,1
266,-1,-1,83.33333333333334,-0.032258064516129274,1
267,-1,-1,83.33333333333334,-0.032258064516129274,1
268,-1,-1,83.33333333333334,-0.032258064516129274,1
269,-1,-1,83.56164383561644,-0.031802120141341844,1
270,-1,-1,83.56164383561644,-0.031802120141341844,1
271,-1,-1,83.56164383561644,-0.031802120141341844,1
272,-1,-1,83.56164383561644,-0.031802120141341844,1
273,-1,-1,83.56164383561644,-0.031802120141341844,1
274,-1,-1,83.56164383561644,-0.031802120141341844,1
275,-1,-1,83.56164383561644,-0.031802120141341844,1
276,-1,-1,83.56164383561644,-0.031802120141341844,1
277,-1,-1,83.56164383561644,-0.031802120141341844,1
278,-1,-1,83.56164383561644,-0.031802120141341844,1
279,-1,-1,83.56164383561644,-0.031802120141341844,1
280,-1,-1,83.56164383561644,-0.031802120141341844,1
281,-1,-1,83.56164383561644,-0.031802120141341844,1
282,-1,-1,83.78378378378379,-0.03135888501742157,1
283,-1,-1,83.78378378378379,-0.03135888501742157,1
284,-1,-1,84.0,-0.030927835051546563,1
285,-1,-1,84.0,-0.030927835051546563,1
286,-1,-1,84.0,-0.030927835051546563,1
287,-1,-1,84.0,-0.030927835051546563,1
288,-1,-1,84.0,-0.030927835051546563,1
289,-1,-1,84.0,-0.030927835051546563,1
290,-1,-1,84.21052631578947,-0.03050847457627097,1
291,-1,-1,84.21052631578947,-0.03050847457627097,1
292,-1,-1,84.21052631578947,-0.03050847457627097,1
293,-1,-1,84.21052631578947,-0.03050847457627097,1
294,-1,-1,84.21052631578947,-0.03050847457627097,1
295,-1,-1,84.21052631578947,-0.03050847457627097,1
296,-1,-1,84.21052631578947,-0.03050847457627097,1
297,-1,-1,84.21052631578947,-0.03050847457627097,1
298,-1,-1,84.21052631578947,-0.03050847457627097,1
299,-1,-1,84.4155844155844,-0.030100334448160654,1
300,-1,-1,84.61538461538461,-0.029702970297029476,1
301,-1,-1,84.61538461538461,-0.029702970297029476,1
302,-1,-1,84.61538461538461,-0.029702970297029476,1
303,-1,-1,84.61538461538461,-0.029702970297029476,1
304,-1,-1,84.61538461538461,-0.029702970297029476,1
305,-1,-1,84.61538461538461,-0.029702970297029476,1
306,-1,-1,84.61538461538461,-0.029702970297029476,1
307,-1,-1,84.61538461538461,-0.029702970297029476,1
308,-1,-1,84.81012658227847,-0.029315960912052085,1
309,-1,-1,84.81012658227847,-0.029315960912052085,1
310,-1,-1,84.81012658227847,-0.029315960912052085,1
311,-1,-1,84.81012658227847,-0.029315960912052085,1
312,-1,-1,84.81012658227847,-0.029315960912052085,1
313,-1,-1,84.81012658227847,-0.029315960912052085,1
314,-1,-1,84.81012658227847,-0.029315960912052085,1
315,-1,-1,84.81012658227847,-0.029315960912052085,1
316,-1,-1,84.81012658227847,-0.029315960912052085,1
317,-1,-1,85.0,-0.02893890675241191,1
318,-1,-1,85.0,-0.02893890675241191,1
319,-1,-1,85.0,-0.02893890675241191,1
320,-1,-1,85.18518518518519,-0.028571428571427648,1
321,-1,-1,85.18518518518519,-0.028571428571427648,1
322,-1,-1,85.36585365853658,-0.028213166144200937,1
323,-1,-1,85.36585365853658,-0.028213166144200937,1
324,-1,-1,85.36585365853658,-0.028213166144200937,1
325,-1,-1,85.36585365853658,-0.028213166144200937,1
326,-1,-1,85.36585365853658,-0.028213166144200937,1
327,-1,-1,85.54216867469879,-0.027863777089783652,1
328,-1,-1,85.71428571428571,-0.02752293577981746,1
329,-1,-1,85.71428571428571,-0.02752293577981746,1
330,-1,-1,85.88235294117646,-0.02719033232628474,1
331,-1,-1,85.88235294117646,-0.02719033232628474,1
332,-1,-1,86.04651162790698,-0.02686567164179214,1
333,-1,-1,86.20689655172413,-0.0265486725663726,1
334,-1,-1,86.20689655172413,-0.0265486725663726,1
335,-1,-1,86.20689655172413,-0.0265486725663726,1
336,-1,-1,86.20689655172413,-0.0265486725663726,1
337,-1,-1,86.20689655172413,-0.0265486725663726,1
338,-1,-1,86.20689655172413,-0.0265486725663726,1
339,-1,-1,86.20689655172413,-0.0265486725663726,1
340,-1,-1,86.36363636363636,-0.026239067055393413,1
341,-1,-1,86.36363636363636,-0.026239067055393413,1
342,-1,-1,86.36363636363636,-0.026239067055393413,1
343,-1,-1,86.36363636363636,-0.026239067055393413,1
344,-1,-1,86.36363636363636,-0.026239067055393413,1
345,-1,-1,86.36363636363636,-0.026239067055393413,1
346,-1,-1,86.36363636363636,-0.026239067055393413,1
347,-1,-1,86.36363636363636,-0.026239067055393413,1
348,-1,-1,86.51685393258427,-0.025936599423631367,1
349,-1,-1,86.66666666666667,-0.02564102564102538,1
350,-1,-1,86.66666666666667,-0.02564102564102538,1
351,-1,-1,86.66666666666667,-0.02564102564102538,1
352,-1,-1,86.66666666666667,-0.02564102564102538,1
353,-1,-1,86.66666666666667,-0.02564102564102538,1
354,-1,-1,86.66666666666667,-0.02564102564102538,1
355,-1,-1,86.66666666666667,-0.02564102564102538,1
356,-1,-1,86.66666666666667,-0.02564102564102538,1
357,-1,-1,86.66666666666667,-0.02564102564102538,1
358,-1,-1,86.81318681318682,-0.025352112676056242,1
359,-1,-1,86.81318681318682,-0.025352112676056242,1
360,-1,-1,86.81318681318682,-0.025352112676056242,1
361,-1,-1,86.95652173913044,-0.025069637883008485,1
362,-1,-1,87.09677419354838,-0.024793388429752275,1
363,-1,-1,87.09677419354838,-0.024793388429752275,1
364,-1,-1,87.09677419354838,-0.024793388429752275,1
365,-1,-1,87.09677419354838,-0.024793388429752275,1
366,-1,-1,87.09677419354838,-0.024793388429752275,1
367,-1,-1,87.09677419354838,-0.024793388429752275,1
368,-1,-1,87.2340425531915,-0.024523160762942565,1
369,-1,-1,87.2340425531915,-0.024523160762942565,1
370,-1,-1,87.2340425531915,-0.024523160762942565,1
371,-1,-1,87.2340425531915,-0.024523160762942565,1
372,-1,-1,87.36842105263159,-0.02425876010781678,1
373,-1,-1,87.36842105263159,-0.02425876010781678,1
374,-1,-1,87.36842105263159,-0.02425876010781678,1
375,-1,-1,87.36842105263159,-0.02425876010781678,1
376,-1,-1,87.36842105263159,-0.02425876010781678,1
377,-1,-1,87.36842105263159,-0.02425876010781678,1
378,-1,-1,87.36842105263159,-0.02425876010781678,1
379,-1,-1,87.36842105263159,-0.02425876010781678,1
380,-1,-1,87.36842105263159,-0.02425876010781678,1
381,-1,-1,87.5,-0.024,1
382,-1,-1,87.5,-0.024,1
383,-1,-1,87.62886597938144,-0.023746701846965746,1
384,-1,-1,87.75510204081633,-0.023498694516971133,1
385,-1,-1,87.75510204081633,-0.023498694516971133,1
386,-1,-1,87.75510204081633,-0.023498694516971133,1
387,88.0,0.1111111111111112,87.87878787878788,-0.023255813953488615,1
388,88.0,0.1111111111111112,88.0,-0.023017902813299546,1
389,88.0,0.1111111111111112,88.11881188118812,-0.022784810126582667,1
390,88.0,0.1111111111111112,88.23529411764706,-0.022556390977443462,1
391,88.0,0.1111111111111112,87.37864077669903,-0.02762854950115187,1
392,88.0,0.1111111111111112,87.37864077669903,-0.02762854950115187,1
393,88.0,0.1111111111111112,87.37864077669903,-0.02762854950115187,1
394,88.0,0.1111111111111112,87.37864077669903,-0.02762854950115187,1
395,88.0,0.1111111111111112,87.37864077669903,-0.02762854950115187,1
396,88.0,0.1111111111111112,87.37864077669903,-0.02762854950115187,1
397,88.0,0.1111111111111112,87.37864077669903,-0.02762854950115187,1
398,88.0,0.1111111111111112,87.37864077669903,-0.02762854950115187,1
399,88.0,0.1111111111111112,87.37864077669903,-0.02762854950115187,1
400,88.0,0.1111111111111112,87.37864077669903,-0.02762854950115187,1
401,88.0,0.1111111111111112,87.5,-0.027355623100304212,1
402,88.0,0.1111111111111112,87.61904761904762,-0.027088036117381822,1
403,88.0,0.1111111111111112,87.61904761904762,-0.027088036117381822,1
404,88.0,0.1111111111111112,87.61904761904762,-0.027088036117381822,1
405,88.0,0.1111111111111112,87.61904761904762,-0.027088036117381822,1
406,88.0,0.1111111111111112,87.73584905660378,-0.026825633383010215,1
407,88.0,0.1111111111111112,87.85046728971963,-0.026568265682657008,1
408,88.0,0.1111111111111112,87.85046728971963,-0.026568265682657008,1
409,88.0,0.1111111111111112,87.85046728971963,-0.026568265682657008,1
410,88.0,0.1111111111111112,87.85046728971963,-0.026568265682657008,1
411,88.0,0.1111111111111112,87.96296296296296,-0.026315789473683363,1
412,88.0,0.1111111111111112,88.07339449541286,-0.026068066618392022,1
413,88.0,0.1111111111111112,88.18181818181819,-0.025824964131994258,1
414,88.0,0.1111111111111112,88.18181818181819,-0.025824964131994258,1
415,88.0,0.1111111111111112,88.28828828828829,-0.025586353944563975,1
416,88.0,0.1111111111111112,88.28828828828829,-0.025586353944563975,1
417,88.0,0.1111111111111112,88.39285714285714,-0.025352112676056457,1
418,88.0,0.1111111111111112,88.39285714285714,-0.025352112676056457,1
419,88.0,0.1111111111111112,88.39285714285714,-0.025352112676056457,1
420,88.0,0.1111111111111112,88.39285714285714,-0.025352112676056457,1
421,88.0,0.1111111111111112,88.49557522123894,-0.025122121423585466,1
422,88.0,0.1111111111111112,88.59649122807018,-0.024896265560165727,1
423,88.0,0.1111111111111112,88.59649122807018,-0.024896265560165727,1
424,88.0,0.1111111111111112,88.59649122807018,-0.024896265560165727,1
425,88.0,0.1111111111111112,88.59649122807018,-0.024896265560165727,1
426,88.0,0.1111111111111112,88.59649122807018,-0.024896265560165727,1
427,88.0,0.1111111111111112,88.59649122807018,-0.024896265560165727,1
428,88.0,0.1111111111111112,88.59649122807018,-0.024896265560165727,1
429,88.0,0.1111111111111112,88.59649122807018,-0.024896265560165727,1
430,88.0,0.1111111111111112,88.59649122807018,-0.024896265560165727,1
431,88.0,0.1111111111111112,88.59649122807018,-0.024896265560165727,1
432,88.0,0.1111111111111112,88.59649122807018,-0.024896265560165727,1
433,88.0,0.1111111111111112,88.59649122807018,-0.024896265560165727,1
434,88.0,0.1111111111111112,88.59649122807018,-0.024896265560165727,1
435,88.0,0.1111111111111112,88.59649122807018,-0.024896265560165727,1
436,88.0,0.1111111111111112,88.59649122807018,-0.024896265560165727,1
437,88.0,0.1111111111111112,88.59649122807018,-0.024896265560165727,1
438,88.0,0.1111111111111112,88.59649122807018,-0.024896265560165727,1
439,88.0,0.1111111111111112,88.69565217391305,-0.02467443454420852,1
440,88.0,0.1111111111111112,88.69565217391305,-0.02467443454420852,1
441,88.0,0.1111111111111112,88.69565217391305,-0.02467443454420852,1
442,88.0,0.1111111111111112,88.69565217391305,-0.02467443454420852,1
443,88.0,0.1111111111111112,88.69565217391305,-0.02467443454420852,1
444,88.0,0.1111111111111112,88.79310344827587,-0.024456521739130262,1
445,88.0,0.1111111111111112,88.79310344827587,-0.024456521739130262,1
446,88.0,0.1111111111111112,88.79310344827587,-0.024456521739130262,1
447,88.0,0.1111111111111112,88.79310344827587,-0.024456521739130262,1
448,88.0,0.1111111111111112,88.79310344827587,-0.024456521739130262,1
449,88.0,0.1111111111111112,88.79310344827587,-0.024456521739130262,1
450,88.0,0.1111111111111112,88.88888888888889,-0.02424242424242575,1
451,88.0,0.1111111111111112,88.88888888888889,-0.02424242424242575,1
452,88.0,0.1111111111111112,88.88888888888889,-0.02424242424242575,1
453,88.0,0.1111111111111112,88.88888888888889,-0.02424242424242575,1
454,88.0,0.1111111111111112,88.88888888888889,-0.02424242424242575,1
455,88.0,0.1111111111111112,88.88888888888889,-0.02424242424242575,1
456,88.0,0.1111111111111112,88.98305084745762,-0.024032042723631755,1
457,88.0,0.1111111111111112,89.07563025210085,-0.02382528127068142,1
458,88.0,0.1111111111111112,89.07563025210085,-0.02382528127068142,1
459,88.0,0.1111111111111112,89.07563025210085,-0.02382528127068142,1
460,88.0,0.1111111111111112,89.07563025210085,-0.02382528127068142,1
461,88.0,0.1111111111111112,89.07563025210085,-0.02382528127068142,1
462,88.0,0.1111111111111112,89.07563025210085,-0.02382528127068142,1
463,88.0,0.1111111111111112,89.07563025210085,-0.02382528127068142,1
464,88.0,0.1111111111111112,89.07563025210085,-0.02382528127068142,1
465,88.0,0.1111111111111112,89.07563025210085,-0.02382528127068142,1
466,88.0,0.1111111111111112,89.07563025210085,-0.02382528127068142,1
467,88.0,0.1111111111111112,89.07563025210085,-0.02382528127068142,1
468,88.0,0.1111111111111112,89.16666666666667,-0.023622047244093985,1
469,88.0,0.1111111111111112,89.25619834710744,-0.02342225113858122,1
470,88.0,0.1111111111111112,89.25619834710744,-0.02342225113858122,1
471,88.0,0.1111111111111112,89.25619834710744,-0.02342225113858122,1
472,88.0,0.1111111111111112,89.34426229508196,-0.023225806451613037,1
473,88.0,0.1111111111111112,89.43089430894308,-0.023032629558541767,1
474,88.0,0.1111111111111112,89.51612903225806,-0.02284263959390882,1
475,88.0,0.1111111111111112,89.51612903225806,-0.02284263959390882,1
476,88.0,0.1111111111111112,89.51612903225806,-0.02284263959390882,1
477,88.0,0.1111111111111112,89.51612903225806,-0.02284263959390882,1
478,88.0,0.1111111111111112,89.60000000000001,-0.022655758338577452,1
479,88.0,0.1111111111111112,89.60000000000001,-0.022655758338577452,1
480,88.0,0.1111111111111112,89.60000000000001,-0.022655758338577452,1
481,88.0,0.1111111111111112,89.68253968253968,-0.02247191011235996,1
482,88.0,0.1111111111111112,89.76377952755905,-0.02229102167182686,1
483,88.0,0.1111111111111112,89.84375,-0.022113022113022112,1
484,88.0,0.1111111111111112,89.92248062015504,-0.021937842778792023,1
485,88.0,0.1111111111111112,89.92248062015504,-0.021937842778792023,1
486,88.0,0.1111111111111112,89.92248062015504,-0.021937842778792023,1
487,88.0,0.1111111111111112,89.92248062015504,-0.021937842778792023,1
488,88.0,0.1111111111111112,89.92248062015504,-0.021937842778792023,1
489,88.0,0.1111111111111112,90.0,-0.02176541717049621,1
490,88.0,0.1111111111111112,90.07633587786259,-0.021595680863826974,1
491,88.0,0.1111111111111112,90.15151515151516,-0.02142857142857194,1
492,88.0,0.1111111111111112,90.22556390977444,-0.021264028352037487,1
493,88.0,0.1111111111111112,90.22556390977444,-0.021264028352037487,1
494,88.0,0.1111111111111112,90.22556390977444,-0.021264028352037487,1
495,88.0,0.1111111111111112,90.22556390977444,-0.021264028352037487,1
496,88.0,0.1111111111111112,90.22556390977444,-0.021264028352037487,1
497,88.0,0.1111111111111112,90.22556390977444,-0.021264028352037487,1
498,88.0,0.1111111111111112,90.22556390977444,-0.021264028352037487,1
499,88.0,0.1111111111111112,90.22556390977444,-0.021264028352037487,1
500,88.0,0.1111111111111112,90.22556390977444,-0.021264028352037487,1
501,88.0,0.1111111111111112,90.22556390977444,-0.021264028352037487,1
502,88.0,0.1111111111111112,90.29850746268657,-0.021101992966002063,1
503,88.0,0.1111111111111112,90.29850746268657,-0.021101992966002063,1
504,88.0,0.1111111111111112,90.37037037037037,-0.020942408376962814,1
505,88.0,0.1111111111111112,90.44117647058823,-0.02078521939953768,1
506,88.0,0.1111111111111112,90.51094890510949,-0.02063037249283706,1
507,88.0,0.1111111111111112,90.57971014492753,-0.020477815699658907,1
508,88.0,0.1111111111111112,90.64748201438849,-0.020327498588366757,1
509,88.0,0.1111111111111112,90.64748201438849,-0.020327498588366757,1
510,88.0,0.1111111111111112,90.64748201438849,-0.020327498588366757,1
511,88.0,0.1111111111111112,90.64748201438849,-0.020327498588366757,1
512,88.0,0.1111111111111112,90.71428571428571,-0.020179372197309663,1
513,88.0,0.1111111111111112,90.78014184397163,-0.02003338898163662,1
514,88.0,0.1111111111111112,90.84507042253522,-0.019889502762431517,1
515,88.0,0.1111111111111112,90.9090909090909,-0.01974766867800279,1
516,88.0,0.1111111111111112,90.9090909090909,-0.01974766867800279,1
517,88.0,0.1111111111111112,90.97222222222221,-0.019607843137255467,1
518,88.0,0.1111111111111112,90.97222222222221,-0.019607843137255467,1
519,88.0,0.1111111111111112,90.97222222222221,-0.019607843137255467,1
520,88.0,0.1111111111111112,91.0344827586207,-0.01946998377501292,1
521,88.0,0.1111111111111112,91.0344827586207,-0.01946998377501292,1
522,88.0,0.1111111111111112,91.0958904109589,-0.019334049409237258,1
523,88.0,0.1111111111111112,91.0958904109589,-0.019334049409237258,1
524,88.0,0.1111111111111112,91.15646258503402,-0.01919999999999936,1
525,88.0,0.1111111111111112,91.21621621621621,-0.019067796610169472,1
526,88.0,0.1111111111111112,91.2751677852349,-0.01893740136770131,1
527,88.0,0.1111111111111112,91.2751677852349,-0.01893740136770131,1
528,88.0,0.1111111111111112,91.2751677852349,-0.01893740136770131,1
529,88.0,0.1111111111111112,91.2751677852349,-0.01893740136770131,1
530,88.0,0.1111111111111112,91.2751677852349,-0.01893740136770131,1
531,88.0,0.1111111111111112,91.2751677852349,-0.01893740136770131,1
532,88.0,0.1111111111111112,91.2751677852349,-0.01893740136770131,1
533,88.0,0.1111111111111112,91.2751677852349,-0.01893740136770131,1
534,88.0,0.1111111111111112,91.2751677852349,-0.01893740136770131,1
535,88.0,0.1111111111111112,91.33333333333333,-0.018808777429467634,1
536,88.0,0.1111111111111112,91.33333333333333,-0.018808777429467634,1
537,88.0,0.1111111111111112,91.3907284768212,-0.018681888946549093,1
538,88.0,0.1111111111111112,91.44736842105263,-0.01855670103092816,1
539,88.0,0.1111111111111112,91.50326797385621,-0.018433179723501832,1
540,88.0,0.1111111111111112,91.55844155844156,-0.0183112919633775,1
541,88.0,0.1111111111111112,91.61290322580645,-0.018191005558362963,1
542,88.0,0.1111111111111112,91.66666666666666,-0.0180722891566259,1
543,88.0,0.1111111111111112,91.71974522292994,-0.017955112219452018,1
544,88.0,0.1111111111111112,91.71974522292994,-0.017955112219452018,1
545,88.0,0.1111111111111112,91.71974522292994,-0.017955112219452018,1
546,88.0,0.1111111111111112,91.71974522292994,-0.017955112219452018,1
547,88.0,0.1111111111111112,91.77215189873418,-0.01783944499504505,1
548,88.0,0.1111111111111112,91.77215189873418,-0.01783944499504505,1
549,88.0,0.1111111111111112,91.77215189873418,-0.01783944499504505,1
550,88.0,0.1111111111111112,91.77215189873418,-0.01783944499504505,1
551,88.0,0.1111111111111112,91.77215189873418,-0.01783944499504505,1
552,88.0,0.1111111111111112,91.82389937106919,-0.01772525849335242,1
553,88.0,0.1111111111111112,91.875,-0.0176125244618402,1
554,88.0,0.1111111111111112,91.92546583850931,-0.01750121536217835,1
555,88.0,0.1111111111111112,91.9753086419753,-0.017391304347825525,1
556,88.0,0.1111111111111112,92.02453987730061,-0.01728276524243878,1
557,88.0,0.1111111111111112,92.07317073170732,-0.01717557251908272,1
558,88.0,0.1111111111111112,92.12121212121212,-0.01706970128022679,1
559,88.0,0.1111111111111112,92.16867469879519,-0.01696512723845403,1
560,88.0,0.1111111111111112,92.16867469879519,-0.01696512723845403,1
561,88.0,0.1111111111111112,92.16867469879519,-0.01696512723845403,1
562,88.0,0.1111111111111112,92.16867469879519,-0.01696512723845403,1
563,88.0,0.1111111111111112,92.16867469879519,-0.01696512723845403,1
564,88.0,0.1111111111111112,92.16867469879519,-0.01696512723845403,1
565,88.0,0.1111111111111112,92.16867469879519,-0.01696512723845403,1
566,88.0,0.1111111111111112,92.16867469879519,-0.01696512723845403,1
567,88.0,0.1111111111111112,92.16867469879519,-0.01696512723845403,1
568,88.0,0.1111111111111112,92.16867469879519,-0.01696512723845403,1
569,88.0,0.1111111111111112,92.16867469879519,-0.01696512723845403,1
570,88.0,0.1111111111111112,92.16867469879519,-0.01696512723845403,1
571,88.0,0.1111111111111112,92.16867469879519,-0.01696512723845403,1
572,88.0,0.1111111111111112,92.16867469879519,-0.01696512723845403,1
573,88.0,0.1111111111111112,92.16867469879519,-0.01696512723845403,1
574,88.0,0.1111111111111112,92.21556886227546,-0.01686182669789284,1
575,88.0,0.1111111111111112,92.26190476190477,-0.016759776536311954,1
576,88.0,0.1111111111111112,92.3076923076923,-0.016658954187874546,1
577,88.0,0.1111111111111112,92.3529411764706,-0.01655933762649341,1
578,88.0,0.1111111111111112,92.3529411764706,-0.01655933762649341,1
579,88.0,0.1111111111111112,92.3529411764706,-0.01655933762649341,1
580,88.0,0.1111111111111112,92.3529411764706,-0.01655933762649341,1
581,88.0,0.1111111111111112,92.39766081871345,-0.016460905349794067,1
582,88.0,0.1111111111111112,92.39766081871345,-0.016460905349794067,1
583,88.0,0.1111111111111112,92.39766081871345,-0.016460905349794067,1
584,88.0,0.1111111111111112,92.39766081871345,-0.016460905349794067,1
585,88.0,0.1111111111111112,92.39766081871345,-0.016460905349794067,1
586,88.0,0.1111111111111112,92.39766081871345,-0.016460905349794067,1
587,88.0,0.1111111111111112,92.39766081871345,-0.016460905349794067,1
588,88.0,0.1111111111111112,92.44186046511628,-0.016363636363637024,1
589,88.0,0.1111111111111112,92.48554913294798,-0.016267510167193754,1
590,88.0,0.1111111111111112,92.52873563218391,-0.016172506738545044,1
591,88.0,0.1111111111111112,92.57142857142857,-0.01607860652076895,1
592,88.0,0.1111111111111112,92.57142857142857,-0.01607860652076895,1
593,88.0,0.1111111111111112,92.57142857142857,-0.01607860652076895,1
594,88.0,0.1111111111111112,92.57142857142857,-0.01607860652076895,1
595,88.0,0.1111111111111112,92.57142857142857,-0.01607860652076895,1
596,88.0,0.1111111111111112,92.57142857142857,-0.01607860652076895,1
597,88.0,0.1111111111111112,92.57142857142857,-0.01607860652076895,1
598,88.0,0.1111111111111112,92.57142857142857,-0.01607860652076895,1
599,88.0,0.1111111111111112,92.57142857142857,-0.01607860652076895,1
600,88.0,0.1111111111111112,92.57142857142857,-0.01607860652076895,1
601,88.0,0.1111111111111112,92.57142857142857,-0.01607860652076895,1
602,88.0,0.1111111111111112,92.57142857142857,-0.01607860652076895,1
603,88.0,0.1111111111111112,92.61363636363636,-0.015985790408525654,1
604,88.0,0.1111111111111112,92.61363636363636,-0.015985790408525654,1
605,88.0,0.1111111111111112,92.61363636363636,-0.015985790408525654,1
606,88.0,0.1111111111111112,92.61363636363636,-0.015985790408525654,1
607,88.0,0.1111111111111112,92.65536723163842,-0.015894039735099508,1
608,88.0,0.1111111111111112,92.69662921348315,-0.01580333625987567,1
609,88.0,0.1111111111111112,92.69662921348315,-0.01580333625987567,1
610,88.0,0.1111111111111112,92.69662921348315,-0.01580333625987567,1
611,88.0,0.1111111111111112,92.69662921348315,-0.01580333625987567,1
612,88.0,0.1111111111111112,92.69662921348315,-0.01580333625987567,1
613,88.0,0.1111111111111112,92.69662921348315,-0.01580333625987567,1
614,88.0,0.1111111111111112,92.69662921348315,-0.01580333625987567,1
615,88.0,0.1111111111111112,92.69662921348315,-0.01580333625987567,1
616,88.0,0.1111111111111112,92.69662921348315,-0.01580333625987567,1
617,88.0,0.1111111111111112,92.69662921348315,-0.01580333625987567,1
618,88.0,0.1111111111111112,92.69662921348315,-0.01580333625987567,1
619,88.0,0.1111111111111112,92.69662921348315,-0.01580333625987567,1
620,88.0,0.1111111111111112,92.73743016759776,-0.01571366215626434,1
621,88.0,0.1111111111111112,92.73743016759776,-0.01571366215626434,1
622,88.0,0.1111111111111112,92.77777777777779,-0.015624999999997731,1
623,88.0,0.1111111111111112,92.77777777777779,-0.015624999999997731,1
624,88.0,0.1111111111111112,92.77777777777779,-0.015624999999997731,1
625,88.0,0.1111111111111112,92.77777777777779,-0.015624999999997731,1
626,88.0,0.1111111111111112,92.77777777777779,-0.015624999999997731,1
627,88.0,0.1111111111111112,92.77777777777779,-0.015624999999997731,1
628,88.0,0.1111111111111112,92.77777777777779,-0.015624999999997731,1
629,88.0,0.1111111111111112,92.77777777777779,-0.015624999999997731,1
630,88.0,0.1111111111111112,92.77777777777779,-0.015624999999997731,1
631,88.0,0.1111111111111112,92.77777777777779,-0.015624999999997731,1
632,88.0,0.1111111111111112,92.81767955801105,-0.01553733275787737,1
633,88.0,0.1111111111111112,92.85714285714286,-0.015450643776822912,1
634,88.0,0.1111111111111112,92.85714285714286,-0.015450643776822912,1
635,88.0,0.1111111111111112,92.85714285714286,-0.015450643776822912,1
636,88.0,0.1111111111111112,92.85714285714286,-0.015450643776822912,1
637,88.0,0.1111111111111112,92.89617486338798,-0.015364916773366499,1
638,88.0,0.1111111111111112,92.93478260869566,-0.015280135823429086,1
639,88.0,0.1111111111111112,92.93478260869566,-0.015280135823429086,1
640,88.0,0.1111111111111112,92.93478260869566,-0.015280135823429086,1
641,88.0,0.1111111111111112,92.97297297297298,-0.015196285352470043,1
642,88.0,0.1111111111111112,93.01075268817203,-0.015113350125946882,1
643,88.0,0.1111111111111112,93.01075268817203,-0.015113350125946882,1
644,88.0,0.1111111111111112,93.01075268817203,-0.015113350125946882,1
645,88.0,0.1111111111111112,93.01075268817203,-0.015113350125946882,1
646,88.0,0.1111111111111112,93.01075268817203,-0.015113350125946882,1
647,88.0,0.1111111111111112,93.01075268817203,-0.015113350125946882,1
648,88.0,0.1111111111111112,93.01075268817203,-0.015113350125946882,1
649,88.0,0.1111111111111112,93.01075268817203,-0.015113350125946882,1
650,88.0,0.1111111111111112,93.01075268817203,-0.015113350125946882,1
651,88.0,0.1111111111111112,93.04812834224599,-0.015031315240083266,1
652,88.0,0.1111111111111112,93.04812834224599,-0.015031315240083266,1
653,88.0,0.1111111111111112,93.04812834224599,-0.015031315240083266,1
654,88.0,0.1111111111111112,93.08510638297872,-0.014950166112957224,1
655,88.0,0.1111111111111112,93.12169312169311,-0.014869888475835945,1
656,88.0,0.1111111111111112,93.12169312169311,-0.014869888475835945,1
657,88.0,0.1111111111111112,93.12169312169311,-0.014869888475835945,1
658,88.0,0.1111111111111112,93.15789473684211,-0.014790468364832145,1
659,88.0,0.1111111111111112,93.19371727748691,-0.014711892112791291,1
660,88.0,0.1111111111111112,93.22916666666666,-0.014634146341463407,1
661,88.0,0.1111111111111112,93.26424870466322,-0.014557217953902517,1
662,88.0,0.1111111111111112,93.29896907216495,-0.014481094127112428,1
663,88.0,0.1111111111111112,93.33333333333333,-0.014405762304921499,1
664,88.0,0.1111111111111112,93.36734693877551,-0.014331210191083289,1
665,88.0,0.1111111111111112,93.36734693877551,-0.014331210191083289,1
666,88.0,0.1111111111111112,93.36734693877551,-0.014331210191083289,1
667,88.0,0.1111111111111112,93.36734693877551,-0.014331210191083289,1
668,88.0,0.1111111111111112,93.36734693877551,-0.014331210191083289,1
669,88.0,0.1111111111111112,93.36734693877551,-0.014331210191083289,1
670,88.0,0.1111111111111112,93.36734693877551,-0.014331210191083289,1
671,88.0,0.1111111111111112,93.36734693877551,-0.014331210191083289,1
672,88.0,0.1111111111111112,93.36734693877551,-0.014331210191083289,1
673,88.0,0.1111111111111112,93.36734693877551,-0.014331210191083289,1
674,88.0,0.1111111111111112,93.36734693877551,-0.014331210191083289,1
675,88.0,0.1111111111111112,93.36734693877551,-0.014331210191083289,1
676,88.0,0.1111111111111112,93.36734693877551,-0.014331210191083289,1
677,88.0,0.1111111111111112,93.4010152284264,-0.014257425742573463,1
678,88.0,0.1111111111111112,93.43434343434343,-0.014184397163121299,1
679,99.0,0.0,93.46733668341709,-0.01411211289690396,1
680,99.0,0.0,93.5,-0.014040561622463343,1
681,99.0,0.0,93.53233830845771,-0.013969732246798794,1
682,99.0,0.0,93.56435643564357,-0.013899613899611783,1
683,99.0,0.0,93.56435643564357,-0.013899613899611783,1
684,99.0,0.0,93.56435643564357,-0.013899613899611783,1
685,99.0,0.0,93.59605911330048,-0.013830195927777244,1
686,99.0,0.0,93.62745098039215,-0.013761467889907574,1
687,99.0,0.0,93.65853658536587,-0.013693419551158144,1
688,99.0,0.0,93.68932038834951,-0.013626040878122072,1
689,99.0,0.0,93.71980676328504,-0.013559322033898851,1
690,99.0,0.0,93.71980676328504,-0.013559322033898851,1
691,99.0,0.0,93.71980676328504,-0.013559322033898851,1
692,99.0,0.0,93.71980676328504,-0.013559322033898851,1
693,99.0,0.0,93.71980676328504,-0.013559322033898851,1
694,99.0,0.0,93.71980676328504,-0.013559322033898851,1
695,99.0,0.0,93.71980676328504,-0.013559322033898851,1
696,99.0,0.0,93.71980676328504,-0.013559322033898851,1
697,99.0,0.0,93.71980676328504,-0.013559322033898851,1
698,99.0,0.0,93.71980676328504,-0.013559322033898851,1
699,99.0,0.0,93.75,-0.013493253373313927,1
700,99.0,0.0,93.75,-0.013493253373313927,1
701,99.0,0.0,93.75,-0.013493253373313927,1
702,99.0,0.0,93.75,-0.013493253373313927,1
703,99.0,0.0,93.75,-0.013493253373313927,1
704,99.0,0.0,93.75,-0.013493253373313927,1
705,99.0,0.0,93.75,-0.013493253373313927,1
706,99.0,0.0,93.75,-0.013493253373313927,1
707,99.0,0.0,93.75,-0.013493253373313927,1
708,99.0,0.0,93.75,-0.013493253373313927,1
709,99.0,0.0,93.75,-0.013493253373313927,1
710,99.0,0.0,93.75,-0.013493253373313927,1
711,99.0,0.0,93.75,-0.013493253373313927,1
712,99.0,0.0,93.75,-0.013493253373313927,1
713,99.0,0.0,93.77990430622009,-0.013427825438268568,1
714,99.0,0.0,93.80952380952381,-0.01336302895322956,1
715,99.0,0.0,93.8388625592417,-0.013298854820835062,1
716,99.0,0.0,93.86792452830188,-0.01323529411764787,1
717,99.0,0.0,93.89671361502347,-0.013172338090009698,1
718,99.0,0.0,93.89671361502347,-0.013172338090009698,1
719,99.0,0.0,93.89671361502347,-0.013172338090009698,1
720,99.0,0.0,93.89671361502347,-0.013172338090009698,1
721,99.0,0.0,93.89671361502347,-0.013172338090009698,1
722,99.0,0.0,93.89671361502347,-0.013172338090009698,1
723,99.0,0.0,93.89671361502347,-0.013172338090009698,1
724,99.0,0.0,93.89671361502347,-0.013172338090009698,1
725,99.0,0.0,93.89671361502347,-0.013172338090009698,1
726,99.0,0.0,93.89671361502347,-0.013172338090009698,1
727,99.0,0.0,93.89671361502347,-0.013172338090009698,1
728,99.0,0.0,93.89671361502347,-0.013172338090009698,1
729,99.0,0.0,93.89671361502347,-0.013172338090009698,1
730,99.0,0.0,93.89671361502347,-0.013172338090009698,1
731,99.0,0.0,93.89671361502347,-0.013172338090009698,1
732,99.0,0.0,93.92523364485982,-0.013109978150036516,1
733,99.0,0.0,93.95348837209302,-0.013048205871692935,1
734,99.0,0.0,93.98148148148148,-0.012987012987013982,1
735,99.0,0.0,93.98148148148148,-0.012987012987013982,1
736,99.0,0.0,93.98148148148148,-0.012987012987013982,1
737,99.0,0.0,93.98148148148148,-0.012987012987013982,1
738,99.0,0.0,93.98148148148148,-0.012987012987013982,1
739,99.0,0.0,93.98148148148148,-0.012987012987013982,1
740,99.0,0.0,93.98148148148148,-0.012987012987013982,1
741,99.0,0.0,93.98148148148148,-0.012987012987013982,1
742,99.0,0.0,94.00921658986175,-0.012926391382403611,1
743,99.0,0.0,94.03669724770643,-0.012866333095068166,1
744,99.0,0.0,94.06392694063926,-0.012806830309498096,1
745,99.0,0.0,94.0909090909091,-0.012747875354107647,1
746,99.0,0.0,94.11764705882352,-0.01268946069792099,1
747,99.0,0.0,94.11764705882352,-0.01268946069792099,1
748,99.0,0.0,94.11764705882352,-0.01268946069792099,1
749,99.0,0.0,94.14414414414415,-0.01263157894736604,1
750,99.0,0.0,94.14414414414415,-0.01263157894736604,1
751,99.0,0.0,94.17040358744396,-0.012574222843169112,1
752,99.0,0.0,94.19642857142857,-0.012517385257300884,1
753,99.0,0.0,94.22222222222221,-0.012461059190031067,1
754,99.0,0.0,94.24778761061947,-0.012405237767057996,1
755,99.0,0.0,94.27312775330397,-0.012349914236707416,1
756,99.0,0.0,94.2982456140351,-0.012295081967212008,1
757,99.0,0.0,94.2982456140351,-0.012295081967212008,1
758,99.0,0.0,94.2982456140351,-0.012295081967212008,1
759,99.0,0.0,94.2982456140351,-0.012295081967212008,1
760,99.0,0.0,94.2982456140351,-0.012295081967212008,1
761,99.0,0.0,94.32314410480349,-0.012240734444066459,1
762,99.0,0.0,94.34782608695652,-0.012186865267433058,1
763,99.0,0.0,94.34782608695652,-0.012186865267433058,1
764,99.0,0.0,94.34782608695652,-0.012186865267433058,1
765,99.0,0.0,94.34782608695652,-0.012186865267433058,1
766,99.0,0.0,94.34782608695652,-0.012186865267433058,1
767,99.0,0.0,94.34782608695652,-0.012186865267433058,1
768,99.0,0.0,94.37229437229438,-0.01213346814964706,1
769,99.0,0.0,94.39655172413794,-0.012080536912749565,1
770,99.0,0.0,94.39655172413794,-0.012080536912749565,1
771,99.0,0.0,94.39655172413794,-0.012080536912749565,1
772,99.0,0.0,94.39655172413794,-0.012080536912749565,1
773,99.0,0.0,94.4206008583691,-0.012028065486134993,1
774,99.0,0.0,94.44444444444444,-0.011976047904192355,1
775,99.0,0.0,94.46808510638299,-0.011924478304071659,1
776,99.0,0.0,94.49152542372882,-0.011873350923481952,1
777,99.0,0.0,94.09282700421942,-0.013748854262144321,1
778,99.0,0.0,94.09282700421942,-0.013748854262144321,1
779,99.0,0.0,94.09282700421942,-0.013748854262144321,1
780,99.0,0.0,94.11764705882352,-0.013690295101917584,1
781,99.0,0.0,94.11764705882352,-0.013690295101917584,1
782,99.0,0.0,94.11764705882352,-0.013690295101917584,1
783,99.0,0.0,94.11764705882352,-0.013690295101917584,1
784,99.0,0.0,94.11764705882352,-0.013690295101917584,1
785,99.0,0.0,94.11764705882352,-0.013690295101917584,1
786,99.0,0.0,94.11764705882352,-0.013690295101917584,1
787,99.0,0.0,94.11764705882352,-0.013690295101917584,1
788,99.0,0.0,94.11764705882352,-0.013690295101917584,1
789,99.0,0.0,94.11764705882352,-0.013690295101917584,1
790,99.0,0.0,94.11764705882352,-0.013690295101917584,1
791,99.0,0.0,94.14225941422593,-0.013632232656770348,1
792,99.0,0.0,94.14225941422593,-0.013632232656770348,1
793,99.0,0.0,94.14225941422593,-0.013632232656770348,1
794,99.0,0.0,94.14225941422593,-0.013632232656770348,1
795,99.0,0.0,94.14225941422593,-0.013632232656770348,1
796,99.0,0.0,94.16666666666667,-0.013574660633483377,1
797,99.0,0.0,94.1908713692946,-0.013517572844698657,1
798,99.0,0.0,94.21487603305785,-0.01346096320670031,1
799,99.0,0.0,94.21487603305785,-0.01346096320670031,1
800,99.0,0.0,94.21487603305785,-0.01346096320670031,1
801,99.0,0.0,94.21487603305785,-0.01346096320670031,1
802,99.0,0.0,94.21487603305785,-0.01346096320670031,1
803,99.0,0.0,94.23868312757202,-0.013404825737263457,1
804,99.0,0.0,93.85245901639344,0.04786680541103097,1
805,99.0,0.0,93.85245901639344,0.04786680541103097,1
806,99.0,0.0,93.85245901639344,0.04786680541103097,1
807,99.0,0.0,93.87755102040816,0.04792746113989729,1
808,99.0,0.0,93.87755102040816,0.04792746113989729,1
809,99.0,0.0,93.90243902439023,0.04798761609907063,1
810,99.0,0.0,93.92712550607287,0.04804727646454335,1
811,99.0,0.0,93.54838709677419,0.09550945976749294,1
812,99.0,0.0,93.57429718875501,0.09557321225879642,1
813,99.0,0.0,93.57429718875501,0.09557321225879642,1
814,99.0,0.0,93.57429718875501,0.09557321225879642,1
815,99.0,0.0,93.57429718875501,0.09557321225879642,1
816,99.0,0.0,93.57429718875501,0.09557321225879642,1
817,99.0,0.0,93.57429718875501,0.09557321225879642,1
818,99.0,0.0,93.57429718875501,0.09557321225879642,1
819,99.0,0.0,93.60000000000001,0.09563644585123363,1
820,99.0,0.0,93.60000000000001,0.09563644585123363,1
821,99.0,0.0,93.60000000000001,0.09563644585123363,1
822,99.0,0.0,93.60000000000001,0.09563644585123363,1
823,99.0,0.0,93.62549800796812,0.09569916685431029,1
824,99.0,0.0,93.65079365079364,0.09576138147566624,1
825,99.0,0.0,93.65079365079364,0.09576138147566624,1
826,99.0,0.0,93.65079365079364,0.09576138147566624,1
827,99.0,0.0,93.67588932806325,0.09582309582309487,1
828,99.0,0.0,93.67588932806325,0.09582309582309487,1
829,99.0,0.0,93.7007874015748,0.09588431590656266,1
830,99.0,0.0,93.72549019607843,0.09594504764015035,1
831,99.0,0.0,93.72549019607843,0.09594504764015035,1
832,99.0,0.0,93.72549019607843,0.09594504764015035,1
833,99.0,0.0,93.75,0.0960052968439638,1
834,99.0,0.0,93.77431906614785,0.09606506924598705,1
835,99.0,0.0,93.7984496124031,0.09612437048390604,1
836,99.0,0.0,93.7984496124031,0.09612437048390604,1
837,99.0,0.0,93.82239382239382,0.09618320610687016,1
838,99.0,0.0,93.82239382239382,0.09618320610687016,1
839,99.0,0.0,93.84615384615384,0.09624158157723199,1
840,99.0,0.0,93.86973180076629,0.09629950227223588,1
841,99.0,0.0,93.89312977099237,0.09635697348566467,1
842,99.0,0.0,93.89312977099237,0.09635697348566467,1
843,99.0,0.0,93.89312977099237,0.09635697348566467,1
844,99.0,0.0,93.5361216730038,0.08996539792387495,1
845,99.0,0.0,93.5361216730038,0.08996539792387495,1
846,99.0,0.0,93.56060606060606,0.09002433090024219,1
847,99.0,0.0,93.58490566037736,0.09008281155322088,1
848,99.0,0.0,93.60902255639097,0.09014084507042151,1
849,99.0,0.0,93.63295880149812,0.09019843656043124,1
850,99.0,0.0,93.65671641791045,0.09025559105431333,1
851,99.0,0.0,93.68029739776952,0.0903123135070624,1
852,99.0,0.0,93.68029739776952,0.0903123135070624,1
853,99.0,0.0,93.68029739776952,0.0903123135070624,1
854,99.0,0.0,93.68029739776952,0.0903123135070624,1
855,99.0,0.0,93.68029739776952,0.0903123135070624,1
856,99.0,0.0,93.68029739776952,0.0903123135070624,1
857,99.0,0.0,93.68029739776952,0.0903123135070624,1
858,99.0,0.0,93.68029739776952,0.0903123135070624,1
859,99.0,0.0,93.68029739776952,0.0903123135070624,1
860,99.0,0.0,93.68029739776952,0.0903123135070624,1
861,99.0,0.0,93.68029739776952,0.0903123135070624,1
862,99.0,0.0,93.68029739776952,0.0903123135070624,1
863,99.0,0.0,93.68029739776952,0.0903123135070624,1
864,99.0,0.0,93.68029739776952,0.0903123135070624,1
865,99.0,0.0,93.68029739776952,0.0903123135070624,1
866,99.0,0.0,93.68029739776952,0.0903123135070624,1
867,99.0,0.0,93.68029739776952,0.0903123135070624,1
868,99.0,0.0,93.68029739776952,0.0903123135070624,1
869,99.0,0.0,93.68029739776952,0.0903123135070624,1
870,99.0,0.0,93.68029739776952,0.0903123135070624,1
871,99.0,0.0,93.68029739776952,0.0903123135070624,1
872,99.0,0.0,93.68029739776952,0.0903123135070624,1
873,99.0,0.0,93.68029739776952,0.0903123135070624,1
874,99.0,0.0,93.7037037037037,0.0903686087990474,1
875,99.0,0.0,93.72693726937268,0.0904244817374125,1
876,99.0,0.0,93.75,0.09047993705743491,1
877,99.0,0.0,93.77289377289377,0.09053497942386768,1
878,99.0,0.0,93.7956204379562,0.09058961343225291,1
879,99.0,0.0,93.81818181818183,0.09064384361019343,1
880,99.0,0.0,93.84057971014492,0.09069767441860313,1
881,99.0,0.0,93.86281588447653,0.09075111025294451,1
882,99.0,0.0,93.88489208633094,0.09080415544440075,1
883,99.0,0.0,93.9068100358423,0.09085681426106872,1
884,99.0,0.0,93.92857142857143,0.09090909090909,1
885,99.0,0.0,93.95017793594306,0.09096098953377747,1
886,99.0,0.0,93.97163120567376,0.09101251422070403,1
887,99.0,0.0,93.99293286219081,0.09106366899678786,1
888,99.0,0.0,94.01408450704226,0.09111445783132498,1
889,99.0,0.0,94.03508771929825,0.09116488463702895,1
890,99.0,0.0,94.05594405594405,0.09121495327102774,1
891,99.0,0.0,94.07665505226481,0.09126466753585426,1
892,99.0,0.0,94.09722222222221,0.09131403118040012,1
893,99.0,0.0,93.77162629757785,0.08560379680084557,1
894,99.0,0.0,93.79310344827586,0.08565423016290036,1
895,99.0,0.0,93.81443298969072,0.08570431139814907,1
896,99.0,0.0,93.83561643835617,0.08575404418159618,1
897,99.0,0.0,93.85665529010238,0.08580343213728542,1
898,99.0,0.0,93.87755102040816,0.08585247883917944,1
899,99.0,0.0,93.89830508474576,0.08590118781201393,1
900,99.0,0.0,93.91891891891892,0.08594956253216743,1
901,99.0,0.0,93.93939393939394,0.08599760642845093,1
902,99.0,0.0,93.95973154362416,0.08604532288294378,1
903,99.0,0.0,93.95973154362416,0.08604532288294378,1
904,99.0,0.0,93.95973154362416,0.08604532288294378,1
905,99.0,0.0,93.95973154362416,0.08604532288294378,1
906,99.0,0.0,93.95973154362416,0.08604532288294378,1
907,99.0,0.0,93.95973154362416,0.08604532288294378,1
908,99.0,0.0,93.95973154362416,0.08604532288294378,1
909,99.0,0.0,93.95973154362416,0.08604532288294378,1
910,99.0,0.0,93.95973154362416,0.08604532288294378,1
911,99.0,0.0,93.95973154362416,0.08604532288294378,1
912,99.0,0.0,93.95973154362416,0.08604532288294378,1
913,99.0,0.0,93.95973154362416,0.08604532288294378,1
914,99.0,0.0,93.95973154362416,0.08604532288294378,1
915,99.0,0.0,93.95973154362416,0.08604532288294378,1
916,99.0,0.0,93.95973154362416,0.08604532288294378,1
917,99.0,0.0,93.95973154362416,0.08604532288294378,1
918,99.0,0.0,93.95973154362416,0.08604532288294378,1
919,99.0,0.0,93.95973154362416,0.08604532288294378,1
920,99.0,0.0,93.95973154362416,0.08604532288294378,1
921,99.0,0.0,93.95973154362416,0.08604532288294378,1
922,99.0,0.0,93.95973154362416,0.08604532288294378,1
923,99.0,0.0,93.95973154362416,0.08604532288294378,1
924,99.0,0.0,93.95973154362416,0.08604532288294378,1
925,99.0,0.0,93.95973154362416,0.08604532288294378,1
926,99.0,0.0,93.95973154362416,0.08604532288294378,1
927,99.0,0.0,93.95973154362416,0.08604532288294378,1
928,99.0,0.0,93.95973154362416,0.08604532288294378,1
929,99.0,0.0,93.95973154362416,0.08604532288294378,1
930,99.0,0.0,93.95973154362416,0.08604532288294378,1
931,99.0,0.0,93.95973154362416,0.08604532288294378,1
932,99.0,0.0,93.95973154362416,0.08604532288294378,1
933,99.0,0.0,93.95973154362416,0.08604532288294378,1
934,99.0,0.0,93.95973154362416,0.08604532288294378,1
935,99.0,0.0,93.95973154362416,0.08604532288294378,1
936,99.0,0.0,93.95973154362416,0.08604532288294378,1
937,99.0,0.0,93.95973154362416,0.08604532288294378,1
938,99.0,0.0,93.95973154362416,0.08604532288294378,1
939,99.0,0.0,93.95973154362416,0.08604532288294378,1
940,99.0,0.0,93.95973154362416,0.08604532288294378,1
941,99.0,0.0,93.95973154362416,0.08604532288294378,1
942,99.0,0.0,93.95973154362416,0.08604532288294378,1
943,99.0,0.0,93.95973154362416,0.08604532288294378,1
944,99.0,0.0,93.95973154362416,0.08604532288294378,1
945,99.0,0.0,93.95973154362416,0.08604532288294378,1
946,99.0,0.0,93.95973154362416,0.08604532288294378,1
947,99.0,0.0,93.95973154362416,0.08604532288294378,1
948,99.0,0.0,93.95973154362416,0.08604532288294378,1
949,99.0,0.0,93.95973154362416,0.08604532288294378,1
950,99.0,0.0,93.95973154362416,0.08604532288294378,1
951,99.0,0.0,93.95973154362416,0.08604532288294378,1
952,99.0,0.0,93.95973154362416,0.08604532288294378,1
953,99.0,0.0,93.95973154362416,0.08604532288294378,1
954,99.0,0.0,93.95973154362416,0.08604532288294378,1
955,99.0,0.0,93.95973154362416,0.08604532288294378,1
956,99.0,0.0,93.95973154362416,0.08604532288294378,1
957,99.0,0.0,93.95973154362416,0.08604532288294378,1
958,99.0,0.0,93.95973154362416,0.08604532288294378,1
959,99.0,0.0,93.95973154362416,0.08604532288294378,1
960,99.0,0.0,93.95973154362416,0.08604532288294378,1
961,99.0,0.0,93.95973154362416,0.08604532288294378,1
962,99.0,0.0,93.95973154362416,0.08604532288294378,1
963,99.0,0.0,93.95973154362416,0.08604532288294378,1
964,99.0,0.0,93.95973154362416,0.08604532288294378,1
965,99.0,0.0,93.95973154362416,0.08604532288294378,1
966,99.0,0.0,93.95973154362416,0.08604532288294378,1
967,99.0,0.0,93.95973154362416,0.08604532288294378,1
968,99.0,0.0,93.95973154362416,0.08604532288294378,1
969,99.0,0.0,93.95973154362416,0.08604532288294378,1
970,99.0,0.0,93.95973154362416,0.08604532288294378,1
971,99.0,0.0,93.95973154362416,0.08604532288294378,1
972,99.0,0.0,93.95973154362416,0.08604532288294378,1
973,99.0,0.0,93.95973154362416,0.08604532288294378,1
974,99.0,0.0,93.95973154362416,0.08604532288294378,1
975,99.0,0.0,93.95973154362416,0.08604532288294378,1
976,99.0,0.0,93.95973154362416,0.08604532288294378,1
977,99.0,0.0,93.95973154362416,0.08604532288294378,1
978,99.0,0.0,93.95973154362416,0.08604532288294378,1
979,99.0,0.0,93.95973154362416,0.08604532288294378,1
980,99.0,0.0,93.95973154362416,0.08604532288294378,1
981,99.0,0.0,93.95973154362416,0.08604532288294378,1
982,99.0,0.0,93.95973154362416,0.08604532288294378,1
983,99.0,0.0,93.95973154362416,0.08604532288294378,1
984,99.0,0.0,93.95973154362416,0.08604532288294378,1
985,99.0,0.0,93.95973154362416,0.08604532288294378,1
986,95.0,0.2732558139534886,93.9799331103679,0.08609271523178734,1
987,95.0,0.2732558139534886,93.9799331103679,0.08609271523178734,1
988,95.0,0.2732558139534886,93.9799331103679,0.08609271523178734,1
989,95.0,0.2732558139534886,93.9799331103679,0.08609271523178734,1
990,95.0,0.2732558139534886,93.9799331103679,0.08609271523178734,1
991,95.0,0.2732558139534886,93.9799331103679,0.08609271523178734,1
992,95.0,0.2732558139534886,94.0,0.08613978676594974,1
993,95.0,0.2732558139534886,94.01993355481729,0.08618654073199539,1
994,95.0,0.2732558139534886,94.03973509933775,0.08623298033282961,1
995,95.0,0.2732558139534886,94.03973509933775,0.08623298033282961,1
996,95.0,0.2732558139534886,94.03973509933775,0.08623298033282961,1
997,95.0,0.2732558139534886,94.03973509933775,0.08623298033282961,1
998,95.0,0.2732558139534886,94.03973509933775,0.08623298033282961,1
999,95.0,0.2732558139534886,94.03973509933775,0.08623298033282961,1
1000,95.0,0.2732558139534886,94.05940594059405,0.0862791087284277,1
1001,95.0,0.2732558139534886,94.05940594059405,0.0862791087284277,1
1002,95.0,0.2732558139534886,94.05940594059405,0.0862791087284277,1
1003,95.0,0.2732558139534886,94.05940594059405,0.0862791087284277,1
1004,95.0,0.2732558139534886,94.05940594059405,0.0862791087284277,1
1005,95.0,0.2732558139534886,94.05940594059405,0.0862791087284277,1
1006,95.0,0.2732558139534886,94.05940594059405,0.0862791087284277,1
1007,95.0,0.2732558139534886,94.05940594059405,0.0862791087284277,1
1008,95.0,0.2732558139534886,94.07894736842105,0.08632492903656704,1
1009,95.0,0.2732558139534886,94.07894736842105,0.08632492903656704,1
1010,95.0,0.2732558139534886,94.07894736842105,0.08632492903656704,1
1011,95.0,0.2732558139534886,94.07894736842105,0.08632492903656704,1
1012,95.0,0.2732558139534886,94.07894736842105,0.08632492903656704,1
1013,95.0,0.2732558139534886,94.09836065573771,0.08637044433350083,1
1014,95.0,0.2732558139534886,94.09836065573771,0.08637044433350083,1
1015,95.0,0.2732558139534886,94.09836065573771,0.08637044433350083,1
1016,95.0,0.2732558139534886,94.09836065573771,0.08637044433350083,1
1017,95.0,0.2732558139534886,94.09836065573771,0.08637044433350083,1
1018,95.0,0.2732558139534886,94.09836065573771,0.08637044433350083,1
1019,95.0,0.2732558139534886,94.09836065573771,0.08637044433350083,1
1020,95.0,0.2732558139534886,94.11764705882352,0.08641565765466919,1
1021,95.0,0.2732558139534886,94.13680781758957,0.086460571995371,1
1022,95.0,0.2732558139534886,94.13680781758957,0.086460571995371,1
1023,95.0,0.2732558139534886,93.83116883116884,0.08045254556882579,1
1024,95.0,0.2732558139534886,93.83116883116884,0.08045254556882579,1
1025,95.0,0.2732558139534886,93.83116883116884,0.08045254556882579,1
1026,95.0,0.2732558139534886,93.83116883116884,0.08045254556882579,1
1027,95.0,0.2732558139534886,93.83116883116884,0.08045254556882579,1
1028,95.0,0.2732558139534886,93.83116883116884,0.08045254556882579,1
1029,95.0,0.2732558139534886,93.83116883116884,0.08045254556882579,1
1030,95.0,0.2732558139534886,93.83116883116884,0.08045254556882579,1
1031,95.0,0.2732558139534886,93.85113268608414,0.08050117462803423,1
1032,95.0,0.2732558139534886,93.85113268608414,0.08050117462803423,1
1033,95.0,0.2732558139534886,93.85113268608414,0.08050117462803423,1
1034,95.0,0.2732558139534886,93.85113268608414,0.08050117462803423,1
1035,95.0,0.2732558139534886,93.85113268608414,0.08050117462803423,1
1036,95.0,0.2732558139534886,93.85113268608414,0.08050117462803423,1
1037,95.0,0.2732558139534886,93.85113268608414,0.08050117462803423,1
1038,95.0,0.2732558139534886,93.85113268608414,0.08050117462803423,1
1039,95.0,0.2732558139534886,93.85113268608414,0.08050117462803423,1
1040,95.0,0.2732558139534886,93.85113268608414,0.08050117462803423,1
1041,95.0,0.2732558139534886,93.85113268608414,0.08050117462803423,1
1042,95.0,0.2732558139534886,93.85113268608414,0.08050117462803423,1
1043,95.0,0.2732558139534886,93.85113268608414,0.08050117462803423,1
1044,95.0,0.2732558139534886,93.85113268608414,0.08050117462803423,1
1045,95.0,0.2732558139534886,93.85113268608414,0.08050117462803423,1
1046,95.0,0.2732558139534886,93.85113268608414,0.08050117462803423,1
1047,95.0,0.2732558139534886,93.85113268608414,0.08050117462803423,1
1048,95.0,0.2732558139534886,93.85113268608414,0.08050117462803423,1
1049,95.0,0.2732558139534886,93.85113268608414,0.08050117462803423,1
1050,95.0,0.2732558139534886,93.87096774193549,0.0805494848579463,1
1051,95.0,0.2732558139534886,93.87096774193549,0.0805494848579463,1
1052,95.0,0.2732558139534886,93.89067524115757,0.08059747938385041,1
1053,95.0,0.2732558139534886,93.91025641025641,0.08064516129032231,1
1054,95.0,0.2732558139534886,93.91025641025641,0.08064516129032231,1
1055,95.0,0.2732558139534886,93.91025641025641,0.08064516129032231,1
1056,95.0,0.2732558139534886,93.91025641025641,0.08064516129032231,1
1057,95.0,0.2732558139534886,93.91025641025641,0.08064516129032231,1
1058,95.0,0.2732558139534886,93.91025641025641,0.08064516129032231,1
1059,95.0,0.2732558139534886,93.9297124600639,0.08069253362188832,1
1060,95.0,0.2732558139534886,93.9297124600639,0.08069253362188832,1
1061,95.0,0.2732558139534886,93.9297124600639,0.08069253362188832,1
1062,95.0,0.2732558139534886,93.9297124600639,0.08069253362188832,1
1063,95.0,0.2732558139534886,93.9297124600639,0.08069253362188832,1
1064,95.0,0.2732558139534886,93.9297124600639,0.08069253362188832,1
1065,95.0,0.2732558139534886,93.9297124600639,0.08069253362188832,1
1066,95.0,0.2732558139534886,93.94904458598727,0.08073959938366676,1
1067,95.0,0.2732558139534886,93.94904458598727,0.08073959938366676,1
1068,95.0,0.2732558139534886,93.94904458598727,0.08073959938366676,1
1069,95.0,0.2732558139534886,93.94904458598727,0.08073959938366676,1
1070,95.0,0.2732558139534886,93.94904458598727,0.08073959938366676,1
1071,95.0,0.2732558139534886,93.94904458598727,0.08073959938366676,1
1072,95.0,0.2732558139534886,93.94904458598727,0.08073959938366676,1
1073,95.0,0.2732558139534886,93.94904458598727,0.08073959938366676,1
1074,95.0,0.2732558139534886,93.94904458598727,0.08073959938366676,1
1075,95.0,0.2732558139534886,93.94904458598727,0.08073959938366676,1
1076,95.0,0.2732558139534886,93.94904458598727,0.08073959938366676,1
1077,95.0,0.2732558139534886,93.94904458598727,0.08073959938366676,1
1078,95.0,0.2732558139534886,93.94904458598727,0.08073959938366676,1
1079,95.0,0.2732558139534886,93.96825396825396,0.08078636154200616,1
1080,95.0,0.2732558139534886,93.9873417721519,0.08083282302510694,1
1081,95.0,0.2732558139534886,93.9873417721519,0.08083282302510694,1
1082,95.0,0.2732558139534886,93.9873417721519,0.08083282302510694,1
1083,95.0,0.2732558139534886,93.9873417721519,0.08083282302510694,1
1084,95.0,0.2732558139534886,93.9873417721519,0.08083282302510694,1
1085,95.0,0.2732558139534886,93.9873417721519,0.08083282302510694,1
1086,95.0,0.2732558139534886,93.9873417721519,0.08083282302510694,1
1087,95.0,0.2732558139534886,93.9873417721519,0.08083282302510694,1
1088,95.0,0.2732558139534886,93.9873417721519,0.08083282302510694,1
1089,95.0,0.2732558139534886,93.9873417721519,0.08083282302510694,1
1090,95.0,0.2732558139534886,94.00630914826499,0.08087898672363797,1
1091,95.0,0.2732558139534886,94.0251572327044,0.08092485549132884,1
1092,95.0,0.2732558139534886,94.04388714733543,0.08097043214556521,1
1093,95.0,0.2732558139534886,94.04388714733543,0.08097043214556521,1
1094,95.0,0.2732558139534886,94.04388714733543,0.08097043214556521,1
1095,95.0,0.2732558139534886,94.04388714733543,0.08097043214556521,1
1096,95.0,0.2732558139534886,94.04388714733543,0.08097043214556521,1
1097,95.0,0.2732558139534886,94.0625,0.0810157194679583,1
1098,95.0,0.2732558139534886,94.0625,0.0810157194679583,1
1099,95.0,0.2732558139534886,94.0625,0.0810157194679583,1
1100,95.0,0.2732558139534886,94.0809968847352,0.0810607202049111,1
1101,95.0,0.2732558139534886,94.0809968847352,0.0810607202049111,1
1102,95.0,0.2732558139534886,94.0809968847352,0.0810607202049111,1
1103,95.0,0.2732558139534886,94.0809968847352,0.0810607202049111,1
1104,95.0,0.2732558139534886,94.09937888198758,0.08110543706819091,1
1105,95.0,0.2732558139534886,94.11764705882352,0.0811498727354381,1
1106,95.0,0.2732558139534886,94.11764705882352,0.0811498727354381,1
1107,95.0,0.2732558139534886,94.11764705882352,0.0811498727354381,1
1108,95.0,0.2732558139534886,94.11764705882352,0.0811498727354381,1
1109,95.0,0.2732558139534886,94.11764705882352,0.0811498727354381,1
1110,95.0,0.2732558139534886,94.1358024691358,0.08119402985074566,1
1111,95.0,0.2732558139534886,94.15384615384616,0.08123791102514573,1
1112,95.0,0.2732558139534886,94.15384615384616,0.08123791102514573,1
1113,95.0,0.2732558139534886,94.15384615384616,0.08123791102514573,1
1114,95.0,0.2732558139534886,94.15384615384616,0.08123791102514573,1
1115,95.0,0.2732558139534886,94.15384615384616,0.08123791102514573,1
1116,95.0,0.2732558139534886,94.15384615384616,0.08123791102514573,1
1117,95.0,0.2732558139534886,94.15384615384616,0.08123791102514573,1
1118,95.0,0.2732558139534886,94.15384615384616,0.08123791102514573,1
1119,95.0,0.2732558139534886,94.15384615384616,0.08123791102514573,1
1120,95.0,0.2732558139534886,94.1717791411043,0.08128151883714016,1
1121,95.0,0.2732558139534886,94.18960244648318,0.08132485583321117,1
1122,95.0,0.2732558139534886,94.18960244648318,0.08132485583321117,1
1123,95.0,0.2732558139534886,94.18960244648318,0.08132485583321117,1
1124,95.0,0.2732558139534886,94.18960244648318,0.08132485583321117,1
1125,95.0,0.2732558139534886,94.18960244648318,0.08132485583321117,1
1126,95.0,0.2732558139534886,94.18960244648318,0.08132485583321117,1
1127,95.0,0.2732558139534886,94.20731707317073,0.0813679245283013,1
1128,95.0,0.2732558139534886,94.22492401215806,0.0814107274063181,1
1129,95.0,0.2732558139534886,94.22492401215806,0.0814107274063181,1
1130,95.0,0.2732558139534886,94.22492401215806,0.0814107274063181,1
1131,95.0,0.2732558139534886,94.24242424242424,0.08145326692059845,1
1132,95.0,0.2732558139534886,94.25981873111783,0.08149554549437799,1
1133,95.0,0.2732558139534886,94.25981873111783,0.08149554549437799,1
1134,95.0,0.2732558139534886,94.27710843373494,0.08153756552125682,1
1135,95.0,0.2732558139534886,94.27710843373494,0.08153756552125682,1
1136,95.0,0.2732558139534886,94.27710843373494,0.08153756552125682,1
1137,95.0,0.2732558139534886,94.29429429429429,0.08157932936565515,1
1138,95.0,0.2732558139534886,94.311377245509,0.08162083936324255,1
1139,95.0,0.2732558139534886,94.32835820895522,0.08166209782138063,1
1140,95.0,0.2732558139534886,94.34523809523809,0.08170310701956218,1
1141,95.0,0.2732558139534886,94.34523809523809,0.08170310701956218,1
1142,95.0,0.2732558139534886,94.34523809523809,0.08170310701956218,1
1143,95.0,0.2732558139534886,94.34523809523809,0.08170310701956218,1
1144,95.0,0.2732558139534886,94.34523809523809,0.08170310701956218,1
1145,95.0,0.2732558139534886,94.34523809523809,0.08170310701956218,1
1146,95.0,0.2732558139534886,94.34523809523809,0.08170310701956218,1
1147,95.0,0.2732558139534886,94.34523809523809,0.08170310701956218,1
1148,95.0,0.2732558139534886,94.34523809523809,0.08170310701956218,1
1149,95.0,0.2732558139534886,94.3620178041543,0.0817438692098113,1
1150,95.0,0.2732558139534886,94.37869822485207,0.08178438661710094,1
1151,95.0,0.2732558139534886,94.37869822485207,0.08178438661710094,1
1152,95.0,0.2732558139534886,94.37869822485207,0.08178438661710094,1
1153,95.0,0.2732558139534886,94.37869822485207,0.08178438661710094,1
1154,95.0,0.2732558139534886,94.37869822485207,0.08178438661710094,1
1155,95.0,0.2732558139534886,94.37869822485207,0.08178438661710094,1
1156,95.0,0.2732558139534886,94.37869822485207,0.08178438661710094,1
1157,95.0,0.2732558139534886,94.37869822485207,0.08178438661710094,1
1158,95.0,0.2732558139534886,94.37869822485207,0.08178438661710094,1
1159,95.0,0.2732558139534886,94.3952802359882,0.08182466143977228,1
1160,95.0,0.2732558139534886,94.41176470588235,0.0818646958499145,1
1161,95.0,0.2732558139534886,94.41176470588235,0.0818646958499145,1
1162,95.0,0.2732558139534886,94.41176470588235,0.0818646958499145,1
1163,95.0,0.2732558139534886,94.41176470588235,0.0818646958499145,1
1164,95.0,0.2732558139534886,94.42815249266863,0.08190449199376439,1
1165,95.0,0.2732558139534886,94.44444444444444,0.08194405199208667,1
1166,95.0,0.2732558139534886,94.46064139941691,0.08198337794055537,1
1167,95.0,0.2732558139534886,94.47674418604652,0.082022471910112,1
1168,95.0,0.2732558139534886,94.4927536231884,0.08206133594734723,1
1169,95.0,0.2732558139534886,94.4927536231884,0.08206133594734723,1
1170,95.0,0.2732558139534886,94.4927536231884,0.08206133594734723,1
1171,95.0,0.2732558139534886,94.4927536231884,0.08206133594734723,1
1172,95.0,0.2732558139534886,94.4927536231884,0.08206133594734723,1
1173,95.0,0.2732558139534886,94.4927536231884,0.08206133594734723,1
1174,95.0,0.2732558139534886,94.4927536231884,0.08206133594734723,1
1175,95.0,0.2732558139534886,94.4927536231884,0.08206133594734723,1
1176,95.0,0.2732558139534886,94.50867052023122,0.08209997207484018,1
1177,95.0,0.2732558139534886,94.52449567723343,0.08213838229152115,1
1178,95.0,0.2732558139534886,94.52449567723343,0.08213838229152115,1
1179,95.0,0.2732558139534886,94.52449567723343,0.08213838229152115,1
1180,95.0,0.2732558139534886,94.52449567723343,0.08213838229152115,1
1181,95.0,0.2732558139534886,94.52449567723343,0.08213838229152115,1
1182,95.0,0.2732558139534886,94.52449567723343,0.08213838229152115,1
1183,95.0,0.2732558139534886,94.52449567723343,0.08213838229152115,1
1184,95.0,0.2732558139534886,94.52449567723343,0.08213838229152115,1
1185,95.0,0.2732558139534886,94.52449567723343,0.08213838229152115,1
1186,95.0,0.2732558139534886,94.52449567723343,0.08213838229152115,1
1187,95.0,0.2732558139534886,94.52449567723343,0.08213838229152115,1
1188,95.0,0.2732558139534886,94.52449567723343,0.08213838229152115,1
1189,95.0,0.2732558139534886,94.52449567723343,0.08213838229152115,1
1190,95.0,0.2732558139534886,94.54022988505747,0.08217656857301335,1
1191,95.0,0.2732558139534886,94.55587392550143,0.08221453287197258,1
1192,95.0,0.2732558139534886,94.57142857142857,0.0822522771184115,1
1193,95.0,0.2732558139534886,94.30199430199431,0.07692307692307858,1
1194,95.0,0.2732558139534886,94.30199430199431,0.07692307692307858,1
1195,95.0,0.2732558139534886,94.30199430199431,0.07692307692307858,1
1196,95.0,0.2732558139534886,94.30199430199431,0.07692307692307858,1
1197,95.0,0.2732558139534886,94.30199430199431,0.07692307692307858,1
1198,95.0,0.2732558139534886,94.30199430199431,0.07692307692307858,1
1199,95.0,0.2732558139534886,94.31818181818183,0.076963419430969,1
1200,95.0,0.2732558139534886,94.05099150141642,0.11029764762361931,1
1201,95.0,0.2732558139534886,94.0677966101695,0.1103398755385348,1
1202,95.0,0.2732558139534886,93.80281690140845,0.10446049764935099,1
1203,95.0,0.2732558139534886,93.82022471910112,0.10450491653327147,1
1204,95.0,0.2732558139534886,93.82022471910112,0.10450491653327147,1
1205,95.0,0.2732558139534886,93.82022471910112,0.10450491653327147,1
1206,95.0,0.2732558139534886,93.82022471910112,0.10450491653327147,1
1207,95.0,0.2732558139534886,93.82022471910112,0.10450491653327147,1
1208,95.0,0.2732558139534886,93.82022471910112,0.10450491653327147,1
1209,95.0,0.2732558139534886,93.82022471910112,0.10450491653327147,1
1210,95.0,0.2732558139534886,93.82022471910112,0.10450491653327147,1
1211,95.0,0.2732558139534886,93.82022471910112,0.10450491653327147,1
1212,95.0,0.2732558139534886,93.82022471910112,0.10450491653327147,1
1213,95.0,0.2732558139534886,93.82022471910112,0.10450491653327147,1
1214,95.0,0.2732558139534886,93.82022471910112,0.10450491653327147,1
1215,95.0,0.2732558139534886,93.8375350140056,0.10454908220271256,1
1216,95.0,0.2732558139534886,93.8375350140056,0.10454908220271256,1
1217,95.0,0.2732558139534886,93.8375350140056,0.10454908220271256,1
1218,95.0,0.2732558139534886,93.8375350140056,0.10454908220271256,1
1219,95.0,0.2732558139534886,93.8375350140056,0.10454908220271256,1
1220,95.0,0.2732558139534886,93.85474860335195,0.10459299681673537,1
1221,95.0,0.2732558139534886,93.87186629526462,0.10463666250991902,1
1222,95.0,0.2732558139534886,93.87186629526462,0.10463666250991902,1
1223,95.0,0.2732558139534886,93.87186629526462,0.10463666250991902,1
1224,95.0,0.2732558139534886,93.88888888888889,0.1046800813927193,1
1225,95.0,0.2732558139534886,93.88888888888889,0.1046800813927193,1
1226,95.0,0.2732558139534886,93.88888888888889,0.1046800813927193,1
1227,95.0,0.2732558139534886,93.88888888888889,0.1046800813927193,1
1228,95.0,0.2732558139534886,93.88888888888889,0.1046800813927193,1
1229,95.0,0.2732558139534886,93.88888888888889,0.1046800813927193,1
1230,95.0,0.2732558139534886,93.88888888888889,0.1046800813927193,1
1231,95.0,0.2732558139534886,93.88888888888889,0.1046800813927193,1
1232,95.0,0.2732558139534886,93.88888888888889,0.1046800813927193,1
1233,95.0,0.2732558139534886,93.88888888888889,0.1046800813927193,1
1234,95.0,0.2732558139534886,93.88888888888889,0.1046800813927193,1
1235,95.0,0.2732558139534886,93.88888888888889,0.1046800813927193,1
1236,95.0,0.2732558139534886,93.88888888888889,0.1046800813927193,1
1237,95.0,0.2732558139534886,93.90581717451524,0.10472325555179791,1
1238,95.0,0.2732558139534886,93.92265193370166,0.1047661870503605,1
1239,95.0,0.2732558139534886,93.92265193370166,0.1047661870503605,1
1240,95.0,0.2732558139534886,93.92265193370166,0.1047661870503605,1
1241,95.0,0.2732558139534886,93.92265193370166,0.1047661870503605,1
1242,95.0,0.2732558139534886,93.92265193370166,0.1047661870503605,1
1243,95.0,0.2732558139534886,93.92265193370166,0.1047661870503605,1
1244,95.0,0.2732558139534886,93.93939393939394,0.10480887792848323,1
1245,95.0,0.2732558139534886,93.93939393939394,0.10480887792848323,1
1246,95.0,0.2732558139534886,93.93939393939394,0.10480887792848323,1
1247,95.0,0.2732558139534886,93.95604395604396,0.10485133020344288,1
1248,95.0,0.2732558139534886,93.95604395604396,0.10485133020344288,1
1249,95.0,0.2732558139534886,93.97260273972603,0.10489354587002465,1
1250,95.0,0.2732558139534886,93.98907103825137,0.10493552690084652,1
1251,95.0,0.2732558139534886,93.98907103825137,0.10493552690084652,1
1252,95.0,0.2732558139534886,93.98907103825137,0.10493552690084652,1
1253,95.0,0.2732558139534886,93.98907103825137,0.10493552690084652,1
1254,95.0,0.2732558139534886,93.98907103825137,0.10493552690084652,1
1255,95.0,0.2732558139534886,93.98907103825137,0.10493552690084652,1
1256,95.0,0.2732558139534886,93.98907103825137,0.10493552690084652,1
1257,95.0,0.2732558139534886,93.98907103825137,0.10493552690084652,1
1258,95.0,0.2732558139534886,94.00544959128065,0.10497727524664664,1
1259,95.0,0.2732558139534886,94.02173913043478,0.10501879283661088,1
1260,95.0,0.2732558139534886,94.03794037940379,0.10506008157865718,1
1261,95.0,0.2732558139534886,94.05405405405406,0.10510114335971878,1
1262,95.0,0.2732558139534886,94.07008086253369,0.1051419800460462,1
1263,95.0,0.2732558139534886,94.08602150537635,0.10518259348348934,1
1264,95.0,0.2732558139534886,94.10187667560321,0.10522298549776413,1
1265,95.0,0.2732558139534886,94.10187667560321,0.10522298549776413,1
1266,95.0,0.2732558139534886,94.10187667560321,0.10522298549776413,1
1267,95.0,0.2732558139534886,94.10187667560321,0.10522298549776413,1
1268,95.0,0.2732558139534886,94.10187667560321,0.10522298549776413,1
1269,95.0,0.2732558139534886,94.10187667560321,0.10522298549776413,1
1270,95.0,0.2732558139534886,94.10187667560321,0.10522298549776413,1
1271,95.0,0.2732558139534886,94.10187667560321,0.10522298549776413,1
1272,95.0,0.2732558139534886,94.10187667560321,0.10522298549776413,1
1273,95.0,0.2732558139534886,94.11764705882352,0.10526315789473677,1
1274,95.0,0.2732558139534886,94.11764705882352,0.10526315789473677,1
1275,95.0,0.2732558139534886,94.11764705882352,0.10526315789473677,1
1276,95.0,0.2732558139534886,94.11764705882352,0.10526315789473677,1
1277,95.0,0.2732558139534886,94.11764705882352,0.10526315789473677,1
1278,95.0,0.2732558139534886,94.11764705882352,0.10526315789473677,1
1279,95.0,0.2732558139534886,94.11764705882352,0.10526315789473677,1
1280,95.0,0.2732558139534886,94.13333333333334,0.10530311246068706,1
1281,95.0,0.2732558139534886,94.14893617021278,0.10534285096258071,1
1282,95.0,0.2732558139534886,94.16445623342176,0.10538237514831245,1
1283,95.0,0.2732558139534886,94.16445623342176,0.10538237514831245,1
1284,95.0,0.2732558139534886,94.16445623342176,0.10538237514831245,1
1285,95.0,0.2732558139534886,94.16445623342176,0.10538237514831245,1
1286,95.0,0.2732558139534886,94.16445623342176,0.10538237514831245,1
1287,95.0,0.2732558139534886,94.16445623342176,0.10538237514831245,1
1288,95.0,0.2732558139534886,94.17989417989418,0.10542168674698794,1
1289,95.0,0.2732558139534886,94.1952506596306,0.10546078746915397,1
1290,95.0,0.2732558139534886,94.21052631578948,0.10549967900706271,1
1291,95.0,0.2732558139534886,94.21052631578948,0.10549967900706271,1
1292,95.0,0.2732558139534886,94.21052631578948,0.10549967900706271,1
1293,95.0,0.2732558139534886,94.21052631578948,0.10549967900706271,1
1294,95.0,0.2732558139534886,94.21052631578948,0.10549967900706271,1
1295,95.0,0.2732558139534886,94.21052631578948,0.10549967900706271,1
1296,95.0,0.2732558139534886,94.21052631578948,0.10549967900706271,1
1297,95.0,0.2732558139534886,94.21052631578948,0.10549967900706271,1
1298,95.0,0.2732558139534886,94.21052631578948,0.10549967900706271,1
1299,95.0,0.2732558139534886,94.21052631578948,0.10549967900706271,1
1300,95.0,0.2732558139534886,94.21052631578948,0.10549967900706271,1
1301,95.0,0.2732558139534886,94.21052631578948,0.10549967900706271,1
1302,95.0,0.2732558139534886,94.21052631578948,0.10549967900706271,1
1303,95.0,0.2732558139534886,94.21052631578948,0.10549967900706271,1
1304,95.0,0.2732558139534886,94.21052631578948,0.10549967900706271,1
1305,95.0,0.2732558139534886,94.21052631578948,0.10549967900706271,1
1306,95.0,0.2732558139534886,94.21052631578948,0.10549967900706271,1
1307,95.0,0.2732558139534886,94.22572178477691,0.10553836303489542,1
1308,95.0,0.2732558139534886,94.24083769633508,0.10557684120902382,1
1309,95.0,0.2732558139534886,94.24083769633508,0.10557684120902382,1
1310,95.0,0.2732558139534886,94.24083769633508,0.10557684120902382,1
1311,95.0,0.2732558139534886,94.24083769633508,0.10557684120902382,1
1312,95.0,0.2732558139534886,94.24083769633508,0.10557684120902382,1
1313,95.0,0.2732558139534886,94.25587467362925,0.10561511516824107,1
1314,95.0,0.2732558139534886,94.25587467362925,0.10561511516824107,1
1315,95.0,0.2732558139534886,94.25587467362925,0.10561511516824107,1
1316,95.0,0.2732558139534886,94.25587467362925,0.10561511516824107,1
1317,95.0,0.2732558139534886,94.27083333333334,0.10565318653398408,1
1318,95.0,0.2732558139534886,94.27083333333334,0.10565318653398408,1
1319,95.0,0.2732558139534886,94.27083333333334,0.10565318653398408,1
1320,95.0,0.2732558139534886,94.27083333333334,0.10565318653398408,1
1321,95.0,0.2732558139534886,94.27083333333334,0.10565318653398408,1
1322,95.0,0.2732558139534886,94.27083333333334,0.10565318653398408,1
1323,95.0,0.2732558139534886,94.27083333333334,0.10565318653398408,1
1324,95.0,0.2732558139534886,94.27083333333334,0.10565318653398408,1
1325,95.0,0.2732558139534886,94.27083333333334,0.10565318653398408,1
1326,95.0,0.2732558139534886,94.27083333333334,0.10565318653398408,1
1327,95.0,0.2732558139534886,94.27083333333334,0.10565318653398408,1
1328,95.0,0.2732558139534886,94.27083333333334,0.10565318653398408,1
1329,95.0,0.2732558139534886,94.27083333333334,0.10565318653398408,1
1330,95.0,0.2732558139534886,94.27083333333334,0.10565318653398408,1
1331,95.0,0.2732558139534886,94.27083333333334,0.10565318653398408,1
1332,95.0,0.2732558139534886,94.27083333333334,0.10565318653398408,1
1333,95.0,0.2732558139534886,94.28571428571428,0.10569105691056879,1
1334,95.0,0.2732558139534886,94.28571428571428,0.10569105691056879,1
1335,95.0,0.2732558139534886,94.28571428571428,0.10569105691056879,1
1336,95.0,0.2732558139534886,94.28571428571428,0.10569105691056879,1
1337,95.0,0.2732558139534886,94.28571428571428,0.10569105691056879,1
1338,95.0,0.2732558139534886,94.28571428571428,0.10569105691056879,1
1339,95.0,0.2732558139534886,94.28571428571428,0.10569105691056879,1
1340,95.0,0.2732558139534886,94.28571428571428,0.10569105691056879,1
1341,95.0,0.2732558139534886,94.28571428571428,0.10569105691056879,1
1342,95.0,0.2732558139534886,94.28571428571428,0.10569105691056879,1
1343,95.0,0.2732558139534886,94.28571428571428,0.10569105691056879,1
1344,95.0,0.2732558139534886,94.28571428571428,0.10569105691056879,1
1345,95.0,0.2732558139534886,94.28571428571428,0.10569105691056879,1
1346,95.0,0.2732558139534886,94.28571428571428,0.10569105691056879,1
1347,95.0,0.2732558139534886,94.28571428571428,0.10569105691056879,1
1348,95.0,0.2732558139534886,94.28571428571428,0.10569105691056879,1
1349,95.0,0.2732558139534886,94.28571428571428,0.10569105691056879,1
1350,95.0,0.2732558139534886,94.28571428571428,0.10569105691056879,1
1351,95.0,0.2732558139534886,94.28571428571428,0.10569105691056879,1
1352,95.0,0.2732558139534886,94.28571428571428,0.10569105691056879,1
1353,95.0,0.2732558139534886,94.28571428571428,0.10569105691056879,1
1354,95.0,0.2732558139534886,94.28571428571428,0.10569105691056879,1
1355,95.0,0.2732558139534886,94.28571428571428,0.10569105691056879,1
1356,95.0,0.2732558139534886,94.28571428571428,0.10569105691056879,1
1357,95.0,0.2732558139534886,94.28571428571428,0.10569105691056879,1
1358,95.0,0.2732558139534886,94.28571428571428,0.10569105691056879,1
1359,95.0,0.2732558139534886,94.28571428571428,0.10569105691056879,1
1360,95.0,0.2732558139534886,94.30051813471503,0.10572872788542584,1
1361,95.0,0.2732558139534886,94.31524547803618,0.10576620102930417,1
1362,95.0,0.2732558139534886,94.3298969072165,0.10580347789649998,1
1363,95.0,0.2732558139534886,94.34447300771208,0.10584056002507455,1
1364,95.0,0.2732558139534886,94.34447300771208,0.10584056002507455,1
1365,95.0,0.2732558139534886,94.35897435897435,0.10587744893705628,1
1366,95.0,0.2732558139534886,94.37340153452686,0.105914146138655,1
1367,95.0,0.2732558139534886,94.37340153452686,0.105914146138655,1
1368,95.0,0.2732558139534886,94.37340153452686,0.105914146138655,1
1369,95.0,0.2732558139534886,94.37340153452686,0.105914146138655,1
1370,95.0,0.2732558139534886,94.38775510204081,0.10595065312046367,1
1371,95.0,0.2732558139534886,94.38775510204081,0.10595065312046367,1
1372,95.0,0.2732558139534886,94.38775510204081,0.10595065312046367,1
1373,95.0,0.2732558139534886,94.38775510204081,0.10595065312046367,1
1374,95.0,0.2732558139534886,94.40203562340967,0.10598697135766773,1
1375,95.0,0.2732558139534886,94.40203562340967,0.10598697135766773,1
1376,95.0,0.2732558139534886,94.40203562340967,0.10598697135766773,1
1377,95.0,0.2732558139534886,94.40203562340967,0.10598697135766773,1
1378,95.0,0.2732558139534886,94.41624365482234,0.1060231023102317,1
1379,95.0,0.2732558139534886,94.41624365482234,0.1060231023102317,1
1380,95.0,0.2732558139534886,94.41624365482234,0.1060231023102317,1
1381,95.0,0.2732558139534886,94.41624365482234,0.1060231023102317,1
1382,95.0,0.2732558139534886,94.41624365482234,0.1060231023102317,1
1383,95.0,0.2732558139534886,94.43037974683544,0.10605904742310517,1
1384,95.0,0.2732558139534886,94.44444444444444,0.10609480812641137,1
1385,95.0,0.2732558139534886,94.44444444444444,0.10609480812641137,1
1386,95.0,0.2732558139534886,94.44444444444444,0.10609480812641137,1
1387,95.0,0.2732558139534886,94.44444444444444,0.10609480812641137,1
1388,95.0,0.2732558139534886,94.45843828715365,0.10613038583563675,1
1389,95.0,0.2732558139534886,94.47236180904522,0.10616578195181735,1
1390,96.0,0.1935483870967749,94.48621553884712,0.10620099786172627,1
1391,96.0,0.1935483870967749,94.5,0.10623603493804543,1
1392,96.0,0.1935483870967749,94.5,0.10623603493804543,1
1393,96.0,0.1935483870967749,94.5,0.10623603493804543,1
1394,96.0,0.1935483870967749,94.5,0.10623603493804543,1
1395,96.0,0.1935483870967749,94.5,0.10623603493804543,1
1396,96.0,0.1935483870967749,94.51371571072319,0.10627089453955943,1
1397,96.0,0.1935483870967749,94.5273631840796,0.10630557801131847,1
1398,96.0,0.1935483870967749,94.5273631840796,0.10630557801131847,1
1399,96.0,0.1935483870967749,94.5273631840796,0.10630557801131847,1
1400,96.0,0.1935483870967749,94.54094292803971,0.10634008668481082,1
1401,96.0,0.1935483870967749,94.54094292803971,0.10634008668481082,1
1402,96.0,0.1935483870967749,94.54094292803971,0.10634008668481082,1
1403,96.0,0.1935483870967749,94.54094292803971,0.10634008668481082,1
1404,96.0,0.1935483870967749,94.54094292803971,0.10634008668481082,1
1405,96.0,0.1935483870967749,94.54094292803971,0.10634008668481082,1
1406,96.0,0.1935483870967749,94.54094292803971,0.10634008668481082,1
1407,96.0,0.1935483870967749,94.54094292803971,0.10634008668481082,1
1408,96.0,0.1935483870967749,94.54094292803971,0.10634008668481082,1
1409,96.0,0.1935483870967749,94.54094292803971,0.10634008668481082,1
1410,96.0,0.1935483870967749,94.54094292803971,0.10634008668481082,1
1411,96.0,0.1935483870967749,94.54094292803971,0.10634008668481082,1
1412,96.0,0.1935483870967749,94.55445544554455,0.10637442187814186,1
1413,96.0,0.1935483870967749,94.5679012345679,0.10640858489619738,1
1414,96.0,0.1935483870967749,94.58128078817734,0.10644257703081106,1
1415,96.0,0.1935483870967749,94.5945945945946,0.10647639956092082,1
1416,96.0,0.1935483870967749,94.6078431372549,0.10651005375273752,1
1417,96.0,0.1935483870967749,94.62102689486552,0.10654354085989384,1
1418,96.0,0.1935483870967749,94.6341463414634,0.10657686212361259,1
1419,96.0,0.1935483870967749,94.64720194647201,0.10661001877284658,1
1420,96.0,0.1935483870967749,94.66019417475728,0.1066430120244436,1
1421,96.0,0.1935483870967749,94.67312348668281,0.10667584308327531,1
1422,96.0,0.1935483870967749,94.68599033816425,0.1067085131424097,1
1423,96.0,0.1935483870967749,94.6987951807229,0.10674102338323287,1
1424,96.0,0.1935483870967749,94.71153846153845,0.10677337497560047,1
1425,96.0,0.1935483870967749,94.7242206235012,0.10680556907798602,1
1426,96.0,0.1935483870967749,94.73684210526315,0.10683760683760476,1
1427,96.0,0.1935483870967749,94.74940334128878,0.10686948939056423,1
1428,96.0,0.1935483870967749,94.76190476190476,0.10690121786197457,1
1429,96.0,0.1935483870967749,94.77434679334917,0.1069327933661169,1
1430,96.0,0.1935483870967749,94.7867298578199,0.10696421700654185,1
1431,96.0,0.1935483870967749,94.79905437352247,0.10699548987621302,1
1432,96.0,0.1935483870967749,94.81132075471697,0.10702661305762869,1
1433,96.0,0.1935483870967749,94.82352941176471,0.1070575876229589,1
1434,96.0,0.1935483870967749,94.83568075117371,0.10708841463414732,1
1435,96.0,0.1935483870967749,94.84777517564403,0.10711909514304903,1
1436,96.0,0.1935483870967749,94.85981308411215,0.10714963019154101,1
1437,96.0,0.1935483870967749,94.87179487179486,0.10718002081165343,1
1438,96.0,0.1935483870967749,94.88372093023256,0.10721026802567002,1
1439,96.0,0.1935483870967749,94.89559164733178,0.10724037284624702,1
1440,96.0,0.1935483870967749,94.9074074074074,0.10727033627653478,1
1441,96.0,0.1935483870967749,94.91916859122402,0.10730015931027996,1
1442,96.0,0.1935483870967749,94.93087557603687,0.10732984293193613,1
1443,96.0,0.1935483870967749,94.94252873563218,0.10735938811677949,1
1444,96.0,0.1935483870967749,94.95412844036697,0.10738879583100693,1
1445,96.0,0.1935483870967749,94.95412844036697,0.10738879583100693,1
1446,96.0,0.1935483870967749,94.95412844036697,0.10738879583100693,1
1447,96.0,0.1935483870967749,94.95412844036697,0.10738879583100693,1
1448,96.0,0.1935483870967749,94.95412844036697,0.10738879583100693,1
1449,96.0,0.1935483870967749,94.95412844036697,0.10738879583100693,1
1450,96.0,0.1935483870967749,94.95412844036697,0.10738879583100693,1
1451,96.0,0.1935483870967749,94.95412844036697,0.10738879583100693,1
1452,96.0,0.1935483870967749,94.95412844036697,0.10738879583100693,1
1453,96.0,0.1935483870967749,94.95412844036697,0.10738879583100693,1
1454,96.0,0.1935483870967749,94.95412844036697,0.10738879583100693,1
1455,96.0,0.1935483870967749,94.95412844036697,0.10738879583100693,1
1456,96.0,0.1935483870967749,94.95412844036697,0.10738879583100693,1
1457,96.0,0.1935483870967749,94.95412844036697,0.10738879583100693,1
1458,96.0,0.1935483870967749,94.95412844036697,0.10738879583100693,1
1459,96.0,0.1935483870967749,94.95412844036697,0.10738879583100693,1
1460,96.0,0.1935483870967749,94.95412844036697,0.10738879583100693,1
1461,96.0,0.1935483870967749,94.95412844036697,0.10738879583100693,1
1462,96.0,0.1935483870967749,94.95412844036697,0.10738879583100693,1
1463,96.0,0.1935483870967749,94.95412844036697,0.10738879583100693,1
1464,96.0,0.1935483870967749,94.95412844036697,0.10738879583100693,1
1465,96.0,0.1935483870967749,94.95412844036697,0.10738879583100693,1
1466,96.0,0.1935483870967749,94.95412844036697,0.10738879583100693,1
1467,96.0,0.1935483870967749,94.95412844036697,0.10738879583100693,1
1468,96.0,0.1935483870967749,94.95412844036697,0.10738879583100693,1
1469,96.0,0.1935483870967749,94.95412844036697,0.10738879583100693,1
1470,96.0,0.1935483870967749,94.95412844036697,0.10738879583100693,1
1471,96.0,0.1935483870967749,94.95412844036697,0.10738879583100693,1
1472,96.0,0.1935483870967749,94.95412844036697,0.10738879583100693,1
1473,96.0,0.1935483870967749,94.95412844036697,0.10738879583100693,1
1474,96.0,0.1935483870967749,94.95412844036697,0.10738879583100693,1
1475,96.0,0.1935483870967749,94.95412844036697,0.10738879583100693,1
1476,96.0,0.1935483870967749,94.95412844036697,0.10738879583100693,1
1477,96.0,0.1935483870967749,94.95412844036697,0.10738879583100693,1
1478,96.0,0.1935483870967749,94.95412844036697,0.10738879583100693,1
1479,96.0,0.1935483870967749,94.95412844036697,0.10738879583100693,1
1480,96.0,0.1935483870967749,94.95412844036697,0.10738879583100693,1
1481,96.0,0.1935483870967749,94.95412844036697,0.10738879583100693,1
1482,96.0,0.1935483870967749,94.95412844036697,0.10738879583100693,1
1483,96.0,0.1935483870967749,94.95412844036697,0.10738879583100693,1
1484,96.0,0.1935483870967749,94.95412844036697,0.10738879583100693,1
1485,96.0,0.1935483870967749,94.95412844036697,0.10738879583100693,1
1486,96.0,0.1935483870967749,94.95412844036697,0.10738879583100693,1
1487,96.0,0.1935483870967749,94.95412844036697,0.10738879583100693,1
1488,96.0,0.1935483870967749,94.95412844036697,0.10738879583100693,1
1489,96.0,0.1935483870967749,94.95412844036697,0.10738879583100693,1
1490,96.0,0.1935483870967749,94.95412844036697,0.10738879583100693,1
1491,96.0,0.1935483870967749,94.95412844036697,0.10738879583100693,1
1492,96.0,0.1935483870967749,94.95412844036697,0.10738879583100693,1
1493,96.0,0.1935483870967749,94.95412844036697,0.10738879583100693,1
1494,96.0,0.1935483870967749,94.95412844036697,0.10738879583100693,1
1495,96.0,0.1935483870967749,94.95412844036697,0.10738879583100693,1
1496,96.0,0.1935483870967749,94.96567505720824,0.10741806703184574,1
1497,96.0,0.1935483870967749,94.96567505720824,0.10741806703184574,1
1498,96.0,0.1935483870967749,94.96567505720824,0.10741806703184574,1
1499,96.0,0.1935483870967749,94.96567505720824,0.10741806703184574,1
1500,96.0,0.1935483870967749,94.96567505720824,0.10741806703184574,1
1501,96.0,0.1935483870967749,94.96567505720824,0.10741806703184574,1
1502,96.0,0.1935483870967749,94.96567505720824,0.10741806703184574,1
1503,96.0,0.1935483870967749,94.96567505720824,0.10741806703184574,1
1504,96.0,0.1935483870967749,94.96567505720824,0.10741806703184574,1
1505,96.0,0.1935483870967749,94.96567505720824,0.10741806703184574,1
1506,96.0,0.1935483870967749,94.96567505720824,0.10741806703184574,1
1507,96.0,0.1935483870967749,94.96567505720824,0.10741806703184574,1
1508,96.0,0.1935483870967749,94.96567505720824,0.10741806703184574,1
1509,96.0,0.1935483870967749,94.96567505720824,0.10741806703184574,1
1510,96.0,0.1935483870967749,94.96567505720824,0.10741806703184574,1
1511,96.0,0.1935483870967749,94.96567505720824,0.10741806703184574,1
1512,96.0,0.1935483870967749,94.97716894977168,0.10744720266765528,1
1513,96.0,0.1935483870967749,94.97716894977168,0.10744720266765528,1
1514,96.0,0.1935483870967749,94.97716894977168,0.10744720266765528,1
1515,96.0,0.1935483870967749,94.97716894977168,0.10744720266765528,1
1516,96.0,0.1935483870967749,94.98861047835992,0.10747620367803297,1
1517,96.0,0.1935483870967749,94.98861047835992,0.10747620367803297,1
1518,96.0,0.1935483870967749,95.0,0.10750507099391413,1
1519,96.0,0.1935483870967749,95.01133786848072,0.10753380553766884,1
1520,96.0,0.1935483870967749,94.79638009049773,0.10249845501898067,1
1521,96.0,0.1935483870967749,94.80812641083521,0.10252796617634065,1
1522,96.0,0.1935483870967749,94.81981981981981,0.10255734247297565,1
1523,96.0,0.1935483870967749,94.81981981981981,0.10255734247297565,1
1524,96.0,0.1935483870967749,94.81981981981981,0.10255734247297565,1
1525,96.0,0.1935483870967749,94.81981981981981,0.10255734247297565,1
1526,96.0,0.1935483870967749,94.83146067415731,0.10258658483121529,1
1527,96.0,0.1935483870967749,94.84304932735425,0.10261569416498864,1
1528,96.0,0.1935483870967749,94.85458612975391,0.10264467137994232,1
1529,96.0,0.1935483870967749,94.85458612975391,0.10264467137994232,1
1530,96.0,0.1935483870967749,94.86607142857143,0.10267351737350952,1
1531,96.0,0.1935483870967749,94.87750556792874,0.10270223303501518,1
1532,96.0,0.1935483870967749,94.88888888888889,0.10273081924577428,1
1533,96.0,0.1935483870967749,94.90022172949001,0.1027592768791616,1
1534,96.0,0.1935483870967749,94.90022172949001,0.1027592768791616,1
1535,96.0,0.1935483870967749,94.90022172949001,0.1027592768791616,1
1536,96.0,0.1935483870967749,94.90022172949001,0.1027592768791616,1
1537,96.0,0.1935483870967749,94.91150442477876,0.1027876068007242,1
1538,96.0,0.1935483870967749,94.92273730684326,0.10281580986824929,1
1539,96.0,0.1935483870967749,94.92273730684326,0.10281580986824929,1
1540,96.0,0.1935483870967749,94.93392070484582,0.10284388693186716,1
1541,96.0,0.1935483870967749,94.94505494505493,0.10287183883411831,1
1542,96.0,0.1935483870967749,94.94505494505493,0.10287183883411831,1
1543,96.0,0.1935483870967749,94.95614035087719,0.10289966641005999,1
1544,96.0,0.1935483870967749,94.9671772428884,0.10292737048732369,1
1545,96.0,0.1935483870967749,94.9671772428884,0.10292737048732369,1
1546,96.0,0.1935483870967749,94.97816593886463,0.10295495188623108,1
1547,96.0,0.1935483870967749,94.98910675381264,0.10298241141983124,1
1548,96.0,0.1935483870967749,95.0,0.1030097498940222,1
1549,96.0,0.1935483870967749,95.01084598698482,0.10303696810760543,1
1550,96.0,0.1935483870967749,95.01084598698482,0.10303696810760543,1
1551,96.0,0.1935483870967749,95.01084598698482,0.10303696810760543,1
1552,96.0,0.1935483870967749,95.01084598698482,0.10303696810760543,1
1553,96.0,0.1935483870967749,95.01084598698482,0.10303696810760543,1
1554,96.0,0.1935483870967749,95.02164502164501,0.10306406685236698,1
1555,96.0,0.1935483870967749,95.03239740820734,0.10309104691316515,1
1556,96.0,0.1935483870967749,95.03239740820734,0.10309104691316515,1
1557,96.0,0.1935483870967749,95.03239740820734,0.10309104691316515,1
1558,96.0,0.1935483870967749,95.03239740820734,0.10309104691316515,1
1559,96.0,0.1935483870967749,95.03239740820734,0.10309104691316515,1
1560,96.0,0.1935483870967749,95.04310344827587,0.10311790906798972,1
1561,96.0,0.1935483870967749,95.04310344827587,0.10311790906798972,1
1562,96.0,0.1935483870967749,95.05376344086022,0.10314465408805033,1
1563,96.0,0.1935483870967749,95.05376344086022,0.10314465408805033,1
1564,96.0,0.1935483870967749,95.05376344086022,0.10314465408805033,1
1565,96.0,0.1935483870967749,95.05376344086022,0.10314465408805033,1
1566,96.0,0.1935483870967749,95.05376344086022,0.10314465408805033,1
1567,96.0,0.1935483870967749,95.06437768240343,0.10317128273784665,1
1568,96.0,0.1935483870967749,95.07494646680942,0.10319779577523476,1
1569,96.0,0.1935483870967749,95.07494646680942,0.10319779577523476,1
1570,96.0,0.1935483870967749,95.07494646680942,0.10319779577523476,1
1571,96.0,0.1935483870967749,95.07494646680942,0.10319779577523476,1
1572,96.0,0.1935483870967749,95.08547008547008,0.10322419395151147,1
1573,96.0,0.1935483870967749,95.0959488272921,0.10325047801147258,1
1574,96.0,0.1935483870967749,95.0959488272921,0.10325047801147258,1
1575,96.0,0.1935483870967749,95.0959488272921,0.10325047801147258,1
1576,96.0,0.1935483870967749,95.1063829787234,0.10327664869348706,1
1577,96.0,0.1935483870967749,95.1167728237792,0.10330270672957505,1
1578,96.0,0.1935483870967749,95.1167728237792,0.10330270672957505,1
1579,96.0,0.1935483870967749,95.1167728237792,0.10330270672957505,1
1580,96.0,0.1935483870967749,95.1167728237792,0.10330270672957505,1
1581,96.0,0.1935483870967749,95.1167728237792,0.10330270672957505,1
1582,96.0,0.1935483870967749,95.1167728237792,0.10330270672957505,1
1583,96.0,0.1935483870967749,95.12711864406779,0.10332865284546294,1
1584,96.0,0.1935483870967749,95.12711864406779,0.10332865284546294,1
1585,96.0,0.1935483870967749,95.12711864406779,0.10332865284546294,1
1586,96.0,0.1935483870967749,95.12711864406779,0.10332865284546294,1
1587,96.0,0.1935483870967749,95.13742071881607,0.10335448776065315,1
1588,96.0,0.1935483870967749,95.13742071881607,0.10335448776065315,1
1589,96.0,0.1935483870967749,95.14767932489451,0.10338021218850281,1
1590,96.0,0.1935483870967749,95.15789473684211,0.10340582683627597,1
1591,96.0,0.1935483870967749,95.16806722689076,0.10343133240520729,1
1592,96.0,0.1935483870967749,95.17819706498952,0.10345672959058577,1
1593,96.0,0.1935483870967749,95.18828451882845,0.10348201908179028,1
1594,96.0,0.1935483870967749,95.19832985386222,0.1035072015623732,1
1595,96.0,0.1935483870967749,95.20833333333333,0.10353227771010891,1
1596,96.0,0.1935483870967749,95.20833333333333,0.10353227771010891,1
1597,96.0,0.1935483870967749,95.20833333333333,0.10353227771010891,1
1598,96.0,0.1935483870967749,95.21829521829522,0.10355724819706667,1
1599,96.0,0.1935483870967749,95.22821576763485,0.1035821136896567,1
1600,96.0,0.1935483870967749,95.22821576763485,0.1035821136896567,1
1601,96.0,0.1935483870967749,95.22821576763485,0.1035821136896567,1
1602,96.0,0.1935483870967749,95.22821576763485,0.1035821136896567,1
1603,96.0,0.1935483870967749,95.23809523809523,0.10360687484870269,1
1604,96.0,0.1935483870967749,95.24793388429752,0.10363153232949436,1
1605,96.0,0.1935483870967749,95.24793388429752,0.10363153232949436,1
1606,96.0,0.1935483870967749,95.24793388429752,0.10363153232949436,1
1607,96.0,0.1935483870967749,95.24793388429752,0.10363153232949436,1
1608,96.0,0.1935483870967749,95.24793388429752,0.10363153232949436,1
1609,96.0,0.1935483870967749,95.24793388429752,0.10363153232949436,1
1610,96.0,0.1935483870967749,95.24793388429752,0.10363153232949436,1
1611,96.0,0.1935483870967749,95.24793388429752,0.10363153232949436,1
1612,96.0,0.1935483870967749,95.24793388429752,0.10363153232949436,1
1613,96.0,0.1935483870967749,95.25773195876288,0.10365608678184052,1
1614,96.0,0.1935483870967749,95.26748971193416,0.1036805388501338,1
1615,96.0,0.1935483870967749,95.27720739219713,0.10370488917339954,1
1616,96.0,0.1935483870967749,95.28688524590164,0.10372913838537079,1
1617,96.0,0.1935483870967749,95.29652351738241,0.10375328711451325,1
1618,96.0,0.1935483870967749,95.29652351738241,0.10375328711451325,1
1619,96.0,0.1935483870967749,95.29652351738241,0.10375328711451325,1
1620,96.0,0.1935483870967749,95.29652351738241,0.10375328711451325,1
1621,96.0,0.1935483870967749,95.29652351738241,0.10375328711451325,1
1622,96.0,0.1935483870967749,95.29652351738241,0.10375328711451325,1
1623,96.0,0.1935483870967749,95.3061224489796,0.10377733598409704,1
1624,96.0,0.1935483870967749,95.31568228105907,0.10380128561225492,1
1625,96.0,0.1935483870967749,95.31568228105907,0.10380128561225492,1
1626,96.0,0.1935483870967749,95.31568228105907,0.10380128561225492,1
1627,96.0,0.1935483870967749,95.32520325203252,0.1038251366120212,1
1628,96.0,0.1935483870967749,95.32520325203252,0.1038251366120212,1
1629,96.0,0.1935483870967749,95.32520325203252,0.1038251366120212,1
1630,96.0,0.1935483870967749,95.32520325203252,0.1038251366120212,1
1631,96.0,0.1935483870967749,95.32520325203252,0.1038251366120212,1
1632,96.0,0.1935483870967749,95.32520325203252,0.1038251366120212,1
1633,96.0,0.1935483870967749,95.32520325203252,0.1038251366120212,1
1634,96.0,0.1935483870967749,95.32520325203252,0.1038251366120212,1
1635,96.0,0.1935483870967749,95.32520325203252,0.1038251366120212,1
1636,96.0,0.1935483870967749,95.32520325203252,0.1038251366120212,1
1637,96.0,0.1935483870967749,95.33468559837728,0.1038488895914003,1
1638,96.0,0.1935483870967749,95.33468559837728,0.1038488895914003,1
1639,96.0,0.1935483870967749,95.33468559837728,0.1038488895914003,1
1640,96.0,0.1935483870967749,95.34412955465586,0.10387254515340391,1
1641,96.0,0.1935483870967749,95.35353535353536,0.10389610389610393,1
1642,96.0,0.1935483870967749,95.36290322580645,0.10391956641269441,1
1643,96.0,0.1935483870967749,95.37223340040242,0.10394293329152714,1
1644,96.0,0.1935483870967749,95.37223340040242,0.10394293329152714,1
1645,96.0,0.1935483870967749,95.37223340040242,0.10394293329152714,1
1646,96.0,0.1935483870967749,95.37223340040242,0.10394293329152714,1
1647,96.0,0.1935483870967749,95.37223340040242,0.10394293329152714,1
1648,96.0,0.1935483870967749,95.37223340040242,0.10394293329152714,1
1649,96.0,0.1935483870967749,95.37223340040242,0.10394293329152714,1
1650,96.0,0.1935483870967749,95.38152610441767,0.10396620511617087,1
1651,99.0,0.0,95.39078156312625,0.10398938246545483,1
1652,99.0,0.0,95.39999999999999,0.10401246591351784,1
1653,99.0,0.0,95.40918163672654,0.10403545602985861,1
1654,99.0,0.0,95.4183266932271,0.10405835337937447,1
1655,99.0,0.0,95.4183266932271,0.10405835337937447,1
1656,99.0,0.0,95.4183266932271,0.10405835337937447,1
1657,99.0,0.0,95.4183266932271,0.10405835337937447,1
1658,99.0,0.0,95.4183266932271,0.10405835337937447,1
1659,99.0,0.0,95.4183266932271,0.10405835337937447,1
1660,99.0,0.0,95.4183266932271,0.10405835337937447,1
1661,99.0,0.0,95.4183266932271,0.10405835337937447,1
1662,99.0,0.0,95.4183266932271,0.10405835337937447,1
1663,99.0,0.0,95.4183266932271,0.10405835337937447,1
1664,99.0,0.0,95.4183266932271,0.10405835337937447,1
1665,99.0,0.0,95.4183266932271,0.10405835337937447,1
1666,99.0,0.0,95.4183266932271,0.10405835337937447,1
1667,99.0,0.0,95.4183266932271,0.10405835337937447,1
1668,99.0,0.0,95.4183266932271,0.10405835337937447,1
1669,99.0,0.0,95.4183266932271,0.10405835337937447,1
1670,99.0,0.0,95.4183266932271,0.10405835337937447,1
1671,99.0,0.0,95.4183266932271,0.10405835337937447,1
1672,99.0,0.0,95.4183266932271,0.10405835337937447,1
1673,99.0,0.0,95.4183266932271,0.10405835337937447,1
1674,99.0,0.0,95.42743538767395,0.1040811585224179,1
1675,99.0,0.0,95.42743538767395,0.1040811585224179,1
1676,99.0,0.0,95.42743538767395,0.1040811585224179,1
1677,99.0,0.0,95.42743538767395,0.1040811585224179,1
1678,99.0,0.0,95.42743538767395,0.1040811585224179,1
1679,99.0,0.0,95.43650793650794,0.10410387201484053,1
1680,99.0,0.0,95.43650793650794,0.10410387201484053,1
1681,99.0,0.0,95.43650793650794,0.10410387201484053,1
1682,99.0,0.0,95.43650793650794,0.10410387201484053,1
1683,99.0,0.0,95.44554455445544,0.10412649440802112,1
1684,99.0,0.0,95.45454545454545,0.104149026248943,1
1685,99.0,0.0,95.46351084812623,0.10417146808020245,1
1686,99.0,0.0,95.46351084812623,0.10417146808020245,1
1687,99.0,0.0,95.46351084812623,0.10417146808020245,1
1688,99.0,0.0,95.46351084812623,0.10417146808020245,1
1689,99.0,0.0,95.46351084812623,0.10417146808020245,1
1690,99.0,0.0,95.46351084812623,0.10417146808020245,1
1691,99.0,0.0,95.46351084812623,0.10417146808020245,1
1692,99.0,0.0,95.46351084812623,0.10417146808020245,1
1693,99.0,0.0,95.46351084812623,0.10417146808020245,1
1694,99.0,0.0,95.47244094488188,0.1041938204400808,1
1695,99.0,0.0,95.48133595284872,0.10421608386257437,1
1696,99.0,0.0,95.48133595284872,0.10421608386257437,1
1697,99.0,0.0,95.48133595284872,0.10421608386257437,1
1698,99.0,0.0,95.48133595284872,0.10421608386257437,1
1699,99.0,0.0,95.48133595284872,0.10421608386257437,1
1700,99.0,0.0,95.48133595284872,0.10421608386257437,1
1701,99.0,0.0,95.49019607843138,0.104238258877436,1
1702,99.0,0.0,95.49902152641879,0.10426034601021444,1
1703,99.0,0.0,95.49902152641879,0.10426034601021444,1
1704,99.0,0.0,95.49902152641879,0.10426034601021444,1
1705,99.0,0.0,95.5078125,0.10428234578230774,1
1706,99.0,0.0,95.51656920077973,0.10430425871099973,1
1707,99.0,0.0,95.51656920077973,0.10430425871099973,1
1708,99.0,0.0,95.51656920077973,0.10430425871099973,1
1709,99.0,0.0,95.51656920077973,0.10430425871099973,1
1710,99.0,0.0,95.51656920077973,0.10430425871099973,1
1711,99.0,0.0,95.51656920077973,0.10430425871099973,1
1712,99.0,0.0,95.51656920077973,0.10430425871099973,1
1713,99.0,0.0,95.51656920077973,0.10430425871099973,1
1714,99.0,0.0,95.51656920077973,0.10430425871099973,1
1715,99.0,0.0,95.51656920077973,0.10430425871099973,1
1716,99.0,0.0,95.51656920077973,0.10430425871099973,1
1717,99.0,0.0,95.52529182879378,0.10432608530949526,1
1718,99.0,0.0,95.53398058252426,0.10434782608695556,1
1719,99.0,0.0,95.53398058252426,0.10434782608695556,1
1720,99.0,0.0,95.53398058252426,0.10434782608695556,1
1721,99.0,0.0,95.54263565891473,0.10436948154856453,1
1722,99.0,0.0,95.54263565891473,0.10436948154856453,1
1723,99.0,0.0,95.54263565891473,0.10436948154856453,1
1724,99.0,0.0,95.54263565891473,0.10436948154856453,1
1725,99.0,0.0,95.54263565891473,0.10436948154856453,1
1726,99.0,0.0,95.54263565891473,0.10436948154856453,1
1727,99.0,0.0,95.54263565891473,0.10436948154856453,1
1728,99.0,0.0,95.55125725338492,0.10439105219552705,1
1729,99.0,0.0,95.55125725338492,0.10439105219552705,1
1730,99.0,0.0,95.55125725338492,0.10439105219552705,1
1731,99.0,0.0,95.55125725338492,0.10439105219552705,1
1732,99.0,0.0,95.55125725338492,0.10439105219552705,1
1733,99.0,0.0,95.55125725338492,0.10439105219552705,1
1734,99.0,0.0,95.55984555984556,0.10441253852514366,1
1735,99.0,0.0,95.56840077071291,0.10443394103083553,1
1736,99.0,0.0,95.56840077071291,0.10443394103083553,1
1737,99.0,0.0,95.56840077071291,0.10443394103083553,1
1738,99.0,0.0,95.56840077071291,0.10443394103083553,1
1739,99.0,0.0,95.57692307692308,0.10445526020217395,1
1740,99.0,0.0,95.57692307692308,0.10445526020217395,1
1741,99.0,0.0,95.57692307692308,0.10445526020217395,1
1742,99.0,0.0,95.57692307692308,0.10445526020217395,1
1743,99.0,0.0,95.57692307692308,0.10445526020217395,1
1744,99.0,0.0,95.58541266794626,0.1044764965249239,1
1745,99.0,0.0,95.58541266794626,0.1044764965249239,1
1746,99.0,0.0,95.58541266794626,0.1044764965249239,1
1747,99.0,0.0,95.59386973180077,0.10449765048109112,1
1748,99.0,0.0,95.60229445506691,0.10451872254894572,1
1749,99.0,0.0,95.60229445506691,0.10451872254894572,1
1750,99.0,0.0,95.60229445506691,0.10451872254894572,1
1751,99.0,0.0,95.61068702290076,0.10453971320306067,1
1752,99.0,0.0,95.61068702290076,0.10453971320306067,1
1753,99.0,0.0,95.61904761904762,0.1045606229143484,1
1754,99.0,0.0,95.61904761904762,0.1045606229143484,1
1755,99.0,0.0,95.62737642585552,0.10458145215009988,1
1756,99.0,0.0,95.63567362428842,0.1046022013740109,1
1757,99.0,0.0,95.64393939393939,0.10462287104622929,1
1758,99.0,0.0,95.64393939393939,0.10462287104622929,1
1759,99.0,0.0,95.65217391304348,0.10464346162337261,1
1760,99.0,0.0,95.66037735849056,0.1046639735585754,1
1761,99.0,0.0,95.66854990583803,0.10468440730151637,1
1762,99.0,0.0,95.66854990583803,0.10468440730151637,1
1763,99.0,0.0,95.66854990583803,0.10468440730151637,1
1764,99.0,0.0,95.66854990583803,0.10468440730151637,1
1765,99.0,0.0,95.67669172932331,0.10470476329845589,1
1766,99.0,0.0,95.68480300187618,0.10472504199226039,1
1767,99.0,0.0,95.69288389513109,0.10474524382243713,1
1768,99.0,0.0,95.69288389513109,0.10474524382243713,1
1769,99.0,0.0,95.69288389513109,0.10474524382243713,1
1770,99.0,0.0,95.70093457943926,0.10476536922517309,1
1771,99.0,0.0,95.7089552238806,0.10478541863336081,1
1772,99.0,0.0,95.7169459962756,0.1048053924766263,1
1773,99.0,0.0,95.7169459962756,0.1048053924766263,1
1774,99.0,0.0,95.7169459962756,0.1048053924766263,1
1775,99.0,0.0,95.7169459962756,0.1048053924766263,1
1776,99.0,0.0,95.7169459962756,0.1048053924766263,1
1777,99.0,0.0,95.7169459962756,0.1048053924766263,1
1778,99.0,0.0,95.7169459962756,0.1048053924766263,1
1779,99.0,0.0,95.72490706319702,0.10482529118136527,1
1780,99.0,0.0,95.73283858998145,0.10484511517077161,1
1781,99.0,0.0,95.74074074074073,0.1048648648648636,1
1782,99.0,0.0,95.74074074074073,0.1048648648648636,1
1783,99.0,0.0,95.74074074074073,0.1048648648648636,1
1784,99.0,0.0,95.74074074074073,0.1048648648648636,1
1785,99.0,0.0,95.74861367837339,0.1048845406805275,1
1786,99.0,0.0,95.75645756457564,0.10490414303152065,1
1787,99.0,0.0,95.75645756457564,0.10490414303152065,1
1788,99.0,0.0,95.75645756457564,0.10490414303152065,1
1789,99.0,0.0,95.75645756457564,0.10490414303152065,1
1790,99.0,0.0,95.75645756457564,0.10490414303152065,1
1791,99.0,0.0,95.76427255985267,0.10492367232853221,1
1792,99.0,0.0,95.77205882352942,0.10494312897918508,1
1793,99.0,0.0,95.77981651376147,0.10496251338807568,1
1794,99.0,0.0,95.7875457875458,0.10498182595681202,1
1795,99.0,0.0,95.79524680073126,0.10500106708401385,1
1796,99.0,0.0,95.8029197080292,0.10502023716537763,1
1797,99.0,0.0,95.81056466302368,0.10503933659366291,1
1798,99.0,0.0,95.81818181818181,0.10505836575875388,1
1799,99.0,0.0,95.82577132486388,0.10507732504766726,1
1800,99.0,0.0,95.83333333333334,0.10509621484457604,1
1801,99.0,0.0,95.84086799276673,0.10511503553085243,1
1802,99.0,0.0,95.66787003610109,0.10028420625253977,1
1803,99.0,0.0,95.67567567567568,0.10030395136777967,1
1804,99.0,0.0,95.68345323741008,0.10032362459547141,1
1805,99.0,0.0,95.69120287253142,0.10034322632748056,1
1806,99.0,0.0,95.6989247311828,0.10036275695284087,1
1807,99.0,0.0,95.70661896243293,0.10038221685777661,1
1808,99.0,0.0,95.71428571428572,0.10040160642570543,1
1809,99.0,0.0,95.72192513368985,0.10042092603728271,1
1810,99.0,0.0,95.72953736654804,0.10044017607042961,1
1811,99.0,0.0,95.73712255772647,0.10045935690033994,1
1812,99.0,0.0,95.74468085106383,0.100478468899522,1
1813,99.0,0.0,95.75221238938053,0.10049751243781255,1
1814,99.0,0.0,95.75971731448763,0.1005164878823996,1
1815,99.0,0.0,95.76719576719577,0.10053539559785982,1
1816,99.0,0.0,95.77464788732394,0.10055423594615964,1
1817,99.0,0.0,95.78207381370825,0.10057300928670107,1
1818,99.0,0.0,95.6140350877193,0.09609895337773439,1
1819,99.0,0.0,95.6217162872154,0.09611853352751062,1
1820,99.0,0.0,95.62937062937063,0.09613804437140444,1
1821,99.0,0.0,95.6369982547993,0.0961574862767362,1
1822,99.0,0.0,95.64459930313589,0.09617685960824016,1
1823,99.0,0.0,95.65217391304348,0.09619616472807353,1
1824,99.0,0.0,95.65217391304348,0.09619616472807353,1
1825,99.0,0.0,95.65217391304348,0.09619616472807353,1
1826,99.0,0.0,95.65217391304348,0.09619616472807353,1
1827,99.0,0.0,95.65217391304348,0.09619616472807353,1
1828,99.0,0.0,95.65217391304348,0.09619616472807353,1
1829,99.0,0.0,95.65217391304348,0.09619616472807353,1
1830,99.0,0.0,95.65217391304348,0.09619616472807353,1
1831,99.0,0.0,95.65217391304348,0.09619616472807353,1
1832,99.0,0.0,95.65217391304348,0.09619616472807353,1
1833,99.0,0.0,95.65217391304348,0.09619616472807353,1
1834,99.0,0.0,95.65217391304348,0.09619616472807353,1
1835,99.0,0.0,95.65217391304348,0.09619616472807353,1
1836,99.0,0.0,95.65217391304348,0.09619616472807353,1
1837,99.0,0.0,95.65217391304348,0.09619616472807353,1
1838,99.0,0.0,95.65217391304348,0.09619616472807353,1
1839,99.0,0.0,95.65217391304348,0.09619616472807353,1
1840,99.0,0.0,95.65217391304348,0.09619616472807353,1
1841,99.0,0.0,95.65217391304348,0.09619616472807353,1
1842,99.0,0.0,95.65217391304348,0.09619616472807353,1
1843,99.0,0.0,95.65217391304348,0.09619616472807353,1
1844,99.0,0.0,95.65217391304348,0.09619616472807353,1
1845,99.0,0.0,95.65217391304348,0.09619616472807353,1
1846,99.0,0.0,95.65217391304348,0.09619616472807353,1
1847,99.0,0.0,95.65217391304348,0.09619616472807353,1
1848,99.0,0.0,95.65217391304348,0.09619616472807353,1
1849,99.0,0.0,95.65217391304348,0.09619616472807353,1
1850,99.0,0.0,95.65217391304348,0.09619616472807353,1
1851,99.0,0.0,95.65217391304348,0.09619616472807353,1
1852,99.0,0.0,95.65217391304348,0.09619616472807353,1
1853,99.0,0.0,95.65217391304348,0.09619616472807353,1
1854,99.0,0.0,95.65217391304348,0.09619616472807353,1
1855,99.0,0.0,95.65217391304348,0.09619616472807353,1
1856,99.0,0.0,95.65217391304348,0.09619616472807353,1
1857,99.0,0.0,95.65217391304348,0.09619616472807353,1
1858,99.0,0.0,95.65217391304348,0.09619616472807353,1
1859,99.0,0.0,95.65217391304348,0.09619616472807353,1
1860,99.0,0.0,95.65217391304348,0.09619616472807353,1
1861,99.0,0.0,95.65217391304348,0.09619616472807353,1
1862,99.0,0.0,95.65217391304348,0.09619616472807353,1
1863,99.0,0.0,95.65217391304348,0.09619616472807353,1
1864,99.0,0.0,95.65217391304348,0.09619616472807353,1
1865,99.0,0.0,95.65217391304348,0.09619616472807353,1
1866,99.0,0.0,95.65217391304348,0.09619616472807353,1
1867,99.0,0.0,95.65217391304348,0.09619616472807353,1
1868,99.0,0.0,95.65217391304348,0.09619616472807353,1
1869,99.0,0.0,95.65217391304348,0.09619616472807353,1
1870,99.0,0.0,95.65217391304348,0.09619616472807353,1
1871,99.0,0.0,95.65217391304348,0.09619616472807353,1
1872,99.0,0.0,95.65217391304348,0.09619616472807353,1
1873,99.0,0.0,95.65217391304348,0.09619616472807353,1
1874,99.0,0.0,95.65217391304348,0.09619616472807353,1
1875,99.0,0.0,95.65217391304348,0.09619616472807353,1
1876,99.0,0.0,95.65217391304348,0.09619616472807353,1
1877,99.0,0.0,95.65217391304348,0.09619616472807353,1
1878,99.0,0.0,95.65217391304348,0.09619616472807353,1
1879,99.0,0.0,95.65217391304348,0.09619616472807353,1
1880,99.0,0.0,95.65217391304348,0.09619616472807353,1
1881,99.0,0.0,95.65217391304348,0.09619616472807353,1
1882,99.0,0.0,95.65217391304348,0.09619616472807353,1
1883,99.0,0.0,95.65217391304348,0.09619616472807353,1
1884,99.0,0.0,95.65217391304348,0.09619616472807353,1
1885,99.0,0.0,95.65217391304348,0.09619616472807353,1
1886,99.0,0.0,95.65217391304348,0.09619616472807353,1
1887,99.0,0.0,95.65217391304348,0.09619616472807353,1
1888,99.0,0.0,95.65217391304348,0.09619616472807353,1
1889,99.0,0.0,95.65217391304348,0.09619616472807353,1
1890,99.0,0.0,95.65217391304348,0.09619616472807353,1
1891,99.0,0.0,95.65217391304348,0.09619616472807353,1
1892,99.0,0.0,95.65217391304348,0.09619616472807353,1
1893,99.0,0.0,95.65217391304348,0.09619616472807353,1
1894,99.0,0.0,95.65217391304348,0.09619616472807353,1
1895,99.0,0.0,95.65217391304348,0.09619616472807353,1
1896,99.0,0.0,95.65217391304348,0.09619616472807353,1
1897,99.0,0.0,95.65217391304348,0.09619616472807353,1
1898,99.0,0.0,95.65217391304348,0.09619616472807353,1
1899,99.0,0.0,95.65217391304348,0.09619616472807353,1
1900,99.0,0.0,95.65217391304348,0.09619616472807353,1
1901,99.0,0.0,95.65217391304348,0.09619616472807353,1
1902,99.0,0.0,95.65217391304348,0.09619616472807353,1
1903,99.0,0.0,95.65217391304348,0.09619616472807353,1
1904,99.0,0.0,95.65217391304348,0.09619616472807353,1
1905,99.0,0.0,95.65217391304348,0.09619616472807353,1
1906,99.0,0.0,95.65217391304348,0.09619616472807353,1
1907,99.0,0.0,95.65217391304348,0.09619616472807353,1
1908,99.0,0.0,95.65217391304348,0.09619616472807353,1
1909,99.0,0.0,95.65217391304348,0.09619616472807353,1
1910,99.0,0.0,95.65217391304348,0.09619616472807353,1
1911,99.0,0.0,95.65217391304348,0.09619616472807353,1
1912,99.0,0.0,95.65217391304348,0.09619616472807353,1
1913,99.0,0.0,95.65217391304348,0.09619616472807353,1
1914,99.0,0.0,95.65972222222221,0.0962154019958563,1
1915,99.0,0.0,95.66724436741768,0.0962345717686874,1
1916,99.0,0.0,95.67474048442907,0.09625367440115068,1
1917,99.0,0.0,95.67474048442907,0.09625367440115068,1
1918,99.0,0.0,95.67474048442907,0.09625367440115068,1
1919,99.0,0.0,95.67474048442907,0.09625367440115068,1
1920,99.0,0.0,95.67474048442907,0.09625367440115068,1
1921,99.0,0.0,95.68221070811744,0.09627271024536445,1
1922,99.0,0.0,95.68221070811744,0.09627271024536445,1
1923,99.0,0.0,95.68221070811744,0.09627271024536445,1
1924,99.0,0.0,95.68221070811744,0.09627271024536445,1
1925,99.0,0.0,95.6896551724138,0.09629167965097979,1
1926,99.0,0.0,95.6896551724138,0.09629167965097979,1
1927,99.0,0.0,95.6896551724138,0.09629167965097979,1
1928,99.0,0.0,95.6896551724138,0.09629167965097979,1
1929,99.0,0.0,95.69707401032701,0.09631058296522194,1
1930,99.0,0.0,95.69707401032701,0.09631058296522194,1
1931,99.0,0.0,95.69707401032701,0.09631058296522194,1
1932,99.0,0.0,95.7044673539519,0.09632942053288789,1
1933,99.0,0.0,95.71183533447685,0.09634819269638589,1
1934,99.0,0.0,95.71183533447685,0.09634819269638589,1
1935,99.0,0.0,95.71917808219177,0.09636689979575586,1
1936,99.0,0.0,95.71917808219177,0.09636689979575586,1
1937,99.0,0.0,95.72649572649573,0.09638554216867588,1
1938,99.0,0.0,95.73378839590444,0.09640412015049726,1
1939,99.0,0.0,95.73378839590444,0.09640412015049726,1
1940,99.0,0.0,95.73378839590444,0.09640412015049726,1
1941,99.0,0.0,95.73378839590444,0.09640412015049726,1
1942,99.0,0.0,95.74105621805792,0.09642263407425702,1
1943,99.0,0.0,95.74105621805792,0.09642263407425702,1
1944,99.0,0.0,95.74105621805792,0.09642263407425702,1
1945,99.0,0.0,95.74829931972789,0.09644108427069757,1
1946,99.0,0.0,95.75551782682513,0.09645947106829557,1
1947,99.0,0.0,95.76271186440678,0.09647779479326171,1
1948,99.0,0.0,95.76271186440678,0.09647779479326171,1
1949,99.0,0.0,95.76988155668359,0.09649605576958473,1
1950,99.0,0.0,95.77702702702703,0.09651425431902837,1
1951,99.0,0.0,95.77702702702703,0.09651425431902837,1
1952,99.0,0.0,95.77702702702703,0.09651425431902837,1
1953,99.0,0.0,95.77702702702703,0.09651425431902837,1
1954,99.0,0.0,95.78414839797638,0.09653239076116586,1
1955,99.0,0.0,95.7912457912458,0.09655046541339632,1
1956,99.0,0.0,95.7983193277311,0.09656847859095276,1
1957,99.0,0.0,95.7983193277311,0.09656847859095276,1
1958,99.0,0.0,95.7983193277311,0.09656847859095276,1
1959,99.0,0.0,95.80536912751678,0.09658643060692676,1
1960,99.0,0.0,95.81239530988275,0.09660432177229093,1
1961,99.0,0.0,95.81939799331104,0.0966221523959153,1
1962,98.0,0.0,95.82637729549248,0.09663992278457981,1
1963,98.0,0.0,95.82637729549248,0.09663992278457981,1
1964,98.0,0.0,95.83333333333334,0.09665763324299932,1
1965,98.0,0.0,95.83333333333334,0.09665763324299932,1
1966,98.0,0.0,95.84026622296173,0.09667528407382943,1
1967,98.0,0.0,95.84026622296173,0.09667528407382943,1
1968,98.0,0.0,95.84026622296173,0.09667528407382943,1
1969,98.0,0.0,95.84026622296173,0.09667528407382943,1
1970,98.0,0.0,95.84717607973423,0.09669287557769493,1
1971,98.0,0.0,95.84717607973423,0.09669287557769493,1
1972,98.0,0.0,95.84717607973423,0.09669287557769493,1
1973,98.0,0.0,95.85406301824212,0.09671040805320905,1
1974,98.0,0.0,95.86092715231787,0.09672788179697303,1
1975,98.0,0.0,95.86092715231787,0.09672788179697303,1
1976,98.0,0.0,95.86092715231787,0.09672788179697303,1
1977,98.0,0.0,95.86092715231787,0.09672788179697303,1
1978,98.0,0.0,95.86092715231787,0.09672788179697303,1
1979,98.0,0.0,95.86092715231787,0.09672788179697303,1
1980,98.0,0.0,95.86092715231787,0.09672788179697303,1
1981,98.0,0.0,95.86092715231787,0.09672788179697303,1
1982,98.0,0.0,95.86776859504133,0.09674529710361454,1
1983,98.0,0.0,95.87458745874588,0.09676265426578351,1
1984,98.0,0.0,95.87458745874588,0.09676265426578351,1
1985,98.0,0.0,95.87458745874588,0.09676265426578351,1
1986,98.0,0.0,95.88138385502472,0.09677995357419274,1
1987,98.0,0.0,95.88138385502472,0.09677995357419274,1
1988,98.0,0.0,95.88138385502472,0.09677995357419274,1
1989,98.0,0.0,95.88138385502472,0.09677995357419274,1
1990,98.0,0.0,95.88815789473685,0.09679719531760994,1
1991,98.0,0.0,95.89490968801314,0.09681437978287927,1
1992,98.0,0.0,95.90163934426229,0.09683150725495909,1
1993,98.0,0.0,95.90834697217676,0.09684857801690998,1
1994,98.0,0.0,95.90834697217676,0.09684857801690998,1
1995,98.0,0.0,95.90834697217676,0.09684857801690998,1
1996,98.0,0.0,95.90834697217676,0.09684857801690998,1
1997,98.0,0.0,95.91503267973856,0.09686559234992115,1
1998,98.0,0.0,95.91503267973856,0.09686559234992115,1
1999,98.0,0.0,95.91503267973856,0.09686559234992115,1
2000,98.0,0.0,95.91503267973856,0.09686559234992115,1
2001,98.0,0.0,95.91503267973856,0.09686559234992115,1
2002,98.0,0.0,95.91503267973856,0.09686559234992115,1
2003,98.0,0.0,95.92169657422512,0.09688255053332677,1
2004,98.0,0.0,95.92169657422512,0.09688255053332677,1
2005,98.0,0.0,95.92169657422512,0.09688255053332677,1
2006,98.0,0.0,95.92833876221498,0.09689945284461937,1
2007,98.0,0.0,95.9349593495935,0.0969162995594725,1
2008,98.0,0.0,95.9349593495935,0.0969162995594725,1
2009,98.0,0.0,95.9349593495935,0.0969162995594725,1
2010,98.0,0.0,95.9349593495935,0.0969162995594725,1
2011,98.0,0.0,95.9349593495935,0.0969162995594725,1
2012,98.0,0.0,95.9349593495935,0.0969162995594725,1
2013,98.0,0.0,95.94155844155844,0.09693309095173787,1
2014,98.0,0.0,95.9481361426256,0.0969498272934854,1
2015,98.0,0.0,95.9481361426256,0.0969498272934854,1
2016,98.0,0.0,95.9546925566343,0.09696650885498787,1
2017,98.0,0.0,95.9546925566343,0.09696650885498787,1
2018,98.0,0.0,95.9546925566343,0.09696650885498787,1
2019,98.0,0.0,95.9546925566343,0.09696650885498787,1
2020,98.0,0.0,95.9546925566343,0.09696650885498787,1
2021,98.0,0.0,95.9546925566343,0.09696650885498787,1
2022,98.0,0.0,95.9546925566343,0.09696650885498787,1
2023,98.0,0.0,95.96122778675283,0.09698313590476645,1
2024,98.0,0.0,95.80645161290322,0.09285312324141654,1
2025,98.0,0.0,95.81320450885669,0.09287038597674059,1
2026,98.0,0.0,95.81320450885669,0.09287038597674059,1
2027,98.0,0.0,95.81320450885669,0.09287038597674059,1
2028,98.0,0.0,95.81320450885669,0.09287038597674059,1
2029,98.0,0.0,95.81320450885669,0.09287038597674059,1
2030,98.0,0.0,95.81320450885669,0.09287038597674059,1
2031,98.0,0.0,95.81320450885669,0.09287038597674059,1
2032,98.0,0.0,95.81993569131832,0.09288759255104286,1
2033,98.0,0.0,95.82664526484751,0.09290474323794819,1
2034,98.0,0.0,95.82664526484751,0.09290474323794819,1
2035,98.0,0.0,95.82664526484751,0.09290474323794819,1
2036,98.0,0.0,95.82664526484751,0.09290474323794819,1
2037,98.0,0.0,95.82664526484751,0.09290474323794819,1
2038,98.0,0.0,95.83333333333334,0.09292183830929514,1
2039,98.0,0.0,95.84,0.09293887803516611,1
2040,98.0,0.0,95.84664536741214,0.09295586268390457,1
2041,98.0,0.0,95.85326953748007,0.09297279252211733,1
2042,98.0,0.0,95.85987261146497,0.09298966781468797,1
2043,98.0,0.0,95.86645468998411,0.09300648882480363,1
2044,98.0,0.0,95.86645468998411,0.09300648882480363,1
2045,98.0,0.0,95.86645468998411,0.09300648882480363,1
2046,98.0,0.0,95.86645468998411,0.09300648882480363,1
2047,98.0,0.0,95.86645468998411,0.09300648882480363,1
2048,98.0,0.0,95.86645468998411,0.09300648882480363,1
2049,98.0,0.0,95.87301587301587,0.09302325581395621,1
2050,98.0,0.0,95.87301587301587,0.09302325581395621,1
2051,98.0,0.0,95.87301587301587,0.09302325581395621,1
2052,98.0,0.0,95.8795562599049,0.09303996904195914,1
2053,98.0,0.0,95.8795562599049,0.09303996904195914,1
2054,98.0,0.0,95.88607594936708,0.09305662876697353,1
2055,98.0,0.0,95.88607594936708,0.09305662876697353,1
2056,98.0,0.0,95.89257503949446,0.09307323524549367,1
2057,98.0,0.0,95.89257503949446,0.09307323524549367,1
2058,98.0,0.0,95.89905362776025,0.09308978873239356,1
2059,98.0,0.0,95.89905362776025,0.09308978873239356,1
2060,98.0,0.0,95.89905362776025,0.09308978873239356,1
2061,98.0,0.0,95.89905362776025,0.09308978873239356,1
2062,98.0,0.0,95.89905362776025,0.09308978873239356,1
2063,98.0,0.0,95.90551181102363,0.09310628948091132,1
2064,98.0,0.0,95.90551181102363,0.09310628948091132,1
2065,98.0,0.0,95.90551181102363,0.09310628948091132,1
2066,98.0,0.0,95.90551181102363,0.09310628948091132,1
2067,98.0,0.0,95.90551181102363,0.09310628948091132,1
2068,98.0,0.0,95.9119496855346,0.09312273774267903,1
2069,98.0,0.0,95.9119496855346,0.09312273774267903,1
2070,98.0,0.0,95.76138147566719,0.08927720413026514,1
2071,98.0,0.0,95.76138147566719,0.08927720413026514,1
2072,98.0,0.0,95.76138147566719,0.08927720413026514,1
2073,98.0,0.0,95.76138147566719,0.08927720413026514,1
2074,98.0,0.0,95.76138147566719,0.08927720413026514,1
2075,98.0,0.0,95.76138147566719,0.08927720413026514,1
2076,98.0,0.0,95.76138147566719,0.08927720413026514,1
2077,98.0,0.0,95.76138147566719,0.08927720413026514,1
2078,98.0,0.0,95.76138147566719,0.08927720413026514,1
2079,98.0,0.0,95.7680250783699,0.08929421094369344,1
2080,98.0,0.0,95.7680250783699,0.08929421094369344,1
2081,98.0,0.0,95.77464788732394,0.0893111638954868,1
2082,98.0,0.0,95.77464788732394,0.0893111638954868,1
2083,98.0,0.0,95.77464788732394,0.0893111638954868,1
2084,98.0,0.0,95.78125,0.08932806324110576,1
2085,98.0,0.0,95.63182527301092,0.11394154818325349,1
2086,98.0,0.0,95.63182527301092,0.11394154818325349,1
2087,98.0,0.0,95.63182527301092,0.11394154818325349,1
2088,98.0,0.0,95.63182527301092,0.11394154818325349,1
2089,98.0,0.0,95.63182527301092,0.11394154818325349,1
2090,98.0,0.0,95.63182527301092,0.11394154818325349,1
2091,98.0,0.0,95.63182527301092,0.11394154818325349,1
2092,98.0,0.0,95.63182527301092,0.11394154818325349,1
2093,98.0,0.0,95.6386292834891,0.11395899053627763,1
2094,98.0,0.0,95.6386292834891,0.11395899053627763,1
2095,98.0,0.0,95.6386292834891,0.11395899053627763,1
2096,98.0,0.0,95.6386292834891,0.11395899053627763,1
2097,98.0,0.0,95.6386292834891,0.11395899053627763,1
2098,98.0,0.0,95.6386292834891,0.11395899053627763,1
2099,98.0,0.0,95.6386292834891,0.11395899053627763,1
2100,98.0,0.0,95.64541213063764,0.1139763779527596,1
2101,98.0,0.0,95.64541213063764,0.1139763779527596,1
2102,98.0,0.0,95.64541213063764,0.1139763779527596,1
2103,98.0,0.0,95.64541213063764,0.1139763779527596,1
2104,98.0,0.0,95.65217391304348,0.1139937106918259,1
2105,98.0,0.0,95.65891472868216,0.11401098901098844,1
2106,98.0,0.0,95.6656346749226,0.11402821316614457,1
2107,98.0,0.0,95.6656346749226,0.11402821316614457,1
2108,98.0,0.0,95.6656346749226,0.11402821316614457,1
2109,98.0,0.0,95.6656346749226,0.11402821316614457,1
2110,98.0,0.0,95.6656346749226,0.11402821316614457,1
2111,98.0,0.0,95.6723338485317,0.11404538341158263,1
2112,98.0,0.0,95.6723338485317,0.11404538341158263,1
2113,98.0,0.0,95.6723338485317,0.11404538341158263,1
2114,98.0,0.0,95.6723338485317,0.11404538341158263,1
2115,98.0,0.0,95.6723338485317,0.11404538341158263,1
2116,98.0,0.0,95.6723338485317,0.11404538341158263,1
2117,98.0,0.0,95.6723338485317,0.11404538341158263,1
2118,98.0,0.0,95.6723338485317,0.11404538341158263,1
2119,98.0,0.0,95.6723338485317,0.11404538341158263,1
2120,98.0,0.0,95.6723338485317,0.11404538341158263,1
2121,98.0,0.0,95.6723338485317,0.11404538341158263,1
2122,98.0,0.0,95.6723338485317,0.11404538341158263,1
2123,98.0,0.0,95.6723338485317,0.11404538341158263,1
2124,98.0,0.0,95.6723338485317,0.11404538341158263,1
2125,98.0,0.0,95.6723338485317,0.11404538341158263,1
2126,98.0,0.0,95.67901234567901,0.11406250000000137,1
2127,98.0,0.0,95.67901234567901,0.11406250000000137,1
2128,98.0,0.0,95.67901234567901,0.11406250000000137,1
2129,98.0,0.0,95.67901234567901,0.11406250000000137,1
2130,98.0,0.0,95.67901234567901,0.11406250000000137,1
2131,98.0,0.0,95.67901234567901,0.11406250000000137,1
2132,98.0,0.0,95.67901234567901,0.11406250000000137,1
2133,98.0,0.0,95.67901234567901,0.11406250000000137,1
2134,98.0,0.0,95.67901234567901,0.11406250000000137,1
2135,98.0,0.0,95.67901234567901,0.11406250000000137,1
2136,98.0,0.0,95.67901234567901,0.11406250000000137,1
2137,98.0,0.0,95.68567026194145,0.11407956318252875,1
2138,98.0,0.0,95.68567026194145,0.11407956318252875,1
2139,98.0,0.0,95.6923076923077,0.11409657320872083,1
2140,98.0,0.0,95.6923076923077,0.11409657320872083,1
2141,98.0,0.0,95.6923076923077,0.11409657320872083,1
2142,98.0,0.0,95.6989247311828,0.1141135303265972,1
2143,98.0,0.0,95.70552147239265,0.11413043478260904,1
2144,98.0,0.0,95.70552147239265,0.11413043478260904,1
2145,98.0,0.0,95.70552147239265,0.11413043478260904,1
2146,98.0,0.0,95.70552147239265,0.11413043478260904,1
2147,98.0,0.0,95.70552147239265,0.11413043478260904,1
2148,98.0,0.0,95.70552147239265,0.11413043478260904,1
2149,98.0,0.0,95.70552147239265,0.11413043478260904,1
2150,98.0,0.0,95.71209800918837,0.1141472868217056,1
2151,98.0,0.0,95.71209800918837,0.1141472868217056,1
2152,98.0,0.0,95.71865443425077,0.11416408668730735,1
2153,98.0,0.0,95.71865443425077,0.11416408668730735,1
2154,98.0,0.0,95.71865443425077,0.11416408668730735,1
2155,98.0,0.0,95.71865443425077,0.11416408668730735,1
2156,98.0,0.0,95.71865443425077,0.11416408668730735,1
2157,98.0,0.0,95.71865443425077,0.11416408668730735,1
2158,98.0,0.0,95.71865443425077,0.11416408668730735,1
2159,98.0,0.0,95.71865443425077,0.11416408668730735,1
2160,98.0,0.0,95.71865443425077,0.11416408668730735,1
2161,98.0,0.0,95.71865443425077,0.11416408668730735,1
2162,98.0,0.0,95.71865443425077,0.11416408668730735,1
2163,98.0,0.0,95.71865443425077,0.11416408668730735,1
2164,98.0,0.0,95.71865443425077,0.11416408668730735,1
2165,98.0,0.0,95.72519083969465,0.1141808346213281,1
2166,98.0,0.0,95.57926829268293,0.11002994011976043,1
2167,98.0,0.0,95.58599695585997,0.11004717642113074,1
2168,98.0,0.0,95.59270516717325,0.11006435966794328,1
2169,98.0,0.0,95.59270516717325,0.11006435966794328,1
2170,98.0,0.0,95.59270516717325,0.11006435966794328,1
2171,98.0,0.0,95.59270516717325,0.11006435966794328,1
2172,98.0,0.0,95.59939301972686,0.11008149010477206,1
2173,98.0,0.0,95.59939301972686,0.11008149010477206,1
2174,98.0,0.0,95.59939301972686,0.11008149010477206,1
2175,98.0,0.0,95.59939301972686,0.11008149010477206,1
2176,98.0,0.0,95.59939301972686,0.11008149010477206,1
2177,98.0,0.0,95.59939301972686,0.11008149010477206,1
2178,98.0,0.0,95.60606060606061,0.11009856797470824,1
2179,98.0,0.0,95.60606060606061,0.11009856797470824,1
2180,98.0,0.0,95.60606060606061,0.11009856797470824,1
2181,98.0,0.0,95.60606060606061,0.11009856797470824,1
2182,98.0,0.0,95.60606060606061,0.11009856797470824,1
2183,98.0,0.0,95.60606060606061,0.11009856797470824,1
2184,98.0,0.0,95.61270801815431,0.11011559351933652,1
2185,98.0,0.0,95.61270801815431,0.11011559351933652,1
2186,98.0,0.0,95.61270801815431,0.11011559351933652,1
2187,98.0,0.0,95.61270801815431,0.11011559351933652,1
2188,98.0,0.0,95.61270801815431,0.11011559351933652,1
2189,98.0,0.0,95.61933534743203,0.11013256697876919,1
2190,98.0,0.0,95.61933534743203,0.11013256697876919,1
2191,98.0,0.0,95.61933534743203,0.11013256697876919,1
2192,98.0,0.0,95.61933534743203,0.11013256697876919,1
2193,98.0,0.0,95.61933534743203,0.11013256697876919,1
2194,98.0,0.0,95.61933534743203,0.11013256697876919,1
2195,98.0,0.0,95.61933534743203,0.11013256697876919,1
2196,98.0,0.0,95.62594268476622,0.11014948859166279,1
2197,98.0,0.0,95.48192771084338,0.1062054112262749,1
2198,98.0,0.0,95.33834586466166,0.10248595933649897,1
2199,98.0,0.0,95.33834586466166,0.10248595933649897,1
2200,98.0,0.0,95.33834586466166,0.10248595933649897,1
2201,98.0,0.0,95.33834586466166,0.10248595933649897,1
2202,98.0,0.0,95.33834586466166,0.10248595933649897,1
2203,98.0,0.0,95.34534534534535,0.10250391236306663,1
2204,98.0,0.0,95.34534534534535,0.10250391236306663,1
2205,98.0,0.0,95.34534534534535,0.10250391236306663,1
2206,98.0,0.0,95.34534534534535,0.10250391236306663,1
2207,98.0,0.0,95.34534534534535,0.10250391236306663,1
2208,98.0,0.0,95.34534534534535,0.10250391236306663,1
2209,98.0,0.0,95.34534534534535,0.10250391236306663,1
2210,98.0,0.0,95.34534534534535,0.10250391236306663,1
2211,98.0,0.0,95.35232383808095,0.10252181084248328,1
2212,98.0,0.0,95.35928143712576,0.10253965502297083,1
2213,98.0,0.0,95.3662182361734,0.10255744515123935,1
2214,98.0,0.0,95.3662182361734,0.10255744515123935,1
2215,98.0,0.0,95.3662182361734,0.10255744515123935,1
2216,98.0,0.0,95.3662182361734,0.10255744515123935,1
2217,98.0,0.0,95.3731343283582,0.10257518147252177,1
2218,98.0,0.0,95.3731343283582,0.10257518147252177,1
2219,98.0,0.0,95.3731343283582,0.10257518147252177,1
2220,98.0,0.0,95.3731343283582,0.10257518147252177,1
2221,98.0,0.0,95.3731343283582,0.10257518147252177,1
2222,98.0,0.0,95.3731343283582,0.10257518147252177,1
2223,98.0,0.0,95.3731343283582,0.10257518147252177,1
2224,98.0,0.0,95.3731343283582,0.10257518147252177,1
2225,98.0,0.0,95.3731343283582,0.10257518147252177,1
2226,98.0,0.0,95.3731343283582,0.10257518147252177,1
2227,98.0,0.0,95.3731343283582,0.10257518147252177,1
2228,98.0,0.0,95.3731343283582,0.10257518147252177,1
2229,98.0,0.0,95.38002980625932,0.1025928642305534,1
2230,98.0,0.0,95.38002980625932,0.1025928642305534,1
2231,98.0,0.0,95.38002980625932,0.1025928642305534,1
2232,98.0,0.0,95.38002980625932,0.1025928642305534,1
2233,98.0,0.0,95.38002980625932,0.1025928642305534,1
2234,98.0,0.0,95.38690476190477,0.10261049366761679,1
2235,98.0,0.0,95.38690476190477,0.10261049366761679,1
2236,98.0,0.0,95.38690476190477,0.10261049366761679,1
2237,98.0,0.0,95.38690476190477,0.10261049366761679,1
2238,98.0,0.0,95.38690476190477,0.10261049366761679,1
2239,98.0,0.0,95.38690476190477,0.10261049366761679,1
2240,98.0,0.0,95.38690476190477,0.10261049366761679,1
2241,98.0,0.0,95.38690476190477,0.10261049366761679,1
2242,98.0,0.0,95.39375928677563,0.10262807002451932,1
2243,98.0,0.0,95.4005934718101,0.10264559354062973,1
2244,98.0,0.0,95.4074074074074,0.1026630644538789,1
2245,98.0,0.0,95.4074074074074,0.1026630644538789,1
2246,98.0,0.0,95.4074074074074,0.1026630644538789,1
2247,98.0,0.0,95.4074074074074,0.1026630644538789,1
2248,98.0,0.0,95.4074074074074,0.1026630644538789,1
2249,98.0,0.0,95.4074074074074,0.1026630644538789,1
2250,98.0,0.0,95.4074074074074,0.1026630644538789,1
2251,98.0,0.0,95.4074074074074,0.1026630644538789,1
2252,98.0,0.0,95.4074074074074,0.1026630644538789,1
2253,98.0,0.0,95.4074074074074,0.1026630644538789,1
2254,98.0,0.0,95.4074074074074,0.1026630644538789,1
2255,98.0,0.0,95.4074074074074,0.1026630644538789,1
2256,98.0,0.0,95.41420118343196,0.10268048300077201,1
2257,98.0,0.0,95.42097488921713,0.10269784941639229,1
2258,98.0,0.0,95.42097488921713,0.10269784941639229,1
2259,98.0,0.0,95.42097488921713,0.10269784941639229,1
2260,98.0,0.0,95.42097488921713,0.10269784941639229,1
2261,98.0,0.0,95.42097488921713,0.10269784941639229,1
2262,98.0,0.0,95.42097488921713,0.10269784941639229,1
2263,98.0,0.0,95.42097488921713,0.10269784941639229,1
2264,98.0,0.0,95.42097488921713,0.10269784941639229,1
2265,98.0,0.0,95.42772861356931,0.10271516393442515,1
2266,98.0,0.0,95.42772861356931,0.10271516393442515,1
2267,98.0,0.0,95.42772861356931,0.10271516393442515,1
2268,98.0,0.0,95.42772861356931,0.10271516393442515,1
2269,98.0,0.0,95.42772861356931,0.10271516393442515,1
2270,98.0,0.0,95.42772861356931,0.10271516393442515,1
2271,98.0,0.0,95.42772861356931,0.10271516393442515,1
2272,98.0,0.0,95.42772861356931,0.10271516393442515,1
2273,98.0,0.0,95.42772861356931,0.10271516393442515,1
2274,98.0,0.0,95.42772861356931,0.10271516393442515,1
2275,98.0,0.0,95.42772861356931,0.10271516393442515,1
2276,98.0,0.0,95.43446244477173,0.10273242678716187,1
2277,98.0,0.0,95.43446244477173,0.10273242678716187,1
2278,98.0,0.0,95.43446244477173,0.10273242678716187,1
2279,98.0,0.0,95.43446244477173,0.10273242678716187,1
2280,98.0,0.0,95.44117647058825,0.1027496382055018,1
2281,98.0,0.0,95.44117647058825,0.1027496382055018,1
2282,98.0,0.0,95.44117647058825,0.1027496382055018,1
2283,98.0,0.0,95.44117647058825,0.1027496382055018,1
2284,98.0,0.0,95.44117647058825,0.1027496382055018,1
2285,98.0,0.0,95.44117647058825,0.1027496382055018,1
2286,98.0,0.0,95.44117647058825,0.1027496382055018,1
2287,98.0,0.0,95.44787077826726,0.10276679841897046,1
2288,98.0,0.0,95.45454545454545,0.10278390765574591,1
2289,98.0,0.0,95.45454545454545,0.10278390765574591,1
2290,98.0,0.0,95.45454545454545,0.10278390765574591,1
2291,98.0,0.0,95.45454545454545,0.10278390765574591,1
2292,98.0,0.0,95.45454545454545,0.10278390765574591,1
2293,98.0,0.0,95.45454545454545,0.10278390765574591,1
2294,98.0,0.0,95.45454545454545,0.10278390765574591,1
2295,98.0,0.0,95.45454545454545,0.10278390765574591,1
2296,98.0,0.0,95.45454545454545,0.10278390765574591,1
2297,98.0,0.0,95.45454545454545,0.10278390765574591,1
2298,98.0,0.0,95.45454545454545,0.10278390765574591,1
2299,98.0,0.0,95.45454545454545,0.10278390765574591,1
2300,98.0,0.0,95.45454545454545,0.10278390765574591,1
2301,98.0,0.0,95.45454545454545,0.10278390765574591,1
2302,98.0,0.0,95.45454545454545,0.10278390765574591,1
2303,98.0,0.0,95.45454545454545,0.10278390765574591,1
2304,98.0,0.0,95.46120058565154,0.1028009661426326,1
2305,98.0,0.0,95.46120058565154,0.1028009661426326,1
2306,98.0,0.0,95.46120058565154,0.1028009661426326,1
2307,98.0,0.0,95.46120058565154,0.1028009661426326,1
2308,98.0,0.0,95.46120058565154,0.1028009661426326,1
2309,98.0,0.0,95.46783625730994,0.10281797410510447,1
2310,98.0,0.0,95.47445255474453,0.10283493176729039,1
2311,98.0,0.0,95.47445255474453,0.10283493176729039,1
2312,98.0,0.0,95.47445255474453,0.10283493176729039,1
2313,98.0,0.0,95.47445255474453,0.10283493176729039,1
2314,98.0,0.0,95.48104956268222,0.102851839352008,1
2315,98.0,0.0,95.48104956268222,0.102851839352008,1
2316,98.0,0.0,95.48104956268222,0.102851839352008,1
2317,98.0,0.0,95.48104956268222,0.102851839352008,1
2318,98.0,0.0,95.48104956268222,0.102851839352008,1
2319,98.0,0.0,95.48104956268222,0.102851839352008,1
2320,98.0,0.0,95.48104956268222,0.102851839352008,1
2321,98.0,0.0,95.48104956268222,0.102851839352008,1
2322,98.0,0.0,95.48104956268222,0.102851839352008,1
2323,98.0,0.0,95.48104956268222,0.102851839352008,1
2324,98.0,0.0,95.48104956268222,0.102851839352008,1
2325,98.0,0.0,95.48104956268222,0.102851839352008,1
2326,98.0,0.0,95.48104956268222,0.102851839352008,1
2327,98.0,0.0,95.48104956268222,0.102851839352008,1
2328,98.0,0.0,95.48104956268222,0.102851839352008,1
2329,98.0,0.0,95.48762736535662,0.10286869708075287,1
2330,98.0,0.0,95.48762736535662,0.10286869708075287,1
2331,98.0,0.0,95.48762736535662,0.10286869708075287,1
2332,98.0,0.0,95.48762736535662,0.10286869708075287,1
2333,98.0,0.0,95.48762736535662,0.10286869708075287,1
2334,98.0,0.0,95.48762736535662,0.10286869708075287,1
2335,98.0,0.0,95.48762736535662,0.10286869708075287,1
2336,98.0,0.0,95.48762736535662,0.10286869708075287,1
2337,98.0,0.0,95.48762736535662,0.10286869708075287,1
2338,98.0,0.0,95.48762736535662,0.10286869708075287,1
2339,98.0,0.0,95.48762736535662,0.10286869708075287,1
2340,98.0,0.0,95.48762736535662,0.10286869708075287,1
2341,98.0,0.0,95.48762736535662,0.10286869708075287,1
2342,98.0,0.0,95.49418604651163,0.10288550517372058,1
2343,98.0,0.0,95.49418604651163,0.10288550517372058,1
2344,98.0,0.0,95.49418604651163,0.10288550517372058,1
2345,98.0,0.0,95.49418604651163,0.10288550517372058,1
2346,98.0,0.0,95.50072568940493,0.10290226384980419,1
2347,98.0,0.0,95.50072568940493,0.10290226384980419,1
2348,98.0,0.0,95.50072568940493,0.10290226384980419,1
2349,98.0,0.0,95.50072568940493,0.10290226384980419,1
2350,98.0,0.0,95.50072568940493,0.10290226384980419,1
2351,98.0,0.0,95.50072568940493,0.10290226384980419,1
2352,98.0,0.0,95.50072568940493,0.10290226384980419,1
2353,98.0,0.0,95.50072568940493,0.10290226384980419,1
2354,98.0,0.0,95.50072568940493,0.10290226384980419,1
2355,98.0,0.0,95.50072568940493,0.10290226384980419,1
2356,98.0,0.0,95.50072568940493,0.10290226384980419,1
2357,98.0,0.0,95.50072568940493,0.10290226384980419,1
2358,98.0,0.0,95.50072568940493,0.10290226384980419,1
2359,98.0,0.0,95.50072568940493,0.10290226384980419,1
2360,98.0,0.0,95.5072463768116,0.10291897332662277,1
2361,98.0,0.0,95.51374819102749,0.10293563382051012,1
2362,98.0,0.0,95.37572254335261,0.09939808036440595,1
2363,98.0,0.0,95.38239538239537,0.09941520467836142,1
2364,98.0,0.0,95.38904899135446,0.09943227899432178,1
2365,98.0,0.0,95.39568345323741,0.09944930353093802,1
2366,98.0,0.0,95.40229885057471,0.0994662785055787,1
2367,98.0,0.0,95.40889526542324,0.09948320413436859,1
2368,98.0,0.0,95.41547277936962,0.09950008063215422,1
2369,93.0,0.10828025477707084,95.42203147353362,0.0995169082125585,1
2370,93.0,0.10828025477707084,95.42857142857143,0.0995336870879561,1
2371,93.0,0.10828025477707084,95.29243937232525,0.09619066223871947,1
2372,93.0,0.10828025477707084,95.2991452991453,0.0962078651685391,1
2373,93.0,0.10828025477707084,95.30583214793741,0.09622501850481009,1
2374,93.0,0.10828025477707084,95.3125,0.0962421224616816,1
2375,93.0,0.10828025477707084,95.31914893617022,0.09625917725207074,1
2376,93.0,0.10828025477707084,95.18413597733712,0.09309354692458773,1
2377,93.0,0.10828025477707084,95.19094766619519,0.09311099373726624,1
2378,93.0,0.10828025477707084,95.19774011299435,0.09312839059674599,1
2379,93.0,0.10828025477707084,95.20451339915374,0.09314573771725021,1
2380,93.0,0.10828025477707084,95.2112676056338,0.09316303531179432,1
2381,93.0,0.10828025477707084,95.21800281293952,0.09318028359216707,1
2382,93.0,0.10828025477707084,95.2247191011236,0.09319748276895531,1
2383,93.0,0.10828025477707084,95.23141654978961,0.09321463305154419,1
2384,93.0,0.10828025477707084,95.23809523809523,0.09323173464813879,1
2385,93.0,0.10828025477707084,95.24475524475524,0.09324878776575947,1
2386,93.0,0.10828025477707084,95.25139664804469,0.0932657926102509,1
2387,93.0,0.10828025477707084,95.25801952580196,0.09328274938629563,1
2388,93.0,0.10828025477707084,95.26462395543176,0.0932996582974306,1
2389,93.0,0.10828025477707084,95.2712100139082,0.09331651954602674,1
2390,93.0,0.10828025477707084,95.27777777777777,0.09333333333333294,1
2391,93.0,0.10828025477707084,95.14563106796116,0.09033560434014631,1
2392,93.0,0.10828025477707084,95.15235457063712,0.09035277177825946,1
2393,93.0,0.10828025477707084,95.15905947441216,0.09036989108163405,1
2394,93.0,0.10828025477707084,95.1657458563536,0.0903869624524377,1
2395,93.0,0.10828025477707084,95.17241379310344,0.0904039860916947,1
2396,93.0,0.10828025477707084,95.17906336088154,0.09042096219931456,1
2397,93.0,0.10828025477707084,95.1856946354883,0.09043789097408544,1
2398,93.0,0.10828025477707084,95.05494505494505,0.08759225734577254,1
2399,93.0,0.10828025477707084,95.06172839506173,0.08760951188986303,1
2400,93.0,0.10828025477707084,95.06849315068493,0.08762671851131686,1
2401,93.0,0.10828025477707084,95.0752393980848,0.08764387740951174,1
2402,93.0,0.10828025477707084,95.08196721311475,0.08766098878271764,1
2403,93.0,0.10828025477707084,95.08867667121419,0.08767805282810136,1
2404,93.0,0.10828025477707084,94.95912806539509,0.08497304582210104,1
2405,93.0,0.10828025477707084,94.82993197278911,0.08239700374531715,1
2406,93.0,0.10828025477707084,94.70108695652173,0.07994102186037613,1
2407,93.0,0.10828025477707084,94.57259158751697,0.07759699624530599,1
2408,93.0,0.10828025477707084,94.579945799458,0.07761529808774033,1
2409,93.0,0.10828025477707084,94.5872801082544,0.07763354967548794,1
2410,93.0,0.10828025477707084,94.5945945945946,0.07765175121525493,1
2411,93.0,0.10828025477707084,94.60188933873145,0.07766990291262155,1
2412,93.0,0.10828025477707084,94.60916442048517,0.07768800497203063,1
2413,93.0,0.10828025477707084,94.6164199192463,0.07770605759682156,1
2414,93.0,0.10828025477707084,94.6236559139785,0.07772406098921461,1
2415,93.0,0.10828025477707084,94.63087248322147,0.07774201535033365,1
2416,93.0,0.10828025477707084,94.63806970509383,0.07775992088020797,1
2417,93.0,0.10828025477707084,94.51137884872824,0.07552295571855423,1
2418,93.0,0.10828025477707084,94.5187165775401,0.07554108639295783,1
2419,93.0,0.10828025477707084,94.5260347129506,0.07555916794605504,1
2420,93.0,0.10828025477707084,94.53333333333333,0.07557720057720221,1
2421,93.0,0.10828025477707084,94.54061251664447,0.07559518448467482,1
2422,93.0,0.10828025477707084,94.54787234042553,0.07561311986568313,1
2423,93.0,0.10828025477707084,94.55511288180611,0.07563100691637513,1
2424,93.0,0.10828025477707084,94.55511288180611,0.07563100691637513,1
2425,93.0,0.10828025477707084,94.55511288180611,0.07563100691637513,1
2426,93.0,0.10828025477707084,94.55511288180611,0.07563100691637513,1
2427,93.0,0.10828025477707084,94.55511288180611,0.07563100691637513,1
2428,93.0,0.10828025477707084,94.55511288180611,0.07563100691637513,1
2429,93.0,0.10828025477707084,94.55511288180611,0.07563100691637513,1
2430,93.0,0.10828025477707084,94.55511288180611,0.07563100691637513,1
2431,93.0,0.10828025477707084,94.55511288180611,0.07563100691637513,1
2432,93.0,0.10828025477707084,94.55511288180611,0.07563100691637513,1
2433,93.0,0.10828025477707084,94.55511288180611,0.07563100691637513,1
2434,93.0,0.10828025477707084,94.55511288180611,0.07563100691637513,1
2435,93.0,0.10828025477707084,94.55511288180611,0.07563100691637513,1
2436,93.0,0.10828025477707084,94.55511288180611,0.07563100691637513,1
2437,93.0,0.10828025477707084,94.55511288180611,0.07563100691637513,1
2438,93.0,0.10828025477707084,94.55511288180611,0.07563100691637513,1
2439,93.0,0.10828025477707084,94.55511288180611,0.07563100691637513,1
2440,93.0,0.10828025477707084,94.55511288180611,0.07563100691637513,1
2441,93.0,0.10828025477707084,94.55511288180611,0.07563100691637513,1
2442,93.0,0.10828025477707084,94.55511288180611,0.07563100691637513,1
2443,93.0,0.10828025477707084,94.55511288180611,0.07563100691637513,1
2444,93.0,0.10828025477707084,94.55511288180611,0.07563100691637513,1
2445,93.0,0.10828025477707084,94.55511288180611,0.07563100691637513,1
2446,93.0,0.10828025477707084,94.55511288180611,0.07563100691637513,1
2447,93.0,0.10828025477707084,94.55511288180611,0.07563100691637513,1
2448,93.0,0.10828025477707084,94.55511288180611,0.07563100691637513,1
2449,93.0,0.10828025477707084,94.55511288180611,0.07563100691637513,1
2450,93.0,0.10828025477707084,94.55511288180611,0.07563100691637513,1
2451,93.0,0.10828025477707084,94.55511288180611,0.07563100691637513,1
2452,93.0,0.10828025477707084,94.55511288180611,0.07563100691637513,1
2453,93.0,0.10828025477707084,94.55511288180611,0.07563100691637513,1
2454,93.0,0.10828025477707084,94.55511288180611,0.07563100691637513,1
2455,93.0,0.10828025477707084,94.55511288180611,0.07563100691637513,1
2456,93.0,0.10828025477707084,94.55511288180611,0.07563100691637513,1
2457,93.0,0.10828025477707084,94.55511288180611,0.07563100691637513,1
2458,93.0,0.10828025477707084,94.55511288180611,0.07563100691637513,1
2459,93.0,0.10828025477707084,94.55511288180611,0.07563100691637513,1
2460,93.0,0.10828025477707084,94.55511288180611,0.07563100691637513,1
2461,93.0,0.10828025477707084,94.55511288180611,0.07563100691637513,1
2462,93.0,0.10828025477707084,94.55511288180611,0.07563100691637513,1
2463,93.0,0.10828025477707084,94.55511288180611,0.07563100691637513,1
2464,93.0,0.10828025477707084,94.55511288180611,0.07563100691637513,1
2465,93.0,0.10828025477707084,94.55511288180611,0.07563100691637513,1
2466,93.0,0.10828025477707084,94.55511288180611,0.07563100691637513,1
2467,93.0,0.10828025477707084,94.55511288180611,0.07563100691637513,1
2468,93.0,0.10828025477707084,94.55511288180611,0.07563100691637513,1
2469,93.0,0.10828025477707084,94.55511288180611,0.07563100691637513,1
2470,93.0,0.10828025477707084,94.55511288180611,0.07563100691637513,1
2471,93.0,0.10828025477707084,94.55511288180611,0.07563100691637513,1
2472,93.0,0.10828025477707084,94.55511288180611,0.07563100691637513,1
2473,93.0,0.10828025477707084,94.56233421750663,0.07564884583183783,1
2474,93.0,0.10828025477707084,94.56233421750663,0.07564884583183783,1
2475,93.0,0.10828025477707084,94.56233421750663,0.07564884583183783,1
2476,93.0,0.10828025477707084,94.56953642384106,0.07566663680611693,1
2477,93.0,0.10828025477707084,94.56953642384106,0.07566663680611693,1
2478,93.0,0.10828025477707084,94.57671957671958,0.0756843800322066,1
2479,93.0,0.10828025477707084,94.57671957671958,0.0756843800322066,1
2480,93.0,0.10828025477707084,94.58388375165126,0.07570207570207596,1
2481,93.0,0.10828025477707084,94.58388375165126,0.07570207570207596,1
2482,93.0,0.10828025477707084,94.58388375165126,0.07570207570207596,1
2483,93.0,0.10828025477707084,94.58388375165126,0.07570207570207596,1
2484,93.0,0.10828025477707084,94.5910290237467,0.07571972400666187,1
2485,93.0,0.10828025477707084,94.5910290237467,0.07571972400666187,1
2486,93.0,0.10828025477707084,94.59815546772069,0.07573732513588222,1
2487,93.0,0.10828025477707084,94.59815546772069,0.07573732513588222,1
2488,93.0,0.10828025477707084,94.59815546772069,0.07573732513588222,1
2489,93.0,0.10828025477707084,94.60526315789474,0.07575487927863851,1
2490,93.0,0.10828025477707084,94.60526315789474,0.07575487927863851,1
2491,93.0,0.10828025477707084,94.60526315789474,0.07575487927863851,1
2492,93.0,0.10828025477707084,94.60526315789474,0.07575487927863851,1
2493,93.0,0.10828025477707084,94.60526315789474,0.07575487927863851,1
2494,93.0,0.10828025477707084,94.60526315789474,0.07575487927863851,1
2495,93.0,0.10828025477707084,94.61235216819975,0.07577238662282715,1
2496,93.0,0.10828025477707084,94.61942257217848,0.07578984735534289,1
2497,93.0,0.10828025477707084,94.62647444298821,0.07580726166208815,1
2498,93.0,0.10828025477707084,94.62647444298821,0.07580726166208815,1
2499,93.0,0.10828025477707084,94.62647444298821,0.07580726166208815,1
2500,93.0,0.10828025477707084,94.62647444298821,0.07580726166208815,1
2501,93.0,0.10828025477707084,94.62647444298821,0.07580726166208815,1
2502,93.0,0.10828025477707084,94.63350785340315,0.0758246297279771,1
2503,93.0,0.10828025477707084,94.63350785340315,0.0758246297279771,1
2504,93.0,0.10828025477707084,94.64052287581698,0.0758419517369389,1
2505,93.0,0.10828025477707084,94.64751958224544,0.07585922787194019,1
2506,93.0,0.10828025477707084,94.64751958224544,0.07585922787194019,1
2507,93.0,0.10828025477707084,94.65449804432855,0.07587645831496623,1
2508,93.0,0.10828025477707084,94.65449804432855,0.07587645831496623,1
2509,93.0,0.10828025477707084,94.53125,0.0735028005170191,1
2510,93.0,0.10828025477707084,94.53125,0.0735028005170191,1
2511,93.0,0.10828025477707084,94.53836150845254,0.07352055305355513,1
2512,93.0,0.10828025477707084,94.54545454545455,0.07353825880195733,1
2513,93.0,0.10828025477707084,94.54545454545455,0.07353825880195733,1
2514,93.0,0.10828025477707084,94.54545454545455,0.07353825880195733,1
2515,93.0,0.10828025477707084,94.54545454545455,0.07353825880195733,1
2516,93.0,0.10828025477707084,94.54545454545455,0.07353825880195733,1
2517,93.0,0.10828025477707084,94.54545454545455,0.07353825880195733,1
2518,93.0,0.10828025477707084,94.55252918287937,0.07355591794695779,1
2519,93.0,0.10828025477707084,94.55252918287937,0.07355591794695779,1
2520,93.0,0.10828025477707084,94.55252918287937,0.07355591794695779,1
2521,93.0,0.10828025477707084,94.55958549222798,0.07357353067230482,1
2522,93.0,0.10828025477707084,94.55958549222798,0.07357353067230482,1
2523,93.0,0.10828025477707084,94.56662354463131,0.07359109716079379,1
2524,93.0,0.10828025477707084,94.57364341085271,0.07360861759425456,1
2525,93.0,0.10828025477707084,94.58064516129032,0.07362609215357026,1
2526,93.0,0.10828025477707084,94.58762886597938,0.07364352101867283,1
2527,93.0,0.10828025477707084,94.58762886597938,0.07364352101867283,1
2528,93.0,0.10828025477707084,94.5945945945946,0.07366090436856024,1
2529,93.0,0.10828025477707084,94.5945945945946,0.07366090436856024,1
2530,93.0,0.10828025477707084,94.5945945945946,0.07366090436856024,1
2531,93.0,0.10828025477707084,94.60154241645245,0.07367824238128853,1
2532,93.0,0.10828025477707084,94.60154241645245,0.07367824238128853,1
2533,93.0,0.10828025477707084,94.60154241645245,0.07367824238128853,1
2534,93.0,0.10828025477707084,94.60847240051348,0.07369553523399602,1
2535,93.0,0.10828025477707084,94.60847240051348,0.07369553523399602,1
2536,93.0,0.10828025477707084,94.61538461538461,0.07371278310289218,1
2537,93.0,0.10828025477707084,94.62227912932138,0.07372998616327266,1
2538,93.0,0.10828025477707084,94.62227912932138,0.07372998616327266,1
2539,93.0,0.10828025477707084,94.62915601023018,0.07374714458952537,1
2540,93.0,0.10828025477707084,94.62915601023018,0.07374714458952537,1
2541,93.0,0.10828025477707084,94.6360153256705,0.07376425855513238,1
2542,93.0,0.10828025477707084,94.64285714285714,0.07378132823268063,1
2543,93.0,0.10828025477707084,94.64968152866243,0.07379835379385843,1
2544,93.0,0.10828025477707084,94.65648854961832,0.07381533540947718,1
2545,93.0,0.10828025477707084,94.66327827191868,0.07383227324946218,1
2546,93.0,0.10828025477707084,94.66327827191868,0.07383227324946218,1
2547,93.0,0.10828025477707084,94.67005076142132,0.07384916748286037,1
2548,93.0,0.10828025477707084,94.67680608365019,0.07386601827785598,1
2549,93.0,0.10828025477707084,94.68354430379748,0.07388282580176943,1
2550,93.0,0.10828025477707084,94.69026548672566,0.07389959022105988,1
2551,93.0,0.10828025477707084,94.6969696969697,0.07391631170132852,1
2552,93.0,0.10828025477707084,94.70365699873896,0.07393299040733854,1
2553,93.0,0.10828025477707084,94.70365699873896,0.07393299040733854,1
2554,93.0,0.10828025477707084,94.70365699873896,0.07393299040733854,1
2555,93.0,0.10828025477707084,94.70365699873896,0.07393299040733854,1
2556,93.0,0.10828025477707084,94.70365699873896,0.07393299040733854,1
2557,93.0,0.10828025477707084,94.70365699873896,0.07393299040733854,1
2558,93.0,0.10828025477707084,94.70365699873896,0.07393299040733854,1
2559,93.0,0.10828025477707084,94.70365699873896,0.07393299040733854,1
2560,93.0,0.10828025477707084,94.7103274559194,0.07394962650301153,1
2561,93.0,0.10828025477707084,94.7103274559194,0.07394962650301153,1
2562,93.0,0.10828025477707084,94.7103274559194,0.07394962650301153,1
2563,93.0,0.10828025477707084,94.7103274559194,0.07394962650301153,1
2564,93.0,0.10828025477707084,94.71698113207547,0.07396622015142723,1
2565,93.0,0.10828025477707084,94.71698113207547,0.07396622015142723,1
2566,93.0,0.10828025477707084,94.71698113207547,0.07396622015142723,1
2567,93.0,0.10828025477707084,94.71698113207547,0.07396622015142723,1
2568,93.0,0.10828025477707084,94.71698113207547,0.07396622015142723,1
2569,93.0,0.10828025477707084,94.71698113207547,0.07396622015142723,1
2570,93.0,0.10828025477707084,94.72361809045226,0.07398277151483258,1
2571,93.0,0.10828025477707084,94.73023839397742,0.07399928075465456,1
2572,93.0,0.10828025477707084,94.73023839397742,0.07399928075465456,1
2573,93.0,0.10828025477707084,94.73023839397742,0.07399928075465456,1
2574,93.0,0.10828025477707084,94.73023839397742,0.07399928075465456,1
2575,93.0,0.10828025477707084,94.73023839397742,0.07399928075465456,1
2576,93.0,0.10828025477707084,94.73023839397742,0.07399928075465456,1
2577,93.0,0.10828025477707084,94.73023839397742,0.07399928075465456,1
2578,93.0,0.10828025477707084,94.73023839397742,0.07399928075465456,1
2579,93.0,0.10828025477707084,94.73684210526315,0.07401574803149602,1
2580,93.0,0.10828025477707084,94.73684210526315,0.07401574803149602,1
2581,90.0,-0.009081735620585391,94.74342928660826,0.07403217350514561,1
2582,90.0,-0.009081735620585391,94.75,0.0740485573345833,1
2583,90.0,-0.009081735620585391,94.7565543071161,0.07406489967797654,1
2584,90.0,-0.009081735620585391,94.76309226932669,0.07408120069270799,1
2585,90.0,-0.009081735620585391,94.76309226932669,0.07408120069270799,1
2586,90.0,-0.009081735620585391,94.76309226932669,0.07408120069270799,1
2587,90.0,-0.009081735620585391,94.76309226932669,0.07408120069270799,1
2588,90.0,-0.009081735620585391,94.76309226932669,0.07408120069270799,1
2589,90.0,-0.009081735620585391,94.76309226932669,0.07408120069270799,1
2590,90.0,-0.009081735620585391,94.76309226932669,0.07408120069270799,1
2591,90.0,-0.009081735620585391,94.76961394769614,0.07409746053534685,1
2592,90.0,-0.009081735620585391,94.77611940298507,0.07411367936168475,1
2593,90.0,-0.009081735620585391,94.78260869565217,0.07412985732672348,1
2594,90.0,-0.009081735620585391,94.78908188585608,0.07414599458468817,1
2595,90.0,-0.009081735620585391,94.78908188585608,0.07414599458468817,1
2596,90.0,-0.009081735620585391,94.78908188585608,0.07414599458468817,1
2597,90.0,-0.009081735620585391,94.79553903345726,0.07416209128902858,1
2598,90.0,-0.009081735620585391,94.80198019801979,0.07417814759241516,1
2599,90.0,-0.009081735620585391,94.80840543881335,0.07419416364676677,1
2600,90.0,-0.009081735620585391,94.81481481481482,0.07421013960323344,1
2601,90.0,-0.009081735620585391,94.81481481481482,0.07421013960323344,1
2602,90.0,-0.009081735620585391,94.81481481481482,0.07421013960323344,1
2603,90.0,-0.009081735620585391,94.81481481481482,0.07421013960323344,1
2604,90.0,-0.009081735620585391,94.81481481481482,0.07421013960323344,1
2605,90.0,-0.009081735620585391,94.82120838471023,0.07422607561220852,1
2606,90.0,-0.009081735620585391,94.82758620689656,0.07424197182334079,1
2607,90.0,-0.009081735620585391,94.7109471094711,0.07218875235542403,1
2608,90.0,-0.009081735620585391,94.5945945945946,0.0702214376573819,1
2609,90.0,-0.009081735620585391,94.47852760736197,0.06833481519115979,1
2610,90.0,-0.009081735620585391,94.36274509803921,0.06652408544925568,1
2611,90.0,-0.009081735620585391,94.36964504283965,0.0665408211420478,1
2612,90.0,-0.009081735620585391,94.37652811735941,0.06655751531839993,1
2613,90.0,-0.009081735620585391,94.37652811735941,0.06655751531839993,1
2614,90.0,-0.009081735620585391,94.37652811735941,0.06655751531839993,1
2615,90.0,-0.009081735620585391,94.38339438339437,0.06657416813260347,1
2616,90.0,-0.009081735620585391,94.39024390243902,0.06659077973818996,1
2617,90.0,-0.009081735620585391,94.39707673568819,0.06660735028793356,1
2618,90.0,-0.009081735620585391,94.39707673568819,0.06660735028793356,1
2619,90.0,-0.009081735620585391,94.39707673568819,0.06660735028793356,1
2620,90.0,-0.009081735620585391,94.40389294403893,0.06662387993384485,1
2621,90.0,-0.009081735620585391,94.40389294403893,0.06662387993384485,1
2622,90.0,-0.009081735620585391,94.40389294403893,0.06662387993384485,1
2623,90.0,-0.009081735620585391,94.40389294403893,0.06662387993384485,1
2624,90.0,-0.009081735620585391,94.40389294403893,0.06662387993384485,1
2625,90.0,-0.009081735620585391,94.40389294403893,0.06662387993384485,1
2626,90.0,-0.009081735620585391,94.41069258809235,0.06664036882719877,1
2627,90.0,-0.009081735620585391,94.41747572815534,0.0666568171185172,1
2628,90.0,-0.009081735620585391,94.42424242424242,0.06667322495757604,1
2629,90.0,-0.009081735620585391,94.43099273607749,0.06668959249342855,1
2630,90.0,-0.009081735620585391,94.43772672309552,0.06670591987439076,1
2631,90.0,-0.009081735620585391,94.43772672309552,0.06670591987439076,1
2632,90.0,-0.009081735620585391,94.43772672309552,0.06670591987439076,1
2633,90.0,-0.009081735620585391,94.43772672309552,0.06670591987439076,1
2634,90.0,-0.009081735620585391,94.44444444444444,0.06672220724804585,1
2635,90.0,-0.009081735620585391,94.45114595898673,0.06673845476126136,1
2636,90.0,-0.009081735620585391,94.4578313253012,0.0667546625601916,1
2637,90.0,-0.009081735620585391,94.46450060168472,0.06677083079026501,1
2638,90.0,-0.009081735620585391,94.47115384615384,0.06678695959620584,1
2639,90.0,-0.009081735620585391,94.47779111644657,0.06680304912203591,1
2640,90.0,-0.009081735620585391,94.48441247002398,0.06681909951107871,1
2641,90.0,-0.009081735620585391,94.48441247002398,0.06681909951107871,1
2642,90.0,-0.009081735620585391,94.48441247002398,0.06681909951107871,1
2643,90.0,-0.009081735620585391,94.49101796407186,0.06683511090595522,1
2644,90.0,-0.009081735620585391,94.49760765550239,0.06685108344859415,1
2645,90.0,-0.009081735620585391,94.38470728793308,0.06484893146646986,1
2646,90.0,-0.009081735620585391,94.38470728793308,0.06484893146646986,1
2647,90.0,-0.009081735620585391,94.38470728793308,0.06484893146646986,1
2648,90.0,-0.009081735620585391,94.38470728793308,0.06484893146646986,1
2649,90.0,-0.009081735620585391,94.38470728793308,0.06484893146646986,1
2650,90.0,-0.009081735620585391,94.38470728793308,0.06484893146646986,1
2651,90.0,-0.009081735620585391,94.38470728793308,0.06484893146646986,1
2652,90.0,-0.009081735620585391,94.39140811455847,0.0648653782230898,1
2653,90.0,-0.009081735620585391,94.39140811455847,0.0648653782230898,1
2654,90.0,-0.009081735620585391,94.39809296781884,0.06488178519765751,1
2655,90.0,-0.009081735620585391,94.4047619047619,0.06489815253434293,1
2656,90.0,-0.009081735620585391,94.41141498216409,0.06491448037661766,1
2657,90.0,-0.009081735620585391,94.41805225653206,0.0649307688672564,1
2658,90.0,-0.009081735620585391,94.30604982206405,0.06300798888502895,1
2659,90.0,-0.009081735620585391,94.30604982206405,0.06300798888502895,1
2660,90.0,-0.009081735620585391,94.30604982206405,0.06300798888502895,1
2661,90.0,-0.009081735620585391,94.30604982206405,0.06300798888502895,1
2662,90.0,-0.009081735620585391,94.3127962085308,0.06302472419455386,1
2663,90.0,-0.009081735620585391,94.31952662721893,0.06304141929820453,1
2664,90.0,-0.009081735620585391,94.32624113475178,0.063058074340693,1
2665,90.0,-0.009081735620585391,94.33293978748523,0.06307468946604378,1
2666,90.0,-0.009081735620585391,94.22169811320755,0.061438380917963116,1
2667,90.0,-0.009081735620585391,94.11071849234393,0.059863132017806554,1
2668,90.0,-0.009081735620585391,94.0,0.05834564254061979,1
2669,90.0,-0.009081735620585391,93.88954171562868,0.056882845634151066,1
2670,90.0,-0.009081735620585391,93.88954171562868,0.056882845634151066,1
2671,90.0,-0.009081735620585391,93.88954171562868,0.056882845634151066,1
2672,90.0,-0.009081735620585391,93.88954171562868,0.056882845634151066,1
2673,90.0,-0.009081735620585391,93.88954171562868,0.056882845634151066,1
2674,90.0,-0.009081735620585391,93.88954171562868,0.056882845634151066,1
2675,90.0,-0.009081735620585391,93.88954171562868,0.056882845634151066,1
2676,90.0,-0.009081735620585391,93.89671361502347,0.05690018519701102,1
2677,90.0,-0.009081735620585391,93.89671361502347,0.05690018519701102,1
2678,90.0,-0.009081735620585391,93.89671361502347,0.05690018519701102,1
2679,90.0,-0.009081735620585391,93.89671361502347,0.05690018519701102,1
2680,90.0,-0.009081735620585391,93.89671361502347,0.05690018519701102,1
2681,90.0,-0.009081735620585391,93.89671361502347,0.05690018519701102,1
2682,90.0,-0.009081735620585391,93.90386869871044,0.05691748346905498,1
2683,90.0,-0.009081735620585391,93.91100702576112,0.056934740597593445,1
2684,90.0,-0.009081735620585391,93.91812865497076,0.056951956729239465,1
2685,90.0,-0.009081735620585391,93.92523364485982,0.056969132009916074,1
2686,90.0,-0.009081735620585391,93.9323220536756,0.05698626658484295,1
2687,90.0,-0.009081735620585391,93.93939393939394,0.05700336059856727,1
2688,90.0,-0.009081735620585391,93.93939393939394,0.05700336059856727,1
2689,90.0,-0.009081735620585391,93.93939393939394,0.05700336059856727,1
2690,90.0,-0.009081735620585391,93.93939393939394,0.05700336059856727,1
2691,90.0,-0.009081735620585391,93.93939393939394,0.05700336059856727,1
2692,90.0,-0.009081735620585391,93.93939393939394,0.05700336059856727,1
2693,90.0,-0.009081735620585391,93.93939393939394,0.05700336059856727,1
2694,90.0,-0.009081735620585391,93.93939393939394,0.05700336059856727,1
2695,90.0,-0.009081735620585391,93.93939393939394,0.05700336059856727,1
2696,90.0,-0.009081735620585391,93.93939393939394,0.05700336059856727,1
2697,90.0,-0.009081735620585391,93.93939393939394,0.05700336059856727,1
2698,90.0,-0.009081735620585391,93.93939393939394,0.05700336059856727,1
2699,90.0,-0.009081735620585391,93.9464493597206,0.05702041419493719,1
2700,90.0,-0.009081735620585391,93.9464493597206,0.05702041419493719,1
2701,90.0,-0.009081735620585391,93.9464493597206,0.05702041419493719,1
2702,90.0,-0.009081735620585391,93.9464493597206,0.05702041419493719,1
2703,90.0,-0.009081735620585391,93.9464493597206,0.05702041419493719,1
2704,90.0,-0.009081735620585391,93.95348837209302,0.057037427517131,1
2705,90.0,-0.009081735620585391,93.96051103368177,0.05705440070765256,1
2706,90.0,-0.009081735620585391,93.96751740139212,0.05707133390832498,1
2707,90.0,-0.009081735620585391,93.96751740139212,0.05707133390832498,1
2708,90.0,-0.009081735620585391,93.96751740139212,0.05707133390832498,1
2709,90.0,-0.009081735620585391,93.96751740139212,0.05707133390832498,1
2710,90.0,-0.009081735620585391,93.96751740139212,0.05707133390832498,1
2711,90.0,-0.009081735620585391,93.97450753186558,0.05708822726031013,1
2712,90.0,-0.009081735620585391,93.98148148148148,0.05710508090411203,1
2713,90.0,-0.009081735620585391,93.98843930635839,0.05712189497956306,1
2714,90.0,-0.009081735620585391,93.99538106235565,0.057138669625845774,1
2715,90.0,-0.009081735620585391,93.99538106235565,0.057138669625845774,1
2716,90.0,-0.009081735620585391,94.00230680507498,0.05715540498149279,1
2717,90.0,-0.009081735620585391,94.00921658986175,0.057172101184383296,1
2718,90.0,-0.009081735620585391,93.90103567318758,0.055492894202571946,1
2719,90.0,-0.009081735620585391,93.90804597701148,0.05551003687013459,1
2720,90.0,-0.009081735620585391,93.9150401836969,0.05552713955439106,1
2721,90.0,-0.009081735620585391,93.92201834862385,0.05554420239506295,1
2722,90.0,-0.009081735620585391,93.81443298969072,0.05417118093174347,1
2723,90.0,-0.009081735620585391,93.7070938215103,0.05284520807061885,1
2724,90.0,-0.009081735620585391,93.60000000000001,0.05156395168783103,1
2725,90.0,-0.009081735620585391,93.4931506849315,0.05032523108524441,1
2726,90.0,-0.009081735620585391,93.5005701254276,0.05034290165086766,1
2727,90.0,-0.009081735620585391,93.5005701254276,0.05034290165086766,1
2728,90.0,-0.009081735620585391,93.5005701254276,0.05034290165086766,1
2729,90.0,-0.009081735620585391,93.5005701254276,0.05034290165086766,1
2730,90.0,-0.009081735620585391,93.5005701254276,0.05034290165086766,1
2731,90.0,-0.009081735620585391,93.5005701254276,0.05034290165086766,1
2732,90.0,-0.009081735620585391,93.50797266514806,0.05036053130929771,1
2733,90.0,-0.009081735620585391,93.51535836177474,0.0503781202024225,1
2734,90.0,-0.009081735620585391,93.52272727272727,0.050395668471469944,1
2735,90.0,-0.009081735620585391,93.53007945516458,0.05041317625702085,1
2736,90.0,-0.009081735620585391,93.5374149659864,0.05043064369900402,1
2737,90.0,-0.009081735620585391,93.54473386183464,0.050448070936704184,1
2738,90.0,-0.009081735620585391,93.54473386183464,0.050448070936704184,1
2739,90.0,-0.009081735620585391,93.54473386183464,0.050448070936704184,1
2740,90.0,-0.009081735620585391,93.54473386183464,0.050448070936704184,1
2741,90.0,-0.009081735620585391,93.55203619909503,0.0504654581087705,1
2742,90.0,-0.009081735620585391,93.55932203389831,0.05048280535320994,1
2743,90.0,-0.009081735620585391,93.56659142212189,0.05050011280739886,1
2744,90.0,-0.009081735620585391,93.56659142212189,0.05050011280739886,1
2745,90.0,-0.009081735620585391,93.57384441939121,0.05051738060808499,1
2746,90.0,-0.009081735620585391,93.58108108108108,0.05053460889139059,1
2747,90.0,-0.009081735620585391,93.58830146231722,0.050551797792809945,1
2748,90.0,-0.009081735620585391,93.58830146231722,0.050551797792809945,1
2749,90.0,-0.009081735620585391,93.58830146231722,0.050551797792809945,1
2750,90.0,-0.009081735620585391,93.58830146231722,0.050551797792809945,1
2751,90.0,-0.009081735620585391,93.58830146231722,0.050551797792809945,1
2752,90.0,-0.009081735620585391,93.58830146231722,0.050551797792809945,1
2753,90.0,-0.009081735620585391,93.59550561797752,0.05056894744722232,1
2754,90.0,-0.009081735620585391,93.59550561797752,0.05056894744722232,1
2755,90.0,-0.009081735620585391,93.59550561797752,0.05056894744722232,1
2756,90.0,-0.009081735620585391,93.59550561797752,0.05056894744722232,1
2757,90.0,-0.009081735620585391,93.60269360269359,0.05058605798889567,1
2758,90.0,-0.009081735620585391,93.60986547085201,0.050603129551479116,1
2759,90.0,-0.009081735620585391,93.61702127659575,0.050620162268020866,1
2760,90.0,-0.009081735620585391,93.6241610738255,0.050637156270959396,1
2761,90.0,-0.009081735620585391,93.63128491620112,0.05065411169213038,1
2762,90.0,-0.009081735620585391,93.63839285714286,0.05067102866277527,1
2763,90.0,-0.009081735620585391,93.5340022296544,0.04947564585084212,1
2764,90.0,-0.009081735620585391,93.54120267260579,0.04949266369808119,1
2765,84.0,-0.024983984625240322,93.54838709677419,0.04950964307849211,1
2766,84.0,-0.024983984625240322,93.55555555555556,0.04952658412236005,1
2767,84.0,-0.024983984625240322,93.55555555555556,0.04952658412236005,1
2768,84.0,-0.024983984625240322,93.55555555555556,0.04952658412236005,1
2769,84.0,-0.024983984625240322,93.55555555555556,0.04952658412236005,1
2770,84.0,-0.024983984625240322,93.55555555555556,0.04952658412236005,1
2771,84.0,-0.024983984625240322,93.55555555555556,0.04952658412236005,1
2772,84.0,-0.024983984625240322,93.55555555555556,0.04952658412236005,1
2773,84.0,-0.024983984625240322,93.55555555555556,0.04952658412236005,1
2774,84.0,-0.024983984625240322,93.56270810210877,0.04954348695936698,1
2775,84.0,-0.024983984625240322,93.56984478935698,0.04956035171862381,1
2776,84.0,-0.024983984625240322,93.57696566998892,0.04957717852865375,1
2777,84.0,-0.024983984625240322,93.58407079646017,0.04959396751740042,1
2778,84.0,-0.024983984625240322,93.59116022099447,0.04961071881223947,1
2779,84.0,-0.024983984625240322,93.59116022099447,0.04961071881223947,1
2780,84.0,-0.024983984625240322,93.59116022099447,0.04961071881223947,1
2781,84.0,-0.024983984625240322,93.59823399558499,0.04962743253996986,1
2782,84.0,-0.024983984625240322,93.60529217199559,0.049644108826823866,1
2783,84.0,-0.024983984625240322,93.6123348017621,0.049660747798469324,1
2784,84.0,-0.024983984625240322,93.61936193619363,0.04967734958001528,1
2785,84.0,-0.024983984625240322,93.62637362637362,0.049693914296002735,1
2786,84.0,-0.024983984625240322,93.63336992316135,0.0497104420704297,1
2787,84.0,-0.024983984625240322,93.64035087719299,0.04972693302673272,1
2788,84.0,-0.024983984625240322,93.64035087719299,0.04972693302673272,1
2789,84.0,-0.024983984625240322,93.6473165388828,0.04974338728780206,1
2790,84.0,-0.024983984625240322,93.6473165388828,0.04974338728780206,1
2791,84.0,-0.024983984625240322,93.6542669584245,0.0497598049759791,1
2792,84.0,-0.024983984625240322,93.66120218579235,0.04977618621307053,1
2793,84.0,-0.024983984625240322,93.66812227074236,0.049792531120332856,1
2794,84.0,-0.024983984625240322,93.66812227074236,0.049792531120332856,1
2795,84.0,-0.024983984625240322,93.66812227074236,0.049792531120332856,1
2796,84.0,-0.024983984625240322,93.67502726281353,0.049808839818487854,1
2797,84.0,-0.024983984625240322,93.68191721132898,0.04982511242772522,1
2798,84.0,-0.024983984625240322,93.68879216539717,0.049841349067703454,1
2799,84.0,-0.024983984625240322,93.68879216539717,0.049841349067703454,1
2800,84.0,-0.024983984625240322,93.68879216539717,0.049841349067703454,1
2801,84.0,-0.024983984625240322,93.68879216539717,0.049841349067703454,1
2802,84.0,-0.024983984625240322,93.68879216539717,0.049841349067703454,1
2803,84.0,-0.024983984625240322,93.68879216539717,0.049841349067703454,1
2804,84.0,-0.024983984625240322,93.69565217391305,0.04985754985754954,1
2805,84.0,-0.024983984625240322,93.70249728555918,0.04987371491586926,1
2806,84.0,-0.024983984625240322,93.70932754880694,0.04988984436074238,1
2807,84.0,-0.024983984625240322,93.70932754880694,0.04988984436074238,1
2808,84.0,-0.024983984625240322,93.70932754880694,0.04988984436074238,1
2809,84.0,-0.024983984625240322,93.71614301191767,0.049905938309729676,1
2810,84.0,-0.024983984625240322,93.72294372294373,0.0499219968798744,1
2811,84.0,-0.024983984625240322,93.72972972972973,0.049938020187709986,1
2812,84.0,-0.024983984625240322,93.62850971922246,0.048486537322791484,1
2813,84.0,-0.024983984625240322,93.62850971922246,0.048486537322791484,1
2814,84.0,-0.024983984625240322,93.6353829557713,0.04850298359457827,1
2815,84.0,-0.024983984625240322,93.64224137931035,0.04851939385513608,1
2816,84.0,-0.024983984625240322,93.64908503767492,0.04853576822261193,1
2817,84.0,-0.024983984625240322,93.65591397849462,0.04855210681463418,1
2818,84.0,-0.024983984625240322,93.66272824919442,0.04856840974832302,1
2819,84.0,-0.024983984625240322,93.6695278969957,0.04858467714028634,1
2820,84.0,-0.024983984625240322,93.67631296891747,0.048600909106622424,1
2821,84.0,-0.024983984625240322,93.6830835117773,0.04861710576292205,1
2822,84.0,-0.024983984625240322,93.6830835117773,0.04861710576292205,1
2823,84.0,-0.024983984625240322,93.6830835117773,0.04861710576292205,1
2824,84.0,-0.024983984625240322,93.6830835117773,0.04861710576292205,1
2825,84.0,-0.024983984625240322,93.6830835117773,0.04861710576292205,1
2826,84.0,-0.024983984625240322,93.6830835117773,0.04861710576292205,1
2827,84.0,-0.024983984625240322,93.6830835117773,0.04861710576292205,1
2828,84.0,-0.024983984625240322,93.6830835117773,0.04861710576292205,1
2829,84.0,-0.024983984625240322,93.6830835117773,0.04861710576292205,1
2830,84.0,-0.024983984625240322,93.58288770053476,0.04748968538295697,1
2831,84.0,-0.024983984625240322,93.58974358974359,0.047505978528179,1
2832,84.0,-0.024983984625240322,93.5965848452508,0.04752223634053323,1
2833,84.0,-0.024983984625240322,93.5965848452508,0.04752223634053323,1
2834,84.0,-0.024983984625240322,93.5965848452508,0.04752223634053323,1
2835,84.0,-0.024983984625240322,93.5965848452508,0.04752223634053323,1
2836,84.0,-0.024983984625240322,93.5965848452508,0.04752223634053323,1
2837,84.0,-0.024983984625240322,93.5965848452508,0.04752223634053323,1
2838,84.0,-0.024983984625240322,93.5965848452508,0.04752223634053323,1
2839,84.0,-0.024983984625240322,93.60341151385929,0.0475384589348281,1
2840,84.0,-0.024983984625240322,93.61022364217251,0.04755464642536991,1
2841,84.0,-0.024983984625240322,93.61702127659575,0.047570798925984877,1
2842,84.0,-0.024983984625240322,93.62380446333688,0.04758691654999066,1
2843,84.0,-0.024983984625240322,93.63057324840764,0.04760299941022761,1
2844,84.0,-0.024983984625240322,93.63057324840764,0.04760299941022761,1
2845,84.0,-0.024983984625240322,93.63057324840764,0.04760299941022761,1
2846,84.0,-0.024983984625240322,93.6373276776246,0.04761904761904857,1
2847,84.0,-0.024983984625240322,93.6373276776246,0.04761904761904857,1
2848,84.0,-0.024983984625240322,93.6373276776246,0.04761904761904857,1
2849,84.0,-0.024983984625240322,93.6373276776246,0.04761904761904857,1
2850,84.0,-0.024983984625240322,93.6373276776246,0.04761904761904857,1
2851,84.0,-0.024983984625240322,93.64406779661016,0.04763506128831625,1
2852,84.0,-0.024983984625240322,93.65079365079364,0.04765104052941878,1
2853,84.0,-0.024983984625240322,93.65750528541226,0.04766698545326524,1
2854,84.0,-0.024983984625240322,93.66420274551214,0.047682896170284234,1
2855,84.0,-0.024983984625240322,93.67088607594937,0.04769877279043659,1
2856,84.0,-0.024983984625240322,93.67755532139094,0.04771461542321097,1
2857,84.0,-0.024983984625240322,93.6842105263158,0.04773042417762259,1
2858,84.0,-0.024983984625240322,93.69085173501577,0.047746199162228754,1
2859,84.0,-0.024983984625240322,93.69747899159664,0.04776194048512075,1
2860,84.0,-0.024983984625240322,93.70409233997901,0.04777764825392749,1
2861,84.0,-0.024983984625240322,93.71069182389937,0.047793322575817046,1
2862,84.0,-0.024983984625240322,93.717277486911,0.04780896355750739,1
2863,84.0,-0.024983984625240322,93.717277486911,0.04780896355750739,1
2864,84.0,-0.024983984625240322,93.717277486911,0.04780896355750739,1
2865,84.0,-0.024983984625240322,93.717277486911,0.04780896355750739,1
2866,84.0,-0.024983984625240322,93.717277486911,0.04780896355750739,1
2867,84.0,-0.024983984625240322,93.717277486911,0.04780896355750739,1
2868,84.0,-0.024983984625240322,93.717277486911,0.04780896355750739,1
2869,84.0,-0.024983984625240322,93.72384937238493,0.04782457130525612,1
2870,84.0,-0.024983984625240322,93.73040752351098,0.04784014592488279,1
2871,84.0,-0.024983984625240322,93.73695198329854,0.04785568752174094,1
2872,84.0,-0.024983984625240322,93.74348279457769,0.04787119620075021,1
2873,84.0,-0.024983984625240322,93.75,0.04788667206638278,1
2874,84.0,-0.024983984625240322,93.75650364203955,0.04790211522266973,1
2875,84.0,-0.024983984625240322,93.76299376299376,0.04791752577319576,1
2876,84.0,-0.024983984625240322,93.76947040498442,0.04793290382112174,1
2877,84.0,-0.024983984625240322,93.76947040498442,0.04793290382112174,1
2878,84.0,-0.024983984625240322,93.76947040498442,0.04793290382112174,1
2879,84.0,-0.024983984625240322,93.7759336099585,0.04794824946916161,1
2880,84.0,-0.024983984625240322,93.78238341968913,0.047963562819606516,1
2881,84.0,-0.024983984625240322,93.78238341968913,0.047963562819606516,1
2882,84.0,-0.024983984625240322,93.7888198757764,0.04797884397431001,1
2883,84.0,-0.024983984625240322,93.7952430196484,0.04799409303470415,1
2884,84.0,-0.024983984625240322,93.80165289256198,0.0480093101017878,1
2885,84.0,-0.024983984625240322,93.80165289256198,0.0480093101017878,1
2886,84.0,-0.024983984625240322,93.80165289256198,0.0480093101017878,1
2887,84.0,-0.024983984625240322,93.80165289256198,0.0480093101017878,1
2888,84.0,-0.024983984625240322,93.80165289256198,0.0480093101017878,1
2889,84.0,-0.024983984625240322,93.80165289256198,0.0480093101017878,1
2890,84.0,-0.024983984625240322,93.80165289256198,0.0480093101017878,1
2891,84.0,-0.024983984625240322,93.80804953560371,0.04802449527614459,1
2892,84.0,-0.024983984625240322,93.80804953560371,0.04802449527614459,1
2893,84.0,-0.024983984625240322,93.80804953560371,0.04802449527614459,1
2894,84.0,-0.024983984625240322,93.80804953560371,0.04802449527614459,1
2895,84.0,-0.024983984625240322,93.81443298969072,0.04803964865793134,1
2896,84.0,-0.024983984625240322,93.82080329557158,0.04805477034689077,1
2897,84.0,-0.024983984625240322,93.72427983539094,0.04669110553733265,1
2898,84.0,-0.024983984625240322,93.73072970195273,0.046706606061580176,1
2899,84.0,-0.024983984625240322,93.63449691991786,0.04538484642501553,1
2900,84.0,-0.024983984625240322,93.63449691991786,0.04538484642501553,1
2901,84.0,-0.024983984625240322,93.63449691991786,0.04538484642501553,1
2902,84.0,-0.024983984625240322,93.63449691991786,0.04538484642501553,1
2903,84.0,-0.024983984625240322,93.63449691991786,0.04538484642501553,1
2904,84.0,-0.024983984625240322,93.53846153846153,0.04434072345390969,1
2905,84.0,-0.024983984625240322,93.53846153846153,0.04434072345390969,1
2906,84.0,-0.024983984625240322,93.53846153846153,0.04434072345390969,1
2907,84.0,-0.024983984625240322,93.53846153846153,0.04434072345390969,1
2908,84.0,-0.024983984625240322,93.53846153846153,0.04434072345390969,1
2909,84.0,-0.024983984625240322,93.53846153846153,0.04434072345390969,1
2910,84.0,-0.024983984625240322,93.53846153846153,0.04434072345390969,1
2911,84.0,-0.024983984625240322,93.53846153846153,0.04434072345390969,1
2912,84.0,-0.024983984625240322,93.53846153846153,0.04434072345390969,1
2913,84.0,-0.024983984625240322,93.53846153846153,0.04434072345390969,1
2914,84.0,-0.024983984625240322,93.53846153846153,0.04434072345390969,1
2915,84.0,-0.024983984625240322,93.53846153846153,0.04434072345390969,1
2916,84.0,-0.024983984625240322,93.53846153846153,0.04434072345390969,1
2917,84.0,-0.024983984625240322,93.53846153846153,0.04434072345390969,1
2918,84.0,-0.024983984625240322,93.53846153846153,0.04434072345390969,1
2919,84.0,-0.024983984625240322,93.53846153846153,0.04434072345390969,1
2920,84.0,-0.024983984625240322,93.54508196721312,0.04435671878399928,1
2921,84.0,-0.024983984625240322,93.55168884339817,0.04437268083652883,1
2922,84.0,-0.024983984625240322,93.55828220858896,0.044388609715243534,1
2923,84.0,-0.024983984625240322,93.56486210418795,0.04440450552345085,1
2924,84.0,-0.024983984625240322,93.57142857142857,0.044420368364028934,1
2925,84.0,-0.024983984625240322,93.57798165137615,0.04443619833944168,1
2926,84.0,-0.024983984625240322,93.58452138492872,0.044451995551712205,1
2927,84.0,-0.024983984625240322,93.5910478128179,0.04446776010245232,1
2928,84.0,-0.024983984625240322,93.59756097560977,0.044483492092852,1
2929,84.0,-0.024983984625240322,93.6040609137056,0.04449919162368169,1
2930,84.0,-0.024983984625240322,93.6105476673428,0.044514858795299504,1
2931,84.0,-0.024983984625240322,93.61702127659575,0.04453049370764722,1
2932,84.0,-0.024983984625240322,93.62348178137651,0.044546096460259046,1
2933,84.0,-0.024983984625240322,93.62992922143579,0.04456166715225451,1
2934,84.0,-0.024983984625240322,93.63636363636364,0.04457720588235522,1
2935,84.0,-0.024983984625240322,93.64278506559032,0.04459271274886343,1
2936,84.0,-0.024983984625240322,93.6491935483871,0.04460818784969653,1
2937,84.0,-0.024983984625240322,93.65558912386706,0.04462363128235598,1
2938,84.0,-0.024983984625240322,93.66197183098592,0.04463904314395558,1
2939,84.0,-0.024983984625240322,93.66834170854271,0.044654423531204655,1
2940,84.0,-0.024983984625240322,93.67469879518072,0.04466977254042038,1
2941,84.0,-0.024983984625240322,93.68104312938816,0.04468509026753365,1
2942,84.0,-0.024983984625240322,93.687374749499,0.044700376808070846,1
2943,94.0,-0.013513513513513896,93.5935935935936,0.043447037701975104,1
2944,94.0,-0.013513513513513896,93.5,0.04223027731117411,1
2945,94.0,-0.013513513513513896,93.5064935064935,0.042246264811951845,1
2946,94.0,-0.013513513513513896,93.41317365269461,0.04106490342787603,1
2947,94.0,-0.013513513513513896,93.419740777667,0.04108120636208179,1
2948,94.0,-0.013513513513513896,93.42629482071713,0.041097476267652186,1
2949,94.0,-0.013513513513513896,93.43283582089552,0.04111371324486046,1
2950,94.0,-0.013513513513513896,93.43936381709742,0.04112991739356547,1
2951,94.0,-0.013513513513513896,93.44587884806356,0.041146088813227684,1
2952,94.0,-0.013513513513513896,93.45238095238095,0.041162227602904916,1
2953,94.0,-0.013513513513513896,93.35976214073341,0.04001647235909845,1
2954,94.0,-0.013513513513513896,93.36633663366337,0.04003291153606222,1
2955,94.0,-0.013513513513513896,93.3728981206726,0.04004931763105235,1
2956,94.0,-0.013513513513513896,93.37944664031622,0.04006569074383418,1
2957,94.0,-0.013513513513513896,93.38598223099703,0.04008203097376307,1
2958,94.0,-0.013513513513513896,93.39250493096647,0.04009833841980368,1
2959,94.0,-0.013513513513513896,93.39901477832512,0.0401146131805155,1
2960,94.0,-0.013513513513513896,93.39901477832512,0.0401146131805155,1
2961,94.0,-0.013513513513513896,93.39901477832512,0.0401146131805155,1
2962,94.0,-0.013513513513513896,93.39901477832512,0.0401146131805155,1
2963,94.0,-0.013513513513513896,93.39901477832512,0.0401146131805155,1
2964,94.0,-0.013513513513513896,93.39901477832512,0.0401146131805155,1
2965,94.0,-0.013513513513513896,93.39901477832512,0.0401146131805155,1
2966,94.0,-0.013513513513513896,93.39901477832512,0.0401146131805155,1
2967,94.0,-0.013513513513513896,93.39901477832512,0.0401146131805155,1
2968,94.0,-0.013513513513513896,93.39901477832512,0.0401146131805155,1
2969,94.0,-0.013513513513513896,93.39901477832512,0.0401146131805155,1
2970,94.0,-0.013513513513513896,93.39901477832512,0.0401146131805155,1
2971,94.0,-0.013513513513513896,93.39901477832512,0.0401146131805155,1
2972,94.0,-0.013513513513513896,93.39901477832512,0.0401146131805155,1
2973,94.0,-0.013513513513513896,93.39901477832512,0.0401146131805155,1
2974,94.0,-0.013513513513513896,93.39901477832512,0.0401146131805155,1
2975,94.0,-0.013513513513513896,93.39901477832512,0.0401146131805155,1
2976,94.0,-0.013513513513513896,93.39901477832512,0.0401146131805155,1
2977,94.0,-0.013513513513513896,93.39901477832512,0.0401146131805155,1
2978,94.0,-0.013513513513513896,93.39901477832512,0.0401146131805155,1
2979,94.0,-0.013513513513513896,93.39901477832512,0.0401146131805155,1
2980,94.0,-0.013513513513513896,93.39901477832512,0.0401146131805155,1
2981,94.0,-0.013513513513513896,93.39901477832512,0.0401146131805155,1
2982,94.0,-0.013513513513513896,93.39901477832512,0.0401146131805155,1
2983,94.0,-0.013513513513513896,93.39901477832512,0.0401146131805155,1
2984,94.0,-0.013513513513513896,93.39901477832512,0.0401146131805155,1
2985,94.0,-0.013513513513513896,93.39901477832512,0.0401146131805155,1
2986,94.0,-0.013513513513513896,93.39901477832512,0.0401146131805155,1
2987,94.0,-0.013513513513513896,93.39901477832512,0.0401146131805155,1
2988,94.0,-0.013513513513513896,93.39901477832512,0.0401146131805155,1
2989,94.0,-0.013513513513513896,93.39901477832512,0.0401146131805155,1
2990,94.0,-0.013513513513513896,93.39901477832512,0.0401146131805155,1
2991,94.0,-0.013513513513513896,93.39901477832512,0.0401146131805155,1
2992,94.0,-0.013513513513513896,93.39901477832512,0.0401146131805155,1
2993,94.0,-0.013513513513513896,93.39901477832512,0.0401146131805155,1
2994,94.0,-0.013513513513513896,93.39901477832512,0.0401146131805155,1
2995,94.0,-0.013513513513513896,93.39901477832512,0.0401146131805155,1
2996,94.0,-0.013513513513513896,93.39901477832512,0.0401146131805155,1
2997,94.0,-0.013513513513513896,93.39901477832512,0.0401146131805155,1
2998,94.0,-0.013513513513513896,93.39901477832512,0.0401146131805155,1
2999,94.0,-0.013513513513513896,93.39901477832512,0.0401146131805155,1
