instance_id,window_accuracy,window_kappa,cumulative_accuracy,cumulative_kappa,region_already_present
0,-1,-1,0.0,0.0,1
1,-1,-1,0.0,0.0,1
2,-1,-1,0.0,0.0,1
3,-1,-1,0.0,0.0,1
4,-1,-1,0.0,0.0,1
5,-1,-1,16.666666666666664,0.03225806451612901,1
6,-1,-1,14.285714285714285,0.04545454545454544,1
7,-1,-1,12.5,0.05084745762711865,1
8,-1,-1,11.11111111111111,0.05263157894736842,1
9,-1,-1,10.0,0.052631578947368425,1
10,-1,-1,9.090909090909092,0.04347826086956522,1
11,-1,-1,16.666666666666664,0.07692307692307691,1
12,-1,-1,15.384615384615385,0.06535947712418301,1
13,-1,-1,21.428571428571427,0.08875739644970411,1
14,-1,-1,26.666666666666668,0.10810810810810813,1
15,-1,-1,31.25,0.12437810945273632,1
16,-1,-1,35.294117647058826,0.13824884792626727,1
17,-1,-1,38.88888888888889,0.1502145922746781,1
18,-1,-1,42.10526315789473,0.16064257028112447,1
19,-1,-1,40.0,0.16666666666666674,1
20,-1,-1,38.095238095238095,0.1702127659574468,1
21,-1,-1,36.36363636363637,0.17204301075268819,1
22,-1,-1,39.130434782608695,0.18274111675126906,1
23,-1,-1,41.66666666666667,0.19230769230769235,1
24,-1,-1,40.0,0.17582417582417584,1
25,-1,-1,42.30769230769231,0.18410041841004182,1
26,-1,-1,40.74074074074074,0.16923076923076918,1
27,-1,-1,42.857142857142854,0.17647058823529405,1
28,-1,-1,44.827586206896555,0.1830985915492958,1
29,-1,-1,46.666666666666664,0.18918918918918923,1
30,-1,-1,48.38709677419355,0.19480519480519484,1
31,-1,-1,50.0,0.2,1
32,-1,-1,51.515151515151516,0.20481927710843373,1
33,-1,-1,52.94117647058824,0.2093023255813954,1
34,-1,-1,54.285714285714285,0.21348314606741567,1
35,-1,-1,55.55555555555556,0.21739130434782608,1
36,-1,-1,54.054054054054056,0.202788339670469,1
37,-1,-1,55.26315789473685,0.2063882063882064,1
38,-1,-1,56.41025641025641,0.2097735399284863,1
39,-1,-1,57.49999999999999,0.21296296296296294,1
40,-1,-1,56.09756097560976,0.1995661605206074,1
41,-1,-1,57.14285714285714,0.20253164556962028,1
42,-1,-1,58.139534883720934,0.2053388090349076,1
43,-1,-1,59.09090909090909,0.20799999999999996,1
44,-1,-1,60.0,0.2105263157894737,1
45,-1,-1,60.86956521739131,0.21292775665399244,1
46,-1,-1,61.702127659574465,0.21521335807050093,1
47,-1,-1,62.5,0.21739130434782603,1
48,-1,-1,61.224489795918366,0.2049530315969256,1
49,-1,-1,62.0,0.20701168614357277,1
50,-1,-1,62.745098039215684,0.2089795918367347,1
51,-1,-1,63.46153846153846,0.21086261980830678,1
52,-1,-1,64.15094339622641,0.212666145426114,1
53,-1,-1,62.96296296296296,0.20118343195266264,1
54,-1,-1,63.63636363636363,0.2028985507246376,1
55,-1,-1,64.28571428571429,0.20454545454545456,1
56,-1,-1,64.91228070175438,0.20612813370473543,1
57,-1,-1,63.793103448275865,0.19550858652575961,1
58,-1,-1,64.40677966101694,0.19701879455605964,1
59,-1,-1,65.0,0.19847328244274812,1
60,-1,-1,65.57377049180327,0.19987507807620236,1
61,-1,-1,66.12903225806451,0.20122699386503057,1
62,-1,-1,65.07936507936508,0.18518518518518529,1
63,-1,-1,65.625,0.18659734257654534,1
64,-1,-1,66.15384615384615,0.18796138557637687,1
65,-1,-1,66.66666666666666,0.1892797319932998,1
66,-1,-1,65.67164179104478,0.1798829164449174,1
67,-1,-1,64.70588235294117,0.16564417177914115,1
68,-1,-1,65.21739130434783,0.16700201207243448,1
69,-1,-1,65.71428571428571,0.16831683168316844,1
70,-1,-1,66.19718309859155,0.16959064327485385,1
71,-1,-1,66.66666666666666,0.1708253358925142,1
72,-1,-1,67.12328767123287,0.17202268431001896,1
73,-1,-1,66.21621621621621,0.16365280289330925,1
74,-1,-1,66.66666666666666,0.16481069042316243,1
75,-1,-1,67.10526315789474,0.1659350307287094,1
76,-1,-1,67.53246753246754,0.16702726092600614,1
77,-1,-1,67.94871794871796,0.16808873720136502,1
78,-1,-1,68.35443037974683,0.16912074042911232,1
79,-1,-1,68.75,0.1701244813278009,1
80,-1,-1,69.1358024691358,0.17110110519852634,1
81,-1,-1,68.29268292682927,0.1589743589743593,1
82,-1,-1,68.67469879518072,0.15998442973919808,1
83,-1,-1,69.04761904761905,0.1609681137149444,1
84,-1,-1,68.23529411764706,0.15344891184064924,1
85,-1,-1,68.6046511627907,0.1544064093226513,1
86,-1,-1,68.96551724137932,0.1553398058252429,1
87,-1,-1,69.31818181818183,0.15625000000000017,1
88,-1,-1,69.66292134831461,0.15713784636969494,1
89,-1,-1,70.0,0.15800415800415796,1
90,-1,-1,69.23076923076923,0.15094968343885368,1
91,-1,-1,69.56521739130434,0.15179453407968385,1
92,-1,-1,69.89247311827957,0.15261958997722114,1
93,-1,-1,70.2127659574468,0.15342553875844334,1
94,-1,-1,70.52631578947368,0.15421303656597773,1
95,-1,-1,70.83333333333334,0.1549827098396732,1
96,-1,-1,71.1340206185567,0.15573515697855142,1
97,-1,-1,71.42857142857143,0.15647094989240704,1
98,-1,-1,71.71717171717171,0.15719063545150494,1
99,72.0,0.15789473684210523,72.0,0.15789473684210523,1
100,72.0,0.15789473684210523,72.27722772277228,0.15858375483487042,1
101,72.0,0.15789473684210523,72.54901960784314,0.15925816897262274,1
102,72.0,0.15789473684210523,72.81553398058253,0.15991843868336728,1
103,72.0,0.15789473684210523,73.07692307692307,0.1605650043240126,1
104,72.0,0.15789473684210523,73.33333333333333,0.16119828815977166,1
105,72.0,0.15789473684210523,73.58490566037736,0.16181869528381776,1
106,72.0,0.15789473684210523,73.83177570093457,0.16242661448140894,1
107,72.0,0.15789473684210523,74.07407407407408,0.16302241904234718,1
108,72.0,0.15789473684210523,74.31192660550458,0.16360646752534927,1
109,72.0,0.15789473684210523,74.54545454545455,0.16417910447761208,1
110,72.0,0.15789473684210523,74.77477477477478,0.16474066111260438,1
111,72.0,0.15789473684210523,75.0,0.16529145594889527,1
112,72.0,0.15789473684210523,75.22123893805309,0.16583179541260204,1
113,72.0,0.15789473684210523,75.43859649122807,0.16636197440585018,1
114,72.0,0.15789473684210523,75.65217391304347,0.16688227684346685,1
115,72.0,0.15789473684210523,75.0,0.16025961058412388,1
116,72.0,0.15789473684210523,75.21367521367522,0.16077170418006417,1
117,72.0,0.15789473684210523,75.42372881355932,0.16127450980392136,1
118,72.0,0.15789473684210523,75.63025210084034,0.16176827787223708,1
119,72.0,0.15789473684210523,75.83333333333333,0.16225324987963405,1
120,72.0,0.15789473684210523,76.03305785123968,0.16272965879265086,1
121,72.0,0.15789473684210523,76.22950819672131,0.16319772942289476,1
122,72.0,0.15789473684210523,76.42276422764228,0.16365767878077409,1
123,72.0,0.15789473684210523,76.61290322580645,0.16410971641097188,1
124,72.0,0.15789473684210523,76.0,0.15502478593961233,1
125,72.0,0.15789473684210523,76.19047619047619,0.15549597855227865,1
126,72.0,0.15789473684210523,76.37795275590551,0.15595923792645083,1
127,72.0,0.15789473684210523,76.5625,0.15641476274165203,1
128,72.0,0.15789473684210523,76.74418604651163,0.15686274509803944,1
129,72.0,0.15789473684210523,76.92307692307693,0.15730337078651702,1
130,72.0,0.15789473684210523,76.33587786259542,0.15130616509926886,1
131,72.0,0.15789473684210523,76.51515151515152,0.1517412935323385,1
132,72.0,0.15789473684210523,76.69172932330827,0.15216944273082467,1
133,72.0,0.15789473684210523,76.86567164179104,0.15259077927376608,1
134,72.0,0.15789473684210523,77.03703703703704,0.15300546448087424,1
135,72.0,0.15789473684210523,77.20588235294117,0.15341365461847403,1
136,72.0,0.15789473684210523,77.37226277372264,0.15381550109583603,1
137,72.0,0.15789473684210523,77.53623188405797,0.15421115065243174,1
138,72.0,0.15789473684210523,77.6978417266187,0.15460074553659053,1
139,72.0,0.15789473684210523,77.85714285714286,0.15498442367601262,1
140,72.0,0.15789473684210523,78.01418439716312,0.15536231884057997,1
141,72.0,0.15789473684210523,78.16901408450704,0.1557345607978516,1
142,72.0,0.15789473684210523,78.32167832167832,0.15610127546164113,1
143,72.0,0.15789473684210523,78.47222222222221,0.15646258503401367,1
144,72.0,0.15789473684210523,78.62068965517241,0.1568186081410622,1
145,72.0,0.15789473684210523,78.08219178082192,0.14884314082710862,1
146,72.0,0.15789473684210523,78.2312925170068,0.1492132392837763,1
147,72.0,0.15789473684210523,78.37837837837837,0.14957802118872315,1
148,72.0,0.15789473684210523,78.52348993288591,0.1499376002852555,1
149,72.0,0.15789473684210523,78.66666666666666,0.1502920870950609,1
150,72.0,0.15789473684210523,78.80794701986756,0.15064158903146455,1
151,72.0,0.15789473684210523,78.94736842105263,0.1509862105079422,1
152,72.0,0.15789473684210523,78.43137254901961,0.14351145038167953,1
153,72.0,0.15789473684210523,78.57142857142857,0.1438679245283019,1
154,72.0,0.15789473684210523,78.70967741935485,0.1442195081144387,1
155,72.0,0.15789473684210523,78.84615384615384,0.14456630109671,1
156,72.0,0.15789473684210523,78.343949044586,0.13930990003224772,1
157,72.0,0.15789473684210523,78.48101265822784,0.13965406790518858,1
158,72.0,0.15789473684210523,78.61635220125787,0.13999363665287934,1
159,72.0,0.15789473684210523,78.75,0.14032869785082167,1
160,72.0,0.15789473684210523,78.88198757763976,0.1406593406593409,1
161,72.0,0.15789473684210523,79.01234567901234,0.1409856519026823,1
162,72.0,0.15789473684210523,79.14110429447852,0.1413077161450261,1
163,72.0,0.15789473684210523,79.26829268292683,0.14162561576354715,1
164,72.0,0.15789473684210523,79.39393939393939,0.14193943101866005,1
165,72.0,0.15789473684210523,79.51807228915662,0.1422492401215807,1
166,72.0,0.15789473684210523,79.64071856287424,0.14255511929930514,1
167,72.0,0.15789473684210523,79.76190476190477,0.14285714285714327,1
168,72.0,0.15789473684210523,79.88165680473372,0.14315538323889015,1
169,72.0,0.15789473684210523,80.0,0.1434499110847659,1
170,72.0,0.15789473684210523,80.11695906432749,0.1437407952871872,1
171,72.0,0.15789473684210523,80.23255813953489,0.14402810304449645,1
172,72.0,0.15789473684210523,80.34682080924856,0.1443118999127146,1
173,72.0,0.15789473684210523,80.45977011494253,0.14459224985540778,1
174,72.0,0.15789473684210523,80.57142857142857,0.14486921529175034,1
175,72.0,0.15789473684210523,80.68181818181817,0.14514285714285693,1
176,72.0,0.15789473684210523,80.7909604519774,0.14541323487645558,1
177,72.0,0.15789473684210523,80.89887640449437,0.1456804065499716,1
178,72.0,0.15789473684210523,81.00558659217877,0.14594442885209083,1
179,72.0,0.15789473684210523,81.11111111111111,0.14620535714285698,1
180,72.0,0.15789473684210523,81.21546961325967,0.146463245492372,1
181,72.0,0.15789473684210523,81.31868131868131,0.14671814671814673,1
182,72.0,0.15789473684210523,81.4207650273224,0.1469701124211678,1
183,72.0,0.15789473684210523,81.52173913043478,0.14721919302071948,1
184,72.0,0.15789473684210523,81.08108108108108,0.1422704994038944,1
185,72.0,0.15789473684210523,81.18279569892472,0.1425184404636459,1
186,72.0,0.15789473684210523,81.28342245989305,0.14276358873608352,1
187,72.0,0.15789473684210523,81.38297872340425,0.14300599114352724,1
188,72.0,0.15789473684210523,81.48148148148148,0.14324569356301003,1
189,72.0,0.15789473684210523,81.57894736842105,0.14348274085522922,1
190,72.0,0.15789473684210523,81.67539267015707,0.143717176892532,1
191,72.0,0.15789473684210523,81.77083333333334,0.1439490445859874,1
192,72.0,0.15789473684210523,81.86528497409327,0.14417838591156756,1
193,72.0,0.15789473684210523,81.95876288659794,0.14440524193548354,1
194,72.0,0.15789473684210523,82.05128205128204,0.14462965283870138,1
195,72.0,0.15789473684210523,82.14285714285714,0.1448516579406628,1
196,72.0,0.15789473684210523,82.23350253807106,0.14507129572225666,1
197,72.0,0.15789473684210523,82.32323232323232,0.14528860384805134,1
198,72.0,0.15789473684210523,82.41206030150754,0.14550361918782975,1
199,93.0,-0.017441860465114336,82.5,0.1457163778374417,1
200,93.0,-0.017441860465114336,82.58706467661692,0.14592691513900719,1
201,93.0,-0.017441860465114336,82.67326732673267,0.1461352657004828,1
202,93.0,-0.017441860465114336,82.75862068965517,0.14634146341463444,1
203,93.0,-0.017441860465114336,82.84313725490196,0.14654554147740892,1
204,93.0,-0.017441860465114336,82.92682926829268,0.1467475324057554,1
205,93.0,-0.017441860465114336,83.00970873786407,0.1469474680548983,1
206,93.0,-0.017441860465114336,83.09178743961353,0.14714537963507926,1
207,93.0,-0.017441860465114336,83.17307692307693,0.14734129772780521,1
208,93.0,-0.017441860465114336,83.25358851674642,0.14753525230159634,1
209,93.0,-0.017441860465114336,83.33333333333334,0.1477272727272726,1
210,93.0,-0.017441860465114336,83.41232227488152,0.14791738779277674,1
211,93.0,-0.017441860465114336,83.49056603773585,0.14810562571756583,1
212,93.0,-0.017441860465114336,83.56807511737088,0.14829201416657103,1
213,93.0,-0.017441860465114336,83.64485981308411,0.1484765802637561,1
214,93.0,-0.017441860465114336,83.72093023255815,0.1486593506052728,1
215,93.0,-0.017441860465114336,83.79629629629629,0.1488403512722356,1
216,93.0,-0.017441860465114336,83.87096774193549,0.14901960784313736,1
217,93.0,-0.017441860465114336,83.94495412844036,0.14919714540588697,1
218,93.0,-0.017441860465114336,84.01826484018264,0.1493729885695259,1
219,93.0,-0.017441860465114336,84.0909090909091,0.14954716147559102,1
220,93.0,-0.017441860465114336,84.16289592760181,0.14971968780916758,1
221,93.0,-0.017441860465114336,84.23423423423422,0.14989059080962794,1
222,93.0,-0.017441860465114336,84.30493273542601,0.15005989328106278,1
223,93.0,-0.017441860465114336,84.375,0.15022761760242762,1
224,93.0,-0.017441860465114336,84.44444444444444,0.15039378573740417,1
225,93.0,-0.017441860465114336,84.51327433628319,0.15055841924398594,1
226,93.0,-0.017441860465114336,84.58149779735683,0.15072153928380563,1
227,93.0,-0.017441860465114336,84.21052631578947,0.1447327289778048,1
228,93.0,-0.017441860465114336,84.27947598253274,0.1449019811222901,1
229,93.0,-0.017441860465114336,84.34782608695653,0.14506969540526599,1
230,93.0,-0.017441860465114336,84.4155844155844,0.14523589269195156,1
231,93.0,-0.017441860465114336,84.48275862068965,0.14540059347181014,1
232,93.0,-0.017441860465114336,84.54935622317596,0.14556381786696496,1
233,93.0,-0.017441860465114336,84.61538461538461,0.14572558564040172,1
234,93.0,-0.017441860465114336,84.68085106382979,0.14588591620393715,1
235,93.0,-0.017441860465114336,84.7457627118644,0.14604482862599258,1
236,93.0,-0.017441860465114336,84.81012658227847,0.1462023416391471,1
237,93.0,-0.017441860465114336,84.87394957983193,0.14635847364750398,1
238,93.0,-0.017441860465114336,84.93723849372385,0.14651324273385602,1
239,93.0,-0.017441860465114336,85.0,0.14666666666666653,1
240,93.0,-0.017441860465114336,85.06224066390041,0.14681876290687357,1
241,93.0,-0.017441860465114336,85.12396694214877,0.14696954861451145,1
242,93.0,-0.017441860465114336,85.18518518518519,0.14711904065516265,1
243,93.0,-0.017441860465114336,85.24590163934425,0.14726725560625148,1
244,93.0,-0.017441860465114336,85.3061224489796,0.14741420976317046,1
245,93.0,-0.017441860465114336,85.36585365853658,0.14755991914525027,1
246,93.0,-0.017441860465114336,85.4251012145749,0.14770439950158157,1
247,93.0,-0.017441860465114336,85.48387096774194,0.14784766631669358,1
248,93.0,-0.017441860465114336,85.54216867469879,0.14798973481608185,1
249,93.0,-0.017441860465114336,85.6,0.14813061997160465,1
250,93.0,-0.017441860465114336,85.65737051792829,0.1482703365067394,1
251,93.0,-0.017441860465114336,85.71428571428571,0.1484088989017176,1
252,93.0,-0.017441860465114336,85.7707509881423,0.1485463213985234,1
253,93.0,-0.017441860465114336,85.8267716535433,0.1486826180057726,1
254,93.0,-0.017441860465114336,85.88235294117646,0.14881780250347684,1
255,93.0,-0.017441860465114336,85.9375,0.14895188844768675,1
256,93.0,-0.017441860465114336,85.99221789883269,0.14908488917502144,1
257,93.0,-0.017441860465114336,86.04651162790698,0.14921681780708973,1
258,93.0,-0.017441860465114336,86.10038610038609,0.14934768725481204,1
259,93.0,-0.017441860465114336,86.15384615384616,0.14947751022262679,1
260,93.0,-0.017441860465114336,86.20689655172413,0.1496062992125985,1
261,93.0,-0.017441860465114336,86.25954198473282,0.14973406652844137,1
262,93.0,-0.017441860465114336,86.31178707224335,0.1498608242794295,1
263,93.0,-0.017441860465114336,86.36363636363636,0.14998658438422308,1
264,93.0,-0.017441860465114336,86.41509433962264,0.15011135857461028,1
265,93.0,-0.017441860465114336,86.46616541353383,0.15023515839914822,1
266,93.0,-0.017441860465114336,86.51685393258427,0.15035799522673088,1
267,93.0,-0.017441860465114336,86.56716417910447,0.15047988025006567,1
268,93.0,-0.017441860465114336,86.61710037174721,0.15060082448908,1
269,93.0,-0.017441860465114336,86.66666666666667,0.15072083879423348,1
270,93.0,-0.017441860465114336,86.71586715867159,0.15083993384976938,1
271,93.0,-0.017441860465114336,86.76470588235294,0.15095812017688373,1
272,93.0,-0.017441860465114336,86.81318681318682,0.1510754081368228,1
273,93.0,-0.017441860465114336,86.86131386861314,0.15119180793391326,1
274,93.0,-0.017441860465114336,86.9090909090909,0.15130732961851756,1
275,93.0,-0.017441860465114336,86.95652173913044,0.15142198308993088,1
276,93.0,-0.017441860465114336,87.00361010830325,0.15153577809920926,1
277,93.0,-0.017441860465114336,87.05035971223022,0.1516487242519286,1
278,93.0,-0.017441860465114336,87.09677419354838,0.15176083101089424,1
279,93.0,-0.017441860465114336,87.14285714285714,0.15187210769878,1
280,93.0,-0.017441860465114336,87.18861209964413,0.15198256350071285,1
281,93.0,-0.017441860465114336,87.2340425531915,0.15209220746680055,1
282,93.0,-0.017441860465114336,87.27915194346289,0.15220104851460398,1
283,93.0,-0.017441860465114336,87.32394366197182,0.15230909543155577,1
284,93.0,-0.017441860465114336,87.36842105263159,0.152416356877324,1
285,93.0,-0.017441860465114336,87.41258741258741,0.15252284138612202,1
286,93.0,-0.017441860465114336,87.45644599303137,0.1526285573689822,1
287,93.0,-0.017441860465114336,87.5,0.15273351311596012,1
288,93.0,-0.017441860465114336,87.5432525951557,0.15283771679830616,1
289,93.0,-0.017441860465114336,87.58620689655172,0.15294117647058814,1
290,93.0,-0.017441860465114336,87.62886597938144,0.15304390007276236,1
291,93.0,-0.017441860465114336,87.67123287671232,0.15314589543220766,1
292,93.0,-0.017441860465114336,87.71331058020478,0.15324717026571374,1
293,93.0,-0.017441860465114336,87.75510204081633,0.1533477321814253,1
294,93.0,-0.017441860465114336,87.79661016949153,0.1534475886807494,1
295,93.0,-0.017441860465114336,87.83783783783784,0.15354674716021932,1
296,93.0,-0.017441860465114336,87.87878787878788,0.1536452149133222,1
297,93.0,-0.017441860465114336,87.91946308724832,0.15374299913228687,1
298,93.0,-0.017441860465114336,87.95986622073578,0.15384010690983368,1
299,99.0,0.0,88.0,0.15393654524089329,1
300,99.0,0.0,88.03986710963456,0.15403232102427977,1
301,99.0,0.0,88.0794701986755,0.1541274410643428,1
302,99.0,0.0,88.11881188118812,0.1542219120725753,1
303,99.0,0.0,88.1578947368421,0.15431574066919046,1
304,99.0,0.0,88.19672131147541,0.15440893338467548,1
305,99.0,0.0,88.23529411764706,0.15450149666129384,1
306,99.0,0.0,88.27361563517914,0.15459343685458599,1
307,99.0,0.0,88.31168831168831,0.15468476023480932,1
308,99.0,0.0,88.3495145631068,0.1547754729883752,1
309,99.0,0.0,88.38709677419355,0.15486558121923466,1
310,99.0,0.0,88.42443729903538,0.15495509095026003,1
311,99.0,0.0,88.46153846153845,0.1550440081245769,1
312,99.0,0.0,88.49840255591054,0.1551323386068824,1
313,99.0,0.0,88.53503184713377,0.1552200881847398,1
314,99.0,0.0,88.57142857142857,0.15530726256983252,1
315,99.0,0.0,88.60759493670885,0.15539386739921307,1
316,99.0,0.0,88.64353312302839,0.15547990823651342,1
317,99.0,0.0,88.67924528301887,0.1555653905731356,1
318,99.0,0.0,88.71473354231975,0.1556503198294245,1
319,99.0,0.0,88.75,0.15573470135580722,1
320,99.0,0.0,88.78504672897196,0.15581854043392498,1
321,99.0,0.0,88.81987577639751,0.15590184227772533,1
322,99.0,0.0,88.85448916408669,0.1559846120345508,1
323,99.0,0.0,88.88888888888889,0.15606685478619386,1
324,99.0,0.0,88.92307692307693,0.15614857554994582,1
325,99.0,0.0,88.95705521472392,0.15622977927960288,1
326,99.0,0.0,88.9908256880734,0.15631047086647984,1
327,99.0,0.0,89.02439024390245,0.15639065514038755,1
328,99.0,0.0,89.05775075987842,0.15647033687059306,1
329,99.0,0.0,89.0909090909091,0.15654952076677275,1
330,99.0,0.0,89.12386706948641,0.1566282114799352,1
331,99.0,0.0,88.85542168674698,0.15142304504006573,1
332,99.0,0.0,88.88888888888889,0.15150471730597054,1
333,99.0,0.0,88.92215568862275,0.15158588493752556,1
334,99.0,0.0,88.95522388059702,0.15166655259735806,1
335,99.0,0.0,88.98809523809523,0.1517467248908301,1
336,99.0,0.0,89.02077151335311,0.15182640636691336,1
337,99.0,0.0,89.05325443786982,0.1519056015190564,1
338,99.0,0.0,89.08554572271386,0.1519843147860184,1
339,99.0,0.0,89.11764705882354,0.15206255055271034,1
340,99.0,0.0,89.14956011730204,0.152140313150998,1
341,99.0,0.0,89.18128654970761,0.1522176068605118,1
342,99.0,0.0,89.21282798833819,0.15229443590942507,1
343,99.0,0.0,89.24418604651163,0.15237080447522644,1
344,99.0,0.0,89.27536231884058,0.15244671668547946,1
345,99.0,0.0,89.30635838150289,0.15252217661856218,1
346,99.0,0.0,89.33717579250721,0.15259718830440316,1
347,99.0,0.0,89.36781609195403,0.15267175572519118,1
348,99.0,0.0,89.39828080229226,0.1527458828160875,1
349,99.0,0.0,89.42857142857143,0.1528195734659164,1
350,99.0,0.0,89.45868945868945,0.15289283151783925,1
351,99.0,0.0,89.48863636363636,0.1529656607700309,1
352,99.0,0.0,89.51841359773371,0.15303806497633113,1
353,99.0,0.0,89.54802259887006,0.1531100478468898,1
354,99.0,0.0,89.5774647887324,0.1531816130488044,1
355,99.0,0.0,89.60674157303372,0.15325276420673764,1
356,99.0,0.0,89.6358543417367,0.1533235049035318,1
357,99.0,0.0,89.66480446927375,0.15339383868081247,1
358,99.0,0.0,89.69359331476323,0.15346376903957645,1
359,99.0,0.0,89.72222222222223,0.15353329944077282,1
360,99.0,0.0,89.75069252077562,0.15360243330587436,1
361,99.0,0.0,89.77900552486187,0.15367117401743918,1
362,99.0,0.0,89.80716253443526,0.15373952491966444,1
363,99.0,0.0,89.83516483516483,0.1538074893189244,1
364,99.0,0.0,89.86301369863014,0.15387507048430543,1
365,99.0,0.0,89.89071038251366,0.15394227164813176,1
366,99.0,0.0,89.91825613079018,0.15400909600647883,1
367,99.0,0.0,89.94565217391305,0.15407554671968154,1
368,99.0,0.0,89.97289972899729,0.15414162691283048,1
369,99.0,0.0,90.0,0.15420733967626327,1
370,99.0,0.0,90.02695417789758,0.15427268806604708,1
371,99.0,0.0,90.05376344086021,0.1543376751044483,1
372,99.0,0.0,90.0804289544236,0.15440230378040692,1
373,99.0,0.0,90.10695187165776,0.15446657704998196,1
374,99.0,0.0,90.13333333333333,0.15453049783681702,1
375,99.0,0.0,90.1595744680851,0.15459406903257122,1
376,99.0,0.0,90.18567639257294,0.15465729349736348,1
377,99.0,0.0,90.21164021164022,0.15472017406019573,1
378,99.0,0.0,90.23746701846966,0.1547827135193774,1
379,99.0,0.0,90.26315789473685,0.15484491464294323,1
380,99.0,0.0,90.28871391076116,0.15490678016905474,1
381,99.0,0.0,90.31413612565446,0.1549683128064103,1
382,99.0,0.0,90.33942558746736,0.15502951523463074,1
383,99.0,0.0,90.36458333333334,0.1550903901046629,1
384,99.0,0.0,90.38961038961038,0.1551509400391437,1
385,99.0,0.0,90.41450777202073,0.1552111676327935,1
386,99.0,0.0,90.43927648578811,0.15527107545277566,1
387,99.0,0.0,90.4639175257732,0.15533066603906728,1
388,99.0,0.0,90.48843187660668,0.15538994190481706,1
389,99.0,0.0,90.51282051282051,0.15544890553669627,1
390,99.0,0.0,90.53708439897699,0.15550755939524902,1
391,99.0,0.0,90.3061224489796,0.1506927418895033,1
392,99.0,0.0,90.33078880407125,0.1507534830821729,1
393,99.0,0.0,90.35532994923858,0.1508139073223305,1
394,99.0,0.0,90.12658227848101,0.14620628498586716,1
395,99.0,0.0,90.15151515151516,0.1462686567164174,1
396,99.0,0.0,90.17632241813602,0.14633070518828897,1
397,99.0,0.0,90.20100502512562,0.14639243290805104,1
398,99.0,0.0,90.22556390977444,0.14645384235642606,1
399,97.0,0.0,90.25,0.14651493598861987,1
400,97.0,0.0,90.27431421446383,0.14657571623465146,1
401,97.0,0.0,90.29850746268657,0.1466361854996735,1
402,97.0,0.0,90.32258064516128,0.14669634616428617,1
403,97.0,0.0,90.34653465346535,0.14675620058485891,1
404,97.0,0.0,90.37037037037037,0.1468157510938252,1
405,97.0,0.0,90.39408866995073,0.146874999999999,1
406,97.0,0.0,90.41769041769042,0.14693394958886455,1
407,97.0,0.0,90.44117647058823,0.14699260212286824,1
408,97.0,0.0,90.4645476772616,0.14705095984171973,1
409,97.0,0.0,90.48780487804878,0.1471090249626631,1
410,97.0,0.0,90.51094890510949,0.14716679968076601,1
411,97.0,0.0,90.53398058252428,0.14722428616919617,1
412,97.0,0.0,90.55690072639226,0.1472814865794907,1
413,97.0,0.0,90.57971014492753,0.14733840304182508,1
414,97.0,0.0,90.60240963855422,0.14739503766527975,1
415,97.0,0.0,90.625,0.14745139253809686,1
416,97.0,0.0,90.64748201438849,0.1475074697279447,1
417,97.0,0.0,90.66985645933015,0.14756327128215888,1
418,97.0,0.0,90.69212410501193,0.14761879922800034,1
419,97.0,0.0,90.71428571428571,0.14767405557290003,1
420,97.0,0.0,90.73634204275535,0.14772904230469827,1
421,97.0,0.0,90.75829383886256,0.14778376139188004,1
422,97.0,0.0,90.78014184397163,0.14783821478382111,1
423,97.0,0.0,90.80188679245283,0.14789240441100784,1
424,97.0,0.0,90.8235294117647,0.147946332185267,1
425,97.0,0.0,90.84507042253522,0.14799999999999994,1
426,97.0,0.0,90.86651053864169,0.148053409730394,1
427,97.0,0.0,90.88785046728972,0.14810656323364285,1
428,97.0,0.0,90.9090909090909,0.1481594623491676,1
429,97.0,0.0,90.93023255813954,0.14821210889882075,1
430,97.0,0.0,90.95127610208816,0.14826450468710403,1
431,97.0,0.0,90.97222222222221,0.14831665150136458,1
432,97.0,0.0,90.99307159353349,0.14836855111200833,1
433,97.0,0.0,91.01382488479263,0.14842020527269079,1
434,97.0,0.0,91.0344827586207,0.1484716157205242,1
435,97.0,0.0,91.05504587155964,0.14852278417626458,1
436,97.0,0.0,91.07551487414187,0.14857371234450698,1
437,97.0,0.0,90.8675799086758,0.14423875348019352,1
438,97.0,0.0,90.8883826879271,0.14429121387846588,1
439,97.0,0.0,90.9090909090909,0.14434342943264156,1
440,97.0,0.0,90.702947845805,0.15706293706293753,1
441,97.0,0.0,90.49773755656109,0.15317945442934022,1
442,97.0,0.0,90.51918735891647,0.15323351385791556,1
443,97.0,0.0,90.54054054054053,0.1532873229204495,1
444,97.0,0.0,90.56179775280899,0.15334088335220933,1
445,97.0,0.0,90.5829596412556,0.15339419687245728,1
446,97.0,0.0,90.60402684563759,0.15344726518465113,1
447,97.0,0.0,90.625,0.15350008997660625,1
448,97.0,0.0,90.64587973273942,0.15355267292068772,1
449,97.0,0.0,90.44444444444444,0.16515661403054666,1
450,97.0,0.0,90.46563192904657,0.16521027936808502,1
451,97.0,0.0,90.48672566371681,0.16526370039512123,1
452,97.0,0.0,90.50772626931567,0.16531687877619208,1
453,97.0,0.0,90.30837004405286,0.16109524609440679,1
454,97.0,0.0,90.10989010989012,0.17175680595445172,1
455,97.0,0.0,89.91228070175438,0.1816479400749068,1
456,97.0,0.0,89.93435448577681,0.18170494355780428,1
457,97.0,0.0,89.95633187772926,0.18176169022836727,1
458,97.0,0.0,89.97821350762527,0.18181818181818182,1
459,97.0,0.0,90.0,0.1818744200433039,1
460,97.0,0.0,90.02169197396964,0.18193040660442888,1
461,97.0,0.0,90.04329004329004,0.18198614318706685,1
462,97.0,0.0,90.06479481641469,0.18204163146170935,1
463,97.0,0.0,90.08620689655173,0.1820968730839972,1
464,97.0,0.0,90.10752688172043,0.18215186969488428,1
465,97.0,0.0,90.12875536480686,0.18220662292079998,1
466,97.0,0.0,90.14989293361884,0.18226113437381086,1
467,97.0,0.0,90.17094017094017,0.1823154056517777,1
468,97.0,0.0,90.19189765458422,0.18236943833851268,1
469,97.0,0.0,90.2127659574468,0.18242323400393204,1
470,97.0,0.0,90.02123142250531,0.17825457515126752,1
471,97.0,0.0,90.04237288135593,0.17830950440773394,1
472,97.0,0.0,90.06342494714588,0.178364194108734,1
473,97.0,0.0,90.084388185654,0.17841864581796751,1
474,97.0,0.0,90.10526315789474,0.17847286108555666,1
475,97.0,0.0,90.12605042016807,0.1785268414481899,1
476,97.0,0.0,90.14675052410901,0.17858058842926752,1
477,97.0,0.0,90.1673640167364,0.17863410353904696,1
478,97.0,0.0,90.18789144050105,0.17868738827478037,1
479,97.0,0.0,90.20833333333333,0.178740444120859,1
480,97.0,0.0,90.22869022869024,0.17879327254894817,1
481,97.0,0.0,90.24896265560166,0.17884587501812438,1
482,97.0,0.0,90.26915113871635,0.17889825297500578,1
483,97.0,0.0,90.28925619834712,0.17895040785389488,1
484,97.0,0.0,90.30927835051547,0.1790023410768954,1
485,97.0,0.0,90.3292181069959,0.1790540540540546,1
486,97.0,0.0,90.34907597535934,0.17910554818348115,1
487,97.0,0.0,90.3688524590164,0.17915682485147802,1
488,97.0,0.0,90.38854805725971,0.17920788543266317,1
489,97.0,0.0,90.40816326530611,0.17925873129009226,1
490,97.0,0.0,90.4276985743381,0.1793093637753839,1
491,97.0,0.0,90.4471544715447,0.17935978422883017,1
492,97.0,0.0,90.46653144016227,0.1794099939795299,1
493,97.0,0.0,90.48582995951418,0.17945999434549048,1
494,97.0,0.0,90.5050505050505,0.17950978663375097,1
495,97.0,0.0,90.5241935483871,0.17955937214049453,1
496,97.0,0.0,90.54325955734407,0.1796087521511613,1
497,97.0,0.0,90.56224899598394,0.17965792794055804,1
498,97.0,0.0,90.5811623246493,0.17970690077297038,1
499,92.0,0.31330472103004353,90.60000000000001,0.17975567190226927,1
500,92.0,0.31330472103004353,90.61876247504989,0.1798042425720157,1
501,92.0,0.31330472103004353,90.63745019920319,0.17985261401557234,1
502,92.0,0.31330472103004353,90.65606361829026,0.17990078745620447,1
503,92.0,0.31330472103004353,90.47619047619048,0.18911309244486163,1
504,92.0,0.31330472103004353,90.4950495049505,0.18916206723532347,1
505,92.0,0.31330472103004353,90.51383399209486,0.18921084256910217,1
506,92.0,0.31330472103004353,90.53254437869822,0.18925941966219118,1
507,92.0,0.31330472103004353,90.5511811023622,0.18930779972072587,1
508,92.0,0.31330472103004353,90.56974459724951,0.1893559839410737,1
509,92.0,0.31330472103004353,90.58823529411765,0.18940397350993426,1
510,92.0,0.31330472103004353,90.60665362035225,0.18945176960444202,1
511,92.0,0.31330472103004353,90.625,0.18949937339225645,1
512,92.0,0.31330472103004353,90.64327485380117,0.18954678603166258,1
513,92.0,0.31330472103004353,90.6614785992218,0.1895940086716597,1
514,92.0,0.31330472103004353,90.67961165048544,0.18964104245205657,1
515,92.0,0.31330472103004353,90.69767441860465,0.18968788850356574,1
516,92.0,0.31330472103004353,90.71566731141199,0.18973454794788933,1
517,92.0,0.31330472103004353,90.73359073359073,0.18978102189781018,1
518,92.0,0.31330472103004353,90.7514450867052,0.18982731145728327,1
519,92.0,0.31330472103004353,90.76923076923077,0.18987341772151922,1
520,92.0,0.31330472103004353,90.7869481765835,0.18991934177707223,1
521,92.0,0.31330472103004353,90.80459770114942,0.18996508470192697,1
522,92.0,0.31330472103004353,90.82217973231359,0.1900106475655795,1
523,92.0,0.31330472103004353,90.83969465648855,0.19005603142912378,1
524,92.0,0.31330472103004353,90.85714285714286,0.19010123734533224,1
525,92.0,0.31330472103004353,90.8745247148289,0.1901462663587367,1
526,92.0,0.31330472103004353,90.89184060721063,0.19019111950571424,1
527,92.0,0.31330472103004353,90.9090909090909,0.19023579781455652,1
528,92.0,0.31330472103004353,90.92627599243856,0.1902803023055587,1
529,92.0,0.31330472103004353,90.9433962264151,0.19032463399108845,1
530,92.0,0.31330472103004353,90.77212806026365,0.186321418519561,1
531,92.0,0.31330472103004353,90.6015037593985,0.18264503441494612,1
532,92.0,0.31330472103004353,90.61913696060037,0.18269083325666263,1
533,92.0,0.31330472103004353,90.63670411985018,0.18273645546372838,1
534,92.0,0.31330472103004353,90.65420560747664,0.18278190205602937,1
535,92.0,0.31330472103004353,90.67164179104478,0.18282717404561527,1
536,92.0,0.31330472103004353,90.68901303538175,0.18287227243677523,1
537,92.0,0.31330472103004353,90.70631970260223,0.18291719822611074,1
538,92.0,0.31330472103004353,90.72356215213358,0.18296195240260787,1
539,92.0,0.31330472103004353,90.74074074074075,0.18300653594771316,1
540,92.0,0.31330472103004353,90.75785582255084,0.18305094983540232,1
541,92.0,0.31330472103004353,90.7749077490775,0.1830951950322546,1
542,92.0,0.31330472103004353,90.79189686924494,0.18313927249751857,1
543,92.0,0.31330472103004353,90.80882352941177,0.1831831831831832,1
544,92.0,0.31330472103004353,90.82568807339449,0.18322692803404914,1
545,92.0,0.31330472103004353,90.84249084249085,0.1832705079877942,1
546,92.0,0.31330472103004353,90.85923217550274,0.18331392397503737,1
547,92.0,0.31330472103004353,90.87591240875912,0.1833571769194081,1
548,92.0,0.31330472103004353,90.89253187613843,0.18340026773761756,1
549,92.0,0.31330472103004353,90.9090909090909,0.18344319733950884,1
550,92.0,0.31330472103004353,90.92558983666062,0.1834859666281382,1
551,92.0,0.31330472103004353,90.94202898550725,0.1835285764998224,1
552,92.0,0.31330472103004353,90.95840867992767,0.18357102784421456,1
553,92.0,0.31330472103004353,90.97472924187726,0.18361332154435658,1
554,92.0,0.31330472103004353,90.990990990991,0.183655458476745,1
555,92.0,0.31330472103004353,91.00719424460432,0.18369743951139356,1
556,92.0,0.31330472103004353,91.02333931777379,0.1837392655118848,1
557,92.0,0.31330472103004353,91.0394265232975,0.18378093733544,1
558,92.0,0.31330472103004353,91.05545617173524,0.18382245583296813,1
559,92.0,0.31330472103004353,91.07142857142857,0.18386382184913178,1
560,92.0,0.31330472103004353,91.0873440285205,0.18390503622239734,1
561,92.0,0.31330472103004353,91.10320284697508,0.18394609978509627,1
562,92.0,0.31330472103004353,91.1190053285968,0.18398701336348128,1
563,92.0,0.31330472103004353,91.13475177304964,0.1840277777777781,1
564,92.0,0.31330472103004353,91.1504424778761,0.18406839384224327,1
565,92.0,0.31330472103004353,91.16607773851591,0.1841088623652195,1
566,92.0,0.31330472103004353,91.18165784832452,0.18414918414918444,1
567,92.0,0.31330472103004353,91.19718309859155,0.18418935999080763,1
568,92.0,0.31330472103004353,91.21265377855887,0.18422939068100316,1
569,92.0,0.31330472103004353,91.22807017543859,0.1842692770049798,1
570,92.0,0.31330472103004353,91.24343257443083,0.1843090197422936,1
571,92.0,0.31330472103004353,91.25874125874127,0.1843486196668951,1
572,92.0,0.31330472103004353,91.2739965095986,0.1843880775471848,1
573,92.0,0.31330472103004353,91.28919860627178,0.1844273941460644,1
574,92.0,0.31330472103004353,91.30434782608695,0.18446657022097337,1
575,92.0,0.31330472103004353,91.31944444444444,0.18450560652395492,1
576,92.0,0.31330472103004353,91.33448873483535,0.18454450380169019,1
577,92.0,0.31330472103004353,91.34948096885813,0.18458326279555373,1
578,92.0,0.31330472103004353,91.36442141623489,0.1846218842416567,1
579,92.0,0.31330472103004353,91.37931034482759,0.18466036887089615,1
580,92.0,0.31330472103004353,91.39414802065404,0.18469871740899715,1
581,92.0,0.31330472103004353,91.40893470790378,0.1847369305765668,1
582,92.0,0.31330472103004353,91.42367066895368,0.1847750090891287,1
583,92.0,0.31330472103004353,91.43835616438356,0.18481295365717487,1
584,92.0,0.31330472103004353,91.45299145299145,0.18485076498620434,1
585,92.0,0.31330472103004353,91.46757679180887,0.18488844377677582,1
586,92.0,0.31330472103004353,91.48211243611584,0.18492599072454197,1
587,92.0,0.31330472103004353,91.49659863945578,0.18496340652029267,1
588,92.0,0.31330472103004353,91.51103565365025,0.18500069185000678,1
589,92.0,0.31330472103004353,91.52542372881356,0.18503784739488363,1
590,92.0,0.31330472103004353,91.53976311336717,0.18507487383138974,1
591,92.0,0.31330472103004353,91.55405405405406,0.1851117718312967,1
592,92.0,0.31330472103004353,91.56829679595279,0.1851485420617262,1
593,92.0,0.31330472103004353,91.58249158249158,0.1851851851851847,1
594,92.0,0.31330472103004353,91.59663865546219,0.18522170185961095,1
595,92.0,0.31330472103004353,91.61073825503355,0.18525809273840782,1
596,92.0,0.31330472103004353,91.62479061976549,0.18529435847048215,1
597,92.0,0.31330472103004353,91.63879598662207,0.18533049970028764,1
598,92.0,0.31330472103004353,91.65275459098497,0.18536651706786336,1
599,97.0,0.24242424242424326,91.66666666666666,0.18540241120886292,1
600,97.0,0.24242424242424326,91.68053244592346,0.18543818275459997,1
601,97.0,0.24242424242424326,91.69435215946844,0.1854738323320881,1
602,97.0,0.24242424242424326,91.70812603648424,0.18550936056406506,1
603,97.0,0.24242424242424326,91.72185430463577,0.1855447680690398,1
604,97.0,0.24242424242424326,91.73553719008265,0.18558005546132572,1
605,97.0,0.24242424242424326,91.74917491749174,0.1856152233510728,1
606,97.0,0.24242424242424326,91.59802306425041,0.1820919971465554,1
607,97.0,0.24242424242424326,91.61184210526315,0.18212750243979567,1
608,97.0,0.24242424242424326,91.62561576354679,0.18216288806382772,1
609,97.0,0.24242424242424326,91.63934426229508,0.18219815462264488,1
610,97.0,0.24242424242424326,91.65302782324059,0.18223330271617946,1
611,97.0,0.24242424242424326,91.66666666666666,0.1822683329403433,1
612,97.0,0.24242424242424326,91.68026101141925,0.18230324588706082,1
613,97.0,0.24242424242424326,91.69381107491856,0.1823380421442929,1
614,97.0,0.24242424242424326,91.70731707317074,0.182372722296083,1
615,97.0,0.24242424242424326,91.72077922077922,0.18240728692257652,1
616,97.0,0.24242424242424326,91.73419773095624,0.1824417366000674,1
617,97.0,0.24242424242424326,91.74757281553399,0.18247607190101994,1
618,97.0,0.24242424242424326,91.76090468497577,0.18251029339410074,1
619,97.0,0.24242424242424326,91.77419354838709,0.1825444016442181,1
620,97.0,0.24242424242424326,91.78743961352657,0.182578397212543,1
621,97.0,0.24242424242424326,91.80064308681672,0.18261228065654878,1
622,97.0,0.24242424242424326,91.81380417335474,0.1826460525300346,1
623,97.0,0.24242424242424326,91.82692307692307,0.18267971338315717,1
624,97.0,0.24242424242424326,91.84,0.18271326376246777,1
625,97.0,0.24242424242424326,91.85303514376997,0.18274670421093087,1
626,97.0,0.24242424242424326,91.86602870813397,0.18278003526796005,1
627,97.0,0.24242424242424326,91.87898089171973,0.18281325746944607,1
628,97.0,0.24242424242424326,91.8918918918919,0.18284637134778578,1
629,97.0,0.24242424242424326,91.9047619047619,0.1828793774319063,1
630,97.0,0.24242424242424326,91.9175911251981,0.18291227624730233,1
631,97.0,0.24242424242424326,91.93037974683544,0.18294506831605364,1
632,97.0,0.24242424242424326,91.9431279620853,0.18297775415685857,1
633,97.0,0.24242424242424326,91.9558359621451,0.18301033428506316,1
634,97.0,0.24242424242424326,91.96850393700787,0.18304280921268348,1
635,97.0,0.24242424242424326,91.98113207547169,0.18307517944843257,1
636,97.0,0.24242424242424326,91.99372056514915,0.1831074454977499,1
637,97.0,0.24242424242424326,92.00626959247649,0.18313960786282787,1
638,97.0,0.24242424242424326,92.01877934272301,0.18317166704263418,1
639,97.0,0.24242424242424326,92.03125,0.18320362353294464,1
640,97.0,0.24242424242424326,92.04368174726989,0.18323547782635866,1
641,97.0,0.24242424242424326,92.05607476635514,0.18326723041233237,1
642,97.0,0.24242424242424326,92.06842923794713,0.18329888177720224,1
643,97.0,0.24242424242424326,92.08074534161491,0.1833304324042078,1
644,97.0,0.24242424242424326,92.09302325581396,0.18336188277351642,1
645,97.0,0.24242424242424326,92.10526315789474,0.18339323336225063,1
646,97.0,0.24242424242424326,92.11746522411129,0.18342448464450972,1
647,97.0,0.24242424242424326,92.12962962962963,0.18345563709139368,1
648,97.0,0.24242424242424326,92.14175654853621,0.18348669117102903,1
649,97.0,0.24242424242424326,92.15384615384615,0.1835176473485872,1
650,97.0,0.24242424242424326,92.16589861751152,0.1835485060863152,1
651,97.0,0.24242424242424326,92.17791411042946,0.1835792678435513,1
652,97.0,0.24242424242424326,92.18989280245023,0.18360993307675316,1
653,97.0,0.24242424242424326,92.20183486238533,0.18364050223951767,1
654,97.0,0.24242424242424326,92.21374045801527,0.1836709757826055,1
655,97.0,0.24242424242424326,92.22560975609755,0.1837013541539587,1
656,97.0,0.24242424242424326,92.23744292237443,0.18373163779872875,1
657,97.0,0.24242424242424326,92.24924012158054,0.18376182715929212,1
658,97.0,0.24242424242424326,92.26100151745068,0.18379192267528008,1
659,97.0,0.24242424242424326,92.27272727272727,0.1838219247835892,1
660,97.0,0.24242424242424326,92.28441754916793,0.18385183391841142,1
661,97.0,0.24242424242424326,92.29607250755288,0.1838816505112534,1
662,97.0,0.24242424242424326,92.3076923076923,0.18391137499094998,1
663,97.0,0.24242424242424326,92.31927710843374,0.1839410077836957,1
664,97.0,0.24242424242424326,92.33082706766918,0.1839705493130582,1
665,97.0,0.24242424242424326,92.34234234234235,0.18400000000000072,1
666,97.0,0.24242424242424326,92.35382308845578,0.18402936026289896,1
667,97.0,0.24242424242424326,92.21556886227546,0.1806387696372128,1
668,97.0,0.24242424242424326,92.2272047832586,0.18066840952448224,1
669,97.0,0.24242424242424326,92.23880597014926,0.1806979587997369,1
670,97.0,0.24242424242424326,92.10134128166915,0.17720142520012935,1
671,97.0,0.24242424242424326,91.96428571428571,0.1738081143845902,1
672,97.0,0.24242424242424326,91.82763744427935,0.17068088633970274,1
673,97.0,0.24242424242424326,91.69139465875371,0.16764433467119497,1
674,97.0,0.24242424242424326,91.7037037037037,0.16767587801387188,1
675,97.0,0.24242424242424326,91.71597633136095,0.1677073256529768,1
676,97.0,0.24242424242424326,91.72821270310192,0.16773867802340114,1
677,97.0,0.24242424242424326,91.74041297935102,0.16776993555740602,1
678,97.0,0.24242424242424326,91.75257731958763,0.1678010986846415,1
679,97.0,0.24242424242424326,91.76470588235294,0.1678321678321671,1
680,97.0,0.24242424242424326,91.77679882525698,0.1678631434244698,1
681,97.0,0.24242424242424326,91.78885630498533,0.16789402588347968,1
682,97.0,0.24242424242424326,91.800878477306,0.1679248156286037,1
683,97.0,0.24242424242424326,91.81286549707602,0.16795551307672285,1
684,97.0,0.24242424242424326,91.82481751824818,0.16798611864223056,1
685,97.0,0.24242424242424326,91.83673469387756,0.1680166327370384,1
686,97.0,0.24242424242424326,91.84861717612809,0.1680470557706015,1
687,97.0,0.24242424242424326,91.86046511627907,0.1680773881499392,1
688,97.0,0.24242424242424326,91.8722786647315,0.16810763027964015,1
689,97.0,0.24242424242424326,91.88405797101449,0.1681377825618949,1
690,97.0,0.24242424242424326,91.8958031837916,0.16816784539650365,1
691,97.0,0.24242424242424326,91.76300578034682,0.16502963590177763,1
692,97.0,0.24242424242424326,91.63059163059162,0.1619790254988218,1
693,97.0,0.24242424242424326,91.64265129682997,0.16201024274472267,1
694,97.0,0.24242424242424326,91.65467625899281,0.16204136784118073,1
695,97.0,0.24242424242424326,91.66666666666666,0.16207240119561578,1
696,97.0,0.24242424242424326,91.67862266857962,0.16210334321304878,1
697,97.0,0.24242424242424326,91.69054441260745,0.16213419429612266,1
698,97.0,0.24242424242424326,91.70243204577969,0.16216495484510907,1
699,92.0,-0.020408163265305285,91.71428571428571,0.162195625257945,1
700,92.0,-0.020408163265305285,91.72610556348074,0.1622262059302308,1
701,92.0,-0.020408163265305285,91.73789173789174,0.1622566972552571,1
702,92.0,-0.020408163265305285,91.74964438122333,0.16228709962402135,1
703,92.0,-0.020408163265305285,91.76136363636364,0.16231741342524142,1
704,92.0,-0.020408163265305285,91.77304964539007,0.1623476390453748,1
705,92.0,-0.020408163265305285,91.78470254957507,0.16237777686863325,1
706,92.0,-0.020408163265305285,91.7963224893918,0.16240782727699762,1
707,92.0,-0.020408163265305285,91.80790960451978,0.16243779065024072,1
708,92.0,-0.020408163265305285,91.8194640338505,0.16246766736593507,1
709,92.0,-0.020408163265305285,91.83098591549296,0.1624974577994723,1
710,92.0,-0.020408163265305285,91.84247538677918,0.16252716232408038,1
711,92.0,-0.020408163265305285,91.85393258426966,0.16255678131083642,1
712,92.0,-0.020408163265305285,91.86535764375876,0.16258631512868763,1
713,92.0,-0.020408163265305285,91.87675070028011,0.16261576414445686,1
714,92.0,-0.020408163265305285,91.8881118881119,0.16264512872286752,1
715,92.0,-0.020408163265305285,91.89944134078212,0.1626744092265508,1
716,92.0,-0.020408163265305285,91.91073919107392,0.1627036060160674,1
717,92.0,-0.020408163265305285,91.92200557103064,0.16273271944991788,1
718,92.0,-0.020408163265305285,91.93324061196105,0.16276174988455844,1
719,92.0,-0.020408163265305285,91.94444444444444,0.16279069767441784,1
720,92.0,-0.020408163265305285,91.95561719833564,0.16281956317190865,1
721,92.0,-0.020408163265305285,91.96675900277008,0.16284834672743995,1
722,92.0,-0.020408163265305285,91.97786998616874,0.16287704868943684,1
723,92.0,-0.020408163265305285,91.9889502762431,0.16290566940435383,1
724,92.0,-0.020408163265305285,92.0,0.16293420921668264,1
725,92.0,-0.020408163265305285,92.01101928374655,0.16296266846896948,1
726,92.0,-0.020408163265305285,92.02200825309491,0.1629910475018369,1
727,92.0,-0.020408163265305285,92.03296703296702,0.1630193466539801,1
728,92.0,-0.020408163265305285,92.04389574759945,0.16304756626219774,1
729,92.0,-0.020408163265305285,92.05479452054794,0.16307570666139554,1
730,92.0,-0.020408163265305285,92.0656634746922,0.16310376818459915,1
731,92.0,-0.020408163265305285,92.07650273224044,0.1631317511629743,1
732,92.0,-0.020408163265305285,92.08731241473397,0.16315965592583093,1
733,92.0,-0.020408163265305285,92.09809264305177,0.16318748280064532,1
734,92.0,-0.020408163265305285,92.10884353741497,0.16321523211306269,1
735,92.0,-0.020408163265305285,92.11956521739131,0.16324290418692247,1
736,92.0,-0.020408163265305285,92.13025780189959,0.1632704993442559,1
737,92.0,-0.020408163265305285,92.14092140921409,0.16329801790531248,1
738,92.0,-0.020408163265305285,92.15155615696887,0.1633254601885643,1
739,92.0,-0.020408163265305285,92.16216216216216,0.16335282651072158,1
740,92.0,-0.020408163265305285,92.03778677462888,0.16041250576125293,1
741,92.0,-0.020408163265305285,91.91374663072777,0.15755213261174142,1
742,92.0,-0.020408163265305285,91.92462987886944,0.1575804531453723,1
743,92.0,-0.020408163265305285,91.93548387096774,0.15760869565217234,1
744,92.0,-0.020408163265305285,91.94630872483222,0.15763686045415973,1
745,92.0,-0.020408163265305285,91.95710455764075,0.15766494787157942,1
746,92.0,-0.020408163265305285,91.96787148594377,0.15769295822292398,1
747,92.0,-0.020408163265305285,91.97860962566845,0.1577208918249376,1
748,92.0,-0.020408163265305285,91.98931909212284,0.1577487489926346,1
749,92.0,-0.020408163265305285,92.0,0.15777653003930417,1
750,92.0,-0.020408163265305285,92.01065246338216,0.15780423527652765,1
751,92.0,-0.020408163265305285,92.02127659574468,0.15783186501418645,1
752,92.0,-0.020408163265305285,92.03187250996015,0.15785941956047486,1
753,92.0,-0.020408163265305285,92.04244031830238,0.15788689922191995,1
754,92.0,-0.020408163265305285,92.05298013245033,0.15791430430337497,1
755,92.0,-0.020408163265305285,92.06349206349206,0.15794163510804057,1
756,92.0,-0.020408163265305285,92.07397622192866,0.15796889193748634,1
757,92.0,-0.020408163265305285,92.0844327176781,0.15799607509164212,1
758,92.0,-0.020408163265305285,92.09486166007905,0.158023184868822,1
759,92.0,-0.020408163265305285,92.10526315789474,0.15805022156573076,1
760,92.0,-0.020408163265305285,92.11563731931669,0.15807718547747707,1
761,92.0,-0.020408163265305285,92.1259842519685,0.15810407689758185,1
762,92.0,-0.020408163265305285,92.13630406290957,0.15813089611798703,1
763,92.0,-0.020408163265305285,92.14659685863874,0.15815764342907523,1
764,92.0,-0.020408163265305285,92.15686274509804,0.15818431911966974,1
765,92.0,-0.020408163265305285,92.16710182767625,0.15821092347705137,1
766,92.0,-0.020408163265305285,92.17731421121252,0.15823745678696105,1
767,92.0,-0.020408163265305285,92.1875,0.15826391933362627,1
768,92.0,-0.020408163265305285,92.19765929778933,0.15829031139974847,1
769,92.0,-0.020408163265305285,92.20779220779221,0.15831663326653242,1
770,92.0,-0.020408163265305285,92.21789883268482,0.15834288521369028,1
771,92.0,-0.020408163265305285,92.2279792746114,0.15836906751944155,1
772,92.0,-0.020408163265305285,92.23803363518758,0.15839518046054193,1
773,92.0,-0.020408163265305285,92.24806201550388,0.1584212243122751,1
774,92.0,-0.020408163265305285,92.25806451612904,0.1584471993484755,1
775,92.0,-0.020408163265305285,92.26804123711341,0.15847310584152743,1
776,92.0,-0.020408163265305285,92.27799227799228,0.15849894406238263,1
777,92.0,-0.020408163265305285,92.15938303341902,0.1557318721981061,1
778,92.0,-0.020408163265305285,92.16944801026958,0.155758092598514,1
779,92.0,-0.020408163265305285,92.17948717948717,0.15578424414478267,1
780,92.0,-0.020408163265305285,92.18950064020487,0.15581032710777207,1
781,92.0,-0.020408163265305285,92.1994884910486,0.15583634175691977,1
782,92.0,-0.020408163265305285,92.20945083014048,0.15586228836025506,1
783,92.0,-0.020408163265305285,92.21938775510205,0.15588816718441162,1
784,92.0,-0.020408163265305285,92.22929936305732,0.15591397849462332,1
785,92.0,-0.020408163265305285,92.23918575063614,0.15593972255474992,1
786,92.0,-0.020408163265305285,92.24904701397712,0.15596539962727218,1
787,92.0,-0.020408163265305285,92.25888324873097,0.15599100997331022,1
788,92.0,-0.020408163265305285,92.26869455006337,0.15601655385262816,1
789,92.0,-0.020408163265305285,92.27848101265823,0.15604203152364401,1
790,92.0,-0.020408163265305285,92.28824273072061,0.15606744324343164,1
791,92.0,-0.020408163265305285,92.2979797979798,0.15609278926774792,1
792,92.0,-0.020408163265305285,92.3076923076923,0.15611806985101717,1
793,92.0,-0.020408163265305285,92.31738035264485,0.15614328524635893,1
794,92.0,-0.020408163265305285,92.32704402515724,0.15616843570558567,1
795,92.0,-0.020408163265305285,92.33668341708542,0.15619352147921606,1
796,92.0,-0.020408163265305285,92.34629861982434,0.15621854281648068,1
797,92.0,-0.020408163265305285,92.35588972431079,0.15624349996533374,1
798,92.0,-0.020408163265305285,92.36545682102629,0.15626839317245372,1
799,97.0,0.0,92.375,0.15629322268326357,1
800,97.0,0.0,92.38451935081149,0.15631798874192848,1
801,97.0,0.0,92.39401496259352,0.15634269159136396,1
802,97.0,0.0,92.40348692403487,0.15636733147325282,1
803,97.0,0.0,92.41293532338308,0.15639190862804414,1
804,97.0,0.0,92.29813664596274,0.16461628588166377,1
805,97.0,0.0,92.3076923076923,0.16464117951889812,1
806,97.0,0.0,92.3172242874845,0.1646660099838062,1
807,97.0,0.0,92.32673267326733,0.16469077751655026,1
808,97.0,0.0,92.336217552534,0.16471548235607641,1
809,97.0,0.0,92.34567901234568,0.16474012474012434,1
810,97.0,0.0,92.35511713933415,0.16476470490523284,1
811,97.0,0.0,92.24137931034483,0.17255434782608653,1
812,97.0,0.0,92.25092250922509,0.17257923815062534,1
813,97.0,0.0,92.26044226044226,0.17260406582768753,1
814,97.0,0.0,92.26993865030676,0.17262883109349364,1
815,97.0,0.0,92.27941176470588,0.17265353418308302,1
816,97.0,0.0,92.28886168910648,0.17267817533031035,1
817,97.0,0.0,92.29828850855746,0.172702754767867,1
818,97.0,0.0,92.3076923076923,0.17272727272727284,1
819,97.0,0.0,92.31707317073172,0.17275172943889455,1
820,97.0,0.0,92.32643118148599,0.17277612513194487,1
821,97.0,0.0,92.33576642335767,0.17280046003450292,1
822,97.0,0.0,92.34507897934387,0.1728247343735054,1
823,97.0,0.0,92.35436893203884,0.1728489483747607,1
824,97.0,0.0,92.36363636363636,0.1728731022629611,1
825,97.0,0.0,92.37288135593221,0.1728971962616817,1
826,97.0,0.0,92.38210399032648,0.17292123059338993,1
827,97.0,0.0,92.3913043478261,0.17294520547945225,1
828,97.0,0.0,92.40048250904704,0.17296912114014357,1
829,97.0,0.0,92.40963855421687,0.17299297779464765,1
830,97.0,0.0,92.4187725631769,0.17301677566107518,1
831,97.0,0.0,92.42788461538461,0.1730405149564557,1
832,97.0,0.0,92.43697478991596,0.17306419589675756,1
833,97.0,0.0,92.44604316546763,0.1730878186968844,1
834,97.0,0.0,92.45508982035928,0.17311138357068828,1
835,97.0,0.0,92.46411483253588,0.17313489073097169,1
836,97.0,0.0,92.47311827956989,0.1731583403894995,1
837,97.0,0.0,92.48210023866349,0.1731817327570014,1
838,97.0,0.0,92.49106078665076,0.17320506804317148,1
839,97.0,0.0,92.5,0.17322834645669372,1
840,97.0,0.0,92.5089179548157,0.17325156820522428,1
841,97.0,0.0,92.51781472684085,0.17327473349541833,1
842,97.0,0.0,92.40806642941874,0.17059447493427998,1
843,97.0,0.0,92.41706161137441,0.17061786021373365,1
844,97.0,0.0,92.3076923076923,0.16800472612699907,1
845,97.0,0.0,92.19858156028369,0.16545601291364023,1
846,97.0,0.0,92.20779220779221,0.16547986922835714,1
847,97.0,0.0,92.21698113207547,0.16550366791912674,1
848,97.0,0.0,92.226148409894,0.16552740919447845,1
849,97.0,0.0,92.23529411764706,0.16555109326193695,1
850,97.0,0.0,92.24441833137486,0.16557472032803056,1
851,97.0,0.0,92.25352112676056,0.16559829059829126,1
852,97.0,0.0,92.26260257913246,0.16562180427726633,1
853,97.0,0.0,92.27166276346604,0.16564526156852302,1
854,97.0,0.0,92.28070175438596,0.16566866267465116,1
855,97.0,0.0,92.28971962616822,0.16569200779727017,1
856,97.0,0.0,92.29871645274213,0.16571529713704217,1
857,97.0,0.0,92.3076923076923,0.16573853089366267,1
858,97.0,0.0,92.31664726426077,0.1657617092658805,1
859,97.0,0.0,92.32558139534883,0.16578483245149792,1
860,97.0,0.0,92.33449477351915,0.16580790064737738,1
861,97.0,0.0,92.22737819025522,0.16321592604934826,1
862,97.0,0.0,92.12050984936269,0.17047382110143577,1
863,97.0,0.0,92.12962962962963,0.17049754334443976,1
864,97.0,0.0,92.13872832369943,0.1705212093862812,1
865,97.0,0.0,92.14780600461894,0.17054481942644728,1
866,97.0,0.0,92.15686274509804,0.17056837366347685,1
867,97.0,0.0,92.16589861751152,0.1705918722949813,1
868,97.0,0.0,92.17491369390103,0.1706153155176297,1
869,97.0,0.0,92.18390804597702,0.17063870352716892,1
870,97.0,0.0,92.19288174512054,0.17066203651842668,1
871,97.0,0.0,92.20183486238533,0.17068531468531487,1
872,97.0,0.0,92.21076746849943,0.17070853822083243,1
873,97.0,0.0,92.21967963386729,0.17073170731707374,1
874,97.0,0.0,92.22857142857143,0.17075482216523677,1
875,97.0,0.0,92.23744292237443,0.17077788295562096,1
876,97.0,0.0,92.24629418472064,0.17080088987764103,1
877,97.0,0.0,92.25512528473804,0.17082384311982565,1
878,97.0,0.0,92.26393629124004,0.17084674286982665,1
879,97.0,0.0,92.27272727272727,0.1708695893144154,1
880,97.0,0.0,92.28149829738933,0.17089238263950451,1
881,97.0,0.0,92.29024943310658,0.17091512303013548,1
882,97.0,0.0,92.29898074745186,0.17093781067049602,1
883,97.0,0.0,92.3076923076923,0.17096044574391794,1
884,97.0,0.0,92.31638418079096,0.1709830284328852,1
885,97.0,0.0,92.32505643340858,0.17100555891903857,1
886,97.0,0.0,92.3337091319053,0.17102803738317682,1
887,97.0,0.0,92.34234234234235,0.1710504640052718,1
888,97.0,0.0,92.35095613048368,0.1710728389644583,1
889,97.0,0.0,92.35955056179776,0.17109516243905062,1
890,97.0,0.0,92.36812570145904,0.1711174346065453,1
891,97.0,0.0,92.37668161434978,0.17113965564361894,1
892,97.0,0.0,92.38521836506159,0.17116182572614164,1
893,97.0,0.0,92.28187919463086,0.16869710527734288,1
894,97.0,0.0,92.2905027932961,0.16871946048540146,1
895,97.0,0.0,92.29910714285714,0.1687417645951539,1
896,97.0,0.0,92.3076923076923,0.16876401778159877,1
897,97.0,0.0,92.3162583518931,0.168786220218931,1
898,97.0,0.0,92.32480533926585,0.16880837208055727,1
899,92.0,0.2537313432835822,92.33333333333333,0.16883047353909567,1
900,92.0,0.2537313432835822,92.3418423973363,0.16885252476637472,1
901,92.0,0.2537313432835822,92.35033259423503,0.16887452593344296,1
902,92.0,0.2537313432835822,92.35880398671097,0.16889647721058088,1
903,92.0,0.2537313432835822,92.36725663716814,0.16891837876728819,1
904,92.0,0.2537313432835822,92.37569060773481,0.16894023077230164,1
905,92.0,0.2537313432835822,92.3841059602649,0.1689620333935986,1
906,92.0,0.2537313432835822,92.39250275633958,0.16898378679839024,1
907,92.0,0.2537313432835822,92.40088105726872,0.1690054911531428,1
908,92.0,0.2537313432835822,92.4092409240924,0.16902714662356336,1
909,92.0,0.2537313432835822,92.41758241758242,0.16904875337462288,1
910,92.0,0.2537313432835822,92.42590559824369,0.16907031157054278,1
911,92.0,0.2537313432835822,92.43421052631578,0.1690918213748117,1
912,92.0,0.2537313432835822,92.44249726177436,0.16911328295018382,1
913,92.0,0.2537313432835822,92.45076586433261,0.1691346964586849,1
914,92.0,0.2537313432835822,92.34972677595628,0.16663413872516558,1
915,92.0,0.2537313432835822,92.24890829694323,0.16419061327301787,1
916,92.0,0.2537313432835822,92.25736095965104,0.1642126343085279,1
917,92.0,0.2537313432835822,92.26579520697167,0.16423460621137106,1
918,92.0,0.2537313432835822,92.27421109902068,0.1642565291458001,1
919,92.0,0.2537313432835822,92.28260869565217,0.1642784032753313,1
920,92.0,0.2537313432835822,92.29098805646036,0.16430022876276393,1
921,92.0,0.2537313432835822,92.29934924078091,0.16432200577016387,1
922,92.0,0.2537313432835822,92.3076923076923,0.16434373445888192,1
923,92.0,0.2537313432835822,92.31601731601732,0.1643654149895552,1
924,92.0,0.2537313432835822,92.32432432432432,0.16438704752210717,1
925,92.0,0.2537313432835822,92.33261339092873,0.1644086322157558,1
926,92.0,0.2537313432835822,92.23300970873787,0.16209701717384814,1
927,92.0,0.2537313432835822,92.13362068965517,0.1598372854449845,1
928,92.0,0.2537313432835822,92.14208826695372,0.15985926834404907,1
929,92.0,0.2537313432835822,92.15053763440861,0.1598812028214334,1
930,92.0,0.2537313432835822,92.15896885069817,0.15990308903694778,1
931,92.0,0.2537313432835822,92.16738197424893,0.15992492714970158,1
932,92.0,0.2537313432835822,92.17577706323688,0.15994671731810486,1
933,92.0,0.2537313432835822,92.18415417558886,0.15996845969987353,1
934,92.0,0.2537313432835822,92.19251336898395,0.15999015445203238,1
935,92.0,0.2537313432835822,92.2008547008547,0.1600118017309208,1
936,92.0,0.2537313432835822,92.20917822838848,0.1600334016921887,1
937,92.0,0.2537313432835822,92.21748400852879,0.1600549544908119,1
938,92.0,0.2537313432835822,92.22577209797656,0.16007646028108963,1
939,92.0,0.2537313432835822,92.23404255319149,0.16009791921664587,1
940,92.0,0.2537313432835822,92.2422954303932,0.16011933145043936,1
941,92.0,0.2537313432835822,92.25053078556263,0.160140697134761,1
942,92.0,0.2537313432835822,92.25874867444327,0.16016201642124347,1
943,92.0,0.2537313432835822,92.26694915254238,0.16018328946085664,1
944,92.0,0.2537313432835822,92.27513227513228,0.16020451640391953,1
945,92.0,0.2537313432835822,92.28329809725159,0.16022569740010328,1
946,92.0,0.2537313432835822,92.29144667370645,0.1602468325984238,1
947,92.0,0.2537313432835822,92.29957805907173,0.16026792214725988,1
948,92.0,0.2537313432835822,92.3076923076923,0.1602889661943502,1
949,92.0,0.2537313432835822,92.3157894736842,0.1603099648867904,1
950,92.0,0.2537313432835822,92.32386961093586,0.16033091837104937,1
951,92.0,0.2537313432835822,92.22689075630252,0.1580356395883885,1
952,92.0,0.2537313432835822,92.23504721930745,0.15805685223433327,1
953,92.0,0.2537313432835822,92.24318658280922,0.15807801934383614,1
954,92.0,0.2537313432835822,92.25130890052357,0.15809914106336623,1
955,92.0,0.2537313432835822,92.25941422594143,0.15812021753876598,1
956,92.0,0.2537313432835822,92.2675026123302,0.1581412489152534,1
957,92.0,0.2537313432835822,92.27557411273486,0.15816223533742568,1
958,92.0,0.2537313432835822,92.28362877997914,0.1581831769492645,1
959,92.0,0.2537313432835822,92.29166666666667,0.1582040738941357,1
960,92.0,0.2537313432835822,92.2996878251821,0.15822492631479237,1
961,92.0,0.2537313432835822,92.3076923076923,0.15824573435338402,1
962,92.0,0.2537313432835822,92.31568016614744,0.1582664981514503,1
963,92.0,0.2537313432835822,92.32365145228216,0.15828721784993782,1
964,92.0,0.2537313432835822,92.33160621761658,0.1583078935891839,1
965,92.0,0.2537313432835822,92.33954451345755,0.15832852550894244,1
966,92.0,0.2537313432835822,92.3474663908997,0.15834911374836746,1
967,92.0,0.2537313432835822,92.35537190082644,0.15836965844602943,1
968,92.0,0.2537313432835822,92.36326109391125,0.15839015973990941,1
969,92.0,0.2537313432835822,92.37113402061856,0.15841061776740853,1
970,92.0,0.2537313432835822,92.37899073120495,0.15843103266534836,1
971,92.0,0.2537313432835822,92.38683127572016,0.15845140456997012,1
972,92.0,0.2537313432835822,92.39465570400822,0.15847173361695213,1
973,92.0,0.2537313432835822,92.40246406570843,0.15849201994139112,1
974,92.0,0.2537313432835822,92.41025641025641,0.1585122636778206,1
975,92.0,0.2537313432835822,92.41803278688525,0.1585324649602141,1
976,92.0,0.2537313432835822,92.4257932446264,0.1585526239219749,1
977,92.0,0.2537313432835822,92.43353783231085,0.1585727406959577,1
978,92.0,0.2537313432835822,92.44126659856997,0.15859281541445633,1
979,92.0,0.2537313432835822,92.44897959183673,0.158612848209209,1
980,92.0,0.2537313432835822,92.45667686034659,0.15863283921141408,1
981,92.0,0.2537313432835822,92.4643584521385,0.15865278855171328,1
982,92.0,0.2537313432835822,92.47202441505596,0.15867269636020914,1
983,92.0,0.2537313432835822,92.47967479674797,0.15869256276646085,1
984,92.0,0.2537313432835822,92.48730964467005,0.15871238789949269,1
985,92.0,0.2537313432835822,92.49492900608519,0.15873217188779146,1
986,92.0,0.2537313432835822,92.50253292806484,0.1587519148593079,1
987,92.0,0.2537313432835822,92.51012145748987,0.15877161694146918,1
988,92.0,0.2537313432835822,92.51769464105156,0.15879127826116862,1
989,92.0,0.2537313432835822,92.52525252525253,0.1588108989447815,1
990,92.0,0.2537313432835822,92.53279515640767,0.15883047911815668,1
991,92.0,0.2537313432835822,92.54032258064517,0.15885001890662548,1
992,92.0,0.2537313432835822,92.54783484390735,0.1588695184349992,1
993,92.0,0.2537313432835822,92.5553319919517,0.15888897782758307,1
994,92.0,0.2537313432835822,92.56281407035176,0.15890839720816557,1
995,92.0,0.2537313432835822,92.570281124498,0.15892777670002478,1
996,92.0,0.2537313432835822,92.5777331995988,0.1589471164259414,1
997,92.0,0.2537313432835822,92.58517034068137,0.1589664165081829,1
998,92.0,0.2537313432835822,92.5925925925926,0.15898567706851954,1
999,95.0,-0.01214574898785516,92.60000000000001,0.1590048982282288,1
1000,95.0,-0.01214574898785516,92.6073926073926,0.1590240801080808,1
1001,95.0,-0.01214574898785516,92.61477045908184,0.15904322282836697,1
1002,95.0,-0.01214574898785516,92.6221335992024,0.1590623265088773,1
1003,95.0,-0.01214574898785516,92.62948207171314,0.15908139126891466,1
1004,95.0,-0.01214574898785516,92.636815920398,0.15910041722730417,1
1005,95.0,-0.01214574898785516,92.6441351888668,0.15911940450237738,1
1006,95.0,-0.01214574898785516,92.65143992055611,0.1591383532119931,1
1007,95.0,-0.01214574898785516,92.65873015873017,0.1591572634735268,1
1008,95.0,-0.01214574898785516,92.66600594648166,0.15917613540388112,1
1009,95.0,-0.01214574898785516,92.67326732673268,0.1591949691194846,1
1010,95.0,-0.01214574898785516,92.68051434223541,0.1592137647362917,1
1011,95.0,-0.01214574898785516,92.68774703557312,0.1592325223697949,1
1012,95.0,-0.01214574898785516,92.6949654491609,0.15925124213501446,1
1013,95.0,-0.01214574898785516,92.70216962524654,0.15926992414650787,1
1014,95.0,-0.01214574898785516,92.70935960591133,0.1592885685183744,1
1015,95.0,-0.01214574898785516,92.71653543307087,0.15930717536424838,1
1016,95.0,-0.01214574898785516,92.72369714847592,0.15932574479731126,1
1017,95.0,-0.01214574898785516,92.73084479371316,0.15934427693028644,1
1018,95.0,-0.01214574898785516,92.73797841020608,0.15936277187545209,1
1019,95.0,-0.01214574898785516,92.74509803921569,0.15938122974462937,1
1020,95.0,-0.01214574898785516,92.75220372184133,0.1593996506491912,1
1021,95.0,-0.01214574898785516,92.75929549902152,0.15941803470006838,1
1022,95.0,-0.01214574898785516,92.7663734115347,0.15943638200774854,1
1023,95.0,-0.01214574898785516,92.67578125,0.15721089480499528,1
1024,95.0,-0.01214574898785516,92.6829268292683,0.1572294638060904,1
1025,95.0,-0.01214574898785516,92.69005847953217,0.15724799579445534,1
1026,95.0,-0.01214574898785516,92.69717624148004,0.15726649088064326,1
1027,95.0,-0.01214574898785516,92.70428015564202,0.15728494917477379,1
1028,95.0,-0.01214574898785516,92.71137026239067,0.15730337078651804,1
1029,95.0,-0.01214574898785516,92.71844660194175,0.15732175582511568,1
1030,95.0,-0.01214574898785516,92.725509214355,0.1573401043993774,1
1031,95.0,-0.01214574898785516,92.73255813953489,0.1573584166176749,1
1032,95.0,-0.01214574898785516,92.73959341723138,0.1573766925879606,1
1033,95.0,-0.01214574898785516,92.74661508704062,0.15739493241774927,1
1034,95.0,-0.01214574898785516,92.7536231884058,0.15741313621413935,1
1035,95.0,-0.01214574898785516,92.76061776061776,0.15743130408380146,1
1036,95.0,-0.01214574898785516,92.76759884281581,0.15744943613298745,1
1037,95.0,-0.01214574898785516,92.77456647398844,0.15746753246753253,1
1038,95.0,-0.01214574898785516,92.78152069297401,0.15748559319285163,1
1039,95.0,-0.01214574898785516,92.78846153846155,0.15750361841394733,1
1040,95.0,-0.01214574898785516,92.79538904899135,0.1575216082354084,1
1041,95.0,-0.01214574898785516,92.80230326295586,0.1575395627614159,1
1042,95.0,-0.01214574898785516,92.8092042186002,0.15755748209574144,1
1043,95.0,-0.01214574898785516,92.81609195402298,0.1575753663417463,1
1044,95.0,-0.01214574898785516,92.82296650717703,0.15759321560239498,1
1045,95.0,-0.01214574898785516,92.82982791586998,0.15761102998024168,1
1046,95.0,-0.01214574898785516,92.83667621776505,0.1576288095774476,1
1047,95.0,-0.01214574898785516,92.84351145038168,0.15764655449576742,1
1048,95.0,-0.01214574898785516,92.85033365109628,0.15766426483656498,1
1049,95.0,-0.01214574898785516,92.85714285714286,0.15768194070080888,1
1050,95.0,-0.01214574898785516,92.8639391056137,0.15769958218907343,1
1051,95.0,-0.01214574898785516,92.87072243346007,0.157717189401541,1
1052,95.0,-0.01214574898785516,92.87749287749287,0.1577347624380097,1
1053,95.0,-0.01214574898785516,92.88425047438331,0.1577523013978859,1
1054,95.0,-0.01214574898785516,92.89099526066352,0.15776980638019408,1
1055,95.0,-0.01214574898785516,92.89772727272727,0.15778727748357013,1
1056,95.0,-0.01214574898785516,92.90444654683066,0.1578047148062768,1
1057,95.0,-0.01214574898785516,92.91115311909263,0.15782211844619004,1
1058,95.0,-0.01214574898785516,92.91784702549575,0.15783948850081134,1
1059,95.0,-0.01214574898785516,92.9245283018868,0.15785682506726592,1
1060,95.0,-0.01214574898785516,92.93119698397739,0.15787412824230307,1
1061,95.0,-0.01214574898785516,92.93785310734464,0.15789139812230432,1
1062,95.0,-0.01214574898785516,92.9444967074318,0.15790863480327424,1
1063,95.0,-0.01214574898785516,92.95112781954887,0.15792583838085414,1
1064,95.0,-0.01214574898785516,92.95774647887323,0.1579430089503134,1
1065,95.0,-0.01214574898785516,92.96435272045028,0.1579601466065637,1
1066,95.0,-0.01214574898785516,92.970946579194,0.15797725144414393,1
1067,95.0,-0.01214574898785516,92.97752808988764,0.15799432355723622,1
1068,95.0,-0.01214574898785516,92.98409728718428,0.15801136303966554,1
1069,95.0,-0.01214574898785516,92.99065420560748,0.15802836998489242,1
1070,95.0,-0.01214574898785516,92.99719887955182,0.15804534448602187,1
1071,95.0,-0.01214574898785516,93.00373134328358,0.1580622866358099,1
1072,95.0,-0.01214574898785516,93.01025163094128,0.15807919652665212,1
1073,95.0,-0.01214574898785516,93.01675977653632,0.1580960742505973,1
1074,95.0,-0.01214574898785516,93.02325581395348,0.15811291989933846,1
1075,95.0,-0.01214574898785516,93.02973977695167,0.15812973356422982,1
1076,95.0,-0.01214574898785516,93.03621169916435,0.15814651533627339,1
1077,95.0,-0.01214574898785516,93.04267161410019,0.15816326530612135,1
1078,95.0,-0.01214574898785516,93.04911955514366,0.1581799835640945,1
1079,95.0,-0.01214574898785516,93.05555555555556,0.15819667020016226,1
1080,95.0,-0.01214574898785516,93.06197964847364,0.15821332530395674,1
1081,95.0,-0.01214574898785516,93.06839186691313,0.15822994896477457,1
1082,95.0,-0.01214574898785516,93.07479224376732,0.15824654127156842,1
1083,95.0,-0.01214574898785516,93.08118081180811,0.15826310231296503,1
1084,95.0,-0.01214574898785516,93.08755760368663,0.15827963217724939,1
1085,95.0,-0.01214574898785516,93.0939226519337,0.1582961309523816,1
1086,95.0,-0.01214574898785516,93.10027598896045,0.15831259872598435,1
1087,95.0,-0.01214574898785516,93.10661764705883,0.15832903558535275,1
1088,95.0,-0.01214574898785516,93.1129476584022,0.15834544161745986,1
1089,95.0,-0.01214574898785516,93.11926605504587,0.15836181690894702,1
1090,95.0,-0.01214574898785516,93.12557286892759,0.15837816154613524,1
1091,95.0,-0.01214574898785516,93.13186813186813,0.15839447561501854,1
1092,95.0,-0.01214574898785516,93.13815187557182,0.158410759201272,1
1093,95.0,-0.01214574898785516,93.14442413162706,0.1584270123902519,1
1094,95.0,-0.01214574898785516,93.15068493150685,0.15844323526699122,1
1095,95.0,-0.01214574898785516,93.15693430656934,0.1584594279162141,1
1096,95.0,-0.01214574898785516,93.16317228805833,0.1584755904223211,1
1097,95.0,-0.01214574898785516,93.16939890710383,0.15849172286940624,1
1098,95.0,-0.01214574898785516,93.17561419472248,0.1585078253412418,1
1099,99.0,0.0,93.18181818181817,0.15852389792129867,1
1100,99.0,0.0,93.18801089918256,0.15853994069273278,1
1101,99.0,0.0,93.19419237749547,0.15855595373839368,1
1102,99.0,0.0,93.20036264732548,0.15857193714082174,1
1103,99.0,0.0,93.20652173913044,0.15858789098225695,1
1104,99.0,0.0,93.21266968325791,0.15860381534462892,1
1105,99.0,0.0,93.21880650994575,0.1586197103095711,1
1106,99.0,0.0,93.22493224932249,0.1586355759584095,1
1107,99.0,0.0,93.23104693140795,0.15865141237217809,1
1108,99.0,0.0,93.23715058611361,0.15866721963160377,1
1109,99.0,0.0,93.24324324324324,0.15868299781712308,1
1110,99.0,0.0,93.24932493249325,0.15869874700887382,1
1111,99.0,0.0,93.25539568345323,0.15871446728670183,1
1112,99.0,0.0,93.26145552560648,0.15873015873015953,1
1113,99.0,0.0,93.26750448833035,0.1587458214185028,1
1114,99.0,0.0,93.27354260089686,0.15876145543070386,1
1115,99.0,0.0,93.27956989247312,0.15877706084544307,1
1116,99.0,0.0,93.28558639212176,0.15879263774111574,1
1117,99.0,0.0,93.29159212880143,0.1588081861958258,1
1118,99.0,0.0,93.2975871313673,0.15882370628739784,1
1119,99.0,0.0,93.30357142857143,0.15883919809336886,1
1120,99.0,0.0,93.30954504906333,0.15885466169099394,1
1121,99.0,0.0,93.31550802139037,0.15887009715725142,1
1122,99.0,0.0,93.32146037399822,0.15888550456883302,1
1123,99.0,0.0,93.32740213523132,0.15890088400215568,1
1124,99.0,0.0,93.33333333333333,0.15891623553335912,1
1125,99.0,0.0,93.3392539964476,0.15893155923830818,1
1126,99.0,0.0,93.34516415261757,0.15894685519258803,1
1127,99.0,0.0,93.35106382978722,0.15896212347151817,1
1128,99.0,0.0,93.3569530558016,0.15897736415013786,1
1129,99.0,0.0,93.36283185840708,0.15899257730321945,1
1130,99.0,0.0,93.36870026525199,0.15900776300526523,1
1131,99.0,0.0,93.37455830388693,0.15902292133050644,1
1132,99.0,0.0,93.38040600176522,0.15903805235291305,1
1133,99.0,0.0,93.38624338624338,0.1590531561461791,1
1134,99.0,0.0,93.3920704845815,0.15906823278374502,1
1135,99.0,0.0,93.39788732394366,0.1590832823387743,1
1136,99.0,0.0,93.40369393139841,0.15909830488418178,1
1137,99.0,0.0,93.40949033391915,0.1591133004926097,1
1138,99.0,0.0,93.41527655838455,0.15912826923644874,1
1139,99.0,0.0,93.42105263157895,0.15914321118782168,1
1140,99.0,0.0,93.42681858019282,0.15915812641859808,1
1141,99.0,0.0,93.43257443082311,0.15917301500039138,1
1142,99.0,0.0,93.43832020997375,0.1591878770045609,1
1143,99.0,0.0,93.44405594405595,0.1592027125022044,1
1144,99.0,0.0,93.44978165938865,0.15921752156417368,1
1145,99.0,0.0,93.45549738219894,0.15923230426106266,1
1146,99.0,0.0,93.4612031386225,0.1592470606632194,1
1147,99.0,0.0,93.46689895470384,0.15926179084073946,1
1148,99.0,0.0,93.47258485639686,0.15927649486346454,1
1149,99.0,0.0,93.47826086956522,0.15929117280099847,1
1150,99.0,0.0,93.48392701998263,0.1593058247226902,1
1151,99.0,0.0,93.48958333333334,0.15932045069764833,1
1152,99.0,0.0,93.49522983521248,0.15933505079473123,1
1153,99.0,0.0,93.50086655112652,0.15934962508256006,1
1154,99.0,0.0,93.5064935064935,0.15936417362950905,1
1155,99.0,0.0,93.5121107266436,0.1593786965037134,1
1156,99.0,0.0,93.51771823681936,0.1593931937730672,1
1157,99.0,0.0,93.52331606217616,0.159407665505226,1
1158,99.0,0.0,93.52890422778258,0.1594221117676074,1
1159,99.0,0.0,93.53448275862068,0.1594365326273874,1
1160,99.0,0.0,93.54005167958657,0.15945092815151612,1
1161,99.0,0.0,93.54561101549054,0.15946529840669713,1
1162,99.0,0.0,93.4651762682717,0.16622173589034875,1
1163,99.0,0.0,93.47079037800687,0.16623626321841165,1
1164,99.0,0.0,93.47639484978541,0.16625076510193412,1
1165,99.0,0.0,93.4819897084048,0.16626524160770706,1
1166,99.0,0.0,93.48757497857754,0.1662796928022864,1
1167,99.0,0.0,93.4931506849315,0.16629411875199512,1
1168,99.0,0.0,93.49871685201026,0.1663085195229298,1
1169,99.0,0.0,93.41880341880342,0.17277284998071715,1
1170,99.0,0.0,93.42442356959863,0.17278740562013156,1
1171,99.0,0.0,93.43003412969283,0.172801935909658,1
1172,99.0,0.0,93.43563512361467,0.17281644091546114,1
1173,99.0,0.0,93.4412265758092,0.17283092070347583,1
1174,99.0,0.0,93.4468085106383,0.1728453753394102,1
1175,99.0,0.0,93.45238095238095,0.17285980488874295,1
1176,99.0,0.0,93.45794392523365,0.1728742094167254,1
1177,99.0,0.0,93.4634974533107,0.1728885889883838,1
1178,99.0,0.0,93.46904156064461,0.1729029436685165,1
1179,99.0,0.0,93.47457627118644,0.1729172735217003,1
1180,99.0,0.0,93.4801016088061,0.1729315786122916,1
1181,99.0,0.0,93.48561759729273,0.17294585900441534,1
1182,99.0,0.0,93.49112426035504,0.17296011476198753,1
1183,99.0,0.0,93.49662162162163,0.17297434594869215,1
1184,99.0,0.0,93.50210970464134,0.17298855262800103,1
1185,99.0,0.0,93.50758853288364,0.17300273486316725,1
1186,99.0,0.0,93.42881213142375,0.17919485101818236,1
1187,99.0,0.0,93.35016835016835,0.17701838844605805,1
1188,99.0,0.0,93.35576114381834,0.17703286401429952,1
1189,99.0,0.0,93.36134453781513,0.17704731474591826,1
1190,99.0,0.0,93.36691855583543,0.17706174070478312,1
1191,99.0,0.0,93.37248322147651,0.1770761419545403,1
1192,99.0,0.0,93.37803855825649,0.17709051855861835,1
1193,99.0,0.0,93.2998324958124,0.17490152719231553,1
1194,99.0,0.0,93.30543933054393,0.17491606756022057,1
1195,99.0,0.0,93.22742474916387,0.18080806372507563,1
1196,99.0,0.0,93.14954051796157,0.18646343586045702,1
1197,99.0,0.0,93.15525876460768,0.18647829471487584,1
1198,99.0,0.0,93.07756463719767,0.1919107437211228,1
1199,92.0,0.40784603997039215,93.08333333333333,0.19192574803660598,1
1200,92.0,0.40784603997039215,93.00582847626978,0.19714779120940432,1
1201,92.0,0.40784603997039215,93.0116472545757,0.19716294011004606,1
1202,92.0,0.40784603997039215,92.93433083956775,0.19495028224568423,1
1203,92.0,0.40784603997039215,92.94019933554817,0.19496558505408032,1
1204,92.0,0.40784603997039215,92.86307053941908,0.1999783840536082,1
1205,92.0,0.40784603997039215,92.86898839137645,0.1999938292554997,1
1206,92.0,0.40784603997039215,92.87489643744821,0.20000924826980293,1
1207,92.0,0.40784603997039215,92.88079470198676,0.20002464116306243,1
1208,92.0,0.40784603997039215,92.88668320926385,0.20004000800160038,1
1209,92.0,0.40784603997039215,92.89256198347108,0.20005534885151233,1
1210,92.0,0.40784603997039215,92.89843104872007,0.20007066377866903,1
1211,92.0,0.40784603997039215,92.9042904290429,0.20008595284872197,1
1212,92.0,0.40784603997039215,92.91014014839241,0.2001012161271035,1
1213,92.0,0.40784603997039215,92.833607907743,0.20492920107496965,1
1214,92.0,0.40784603997039215,92.8395061728395,0.2049446044842918,1
1215,92.0,0.40784603997039215,92.8453947368421,0.20495998196370244,1
1216,92.0,0.40784603997039215,92.85127362366475,0.20497533357862088,1
1217,92.0,0.40784603997039215,92.85714285714286,0.20499065939424851,1
1218,92.0,0.40784603997039215,92.86300246103364,0.2050059594755666,1
1219,92.0,0.40784603997039215,92.8688524590164,0.20502123388733687,1
1220,92.0,0.40784603997039215,92.87469287469288,0.20503648269410676,1
1221,92.0,0.40784603997039215,92.88052373158756,0.20505170596020528,1
1222,92.0,0.40784603997039215,92.886345053148,0.20506690374974837,1
1223,92.0,0.40784603997039215,92.8921568627451,0.20508207612663468,1
1224,92.0,0.40784603997039215,92.89795918367348,0.20509722315455065,1
1225,92.0,0.40784603997039215,92.90375203915171,0.20511234489696964,1
1226,92.0,0.40784603997039215,92.8280358598207,0.2097659509067752,1
1227,92.0,0.40784603997039215,92.83387622149837,0.2097812097812095,1
1228,92.0,0.40784603997039215,92.83970707892595,0.20979644323645094,1
1229,92.0,0.40784603997039215,92.84552845528455,0.20981165133596208,1
1230,92.0,0.40784603997039215,92.85134037367993,0.20982683414299683,1
1231,92.0,0.40784603997039215,92.85714285714286,0.20984199172059942,1
1232,92.0,0.40784603997039215,92.86293592862937,0.20985712413160384,1
1233,92.0,0.40784603997039215,92.78768233387358,0.20766178486400583,1
1234,92.0,0.40784603997039215,92.71255060728745,0.2121435507765144,1
1235,92.0,0.40784603997039215,92.71844660194175,0.2121589846737873,1
1236,92.0,0.40784603997039215,92.72433306386418,0.21217439301408947,1
1237,92.0,0.40784603997039215,92.73021001615508,0.21218977586084958,1
1238,92.0,0.40784603997039215,92.7360774818402,0.2122051332772859,1
1239,92.0,0.40784603997039215,92.66129032258064,0.21004179413762059,1
1240,92.0,0.40784603997039215,92.66720386784851,0.21005728835136883,1
1241,92.0,0.40784603997039215,92.5925925925926,0.20795208783896166,1
1242,92.0,0.40784603997039215,92.51810136765889,0.20588174680048582,1
1243,92.0,0.40784603997039215,92.52411575562701,0.20589749397689666,1
1244,92.0,0.40784603997039215,92.53012048192771,0.20591321523362718,1
1245,92.0,0.40784603997039215,92.53611556982342,0.2059289106346233,1
1246,92.0,0.40784603997039215,92.542101042502,0.20594458024361656,1
1247,92.0,0.40784603997039215,92.54807692307693,0.20596022412413043,1
1248,92.0,0.40784603997039215,92.55404323458767,0.20597584233947727,1
1249,92.0,0.40784603997039215,92.56,0.20599143495276878,1
1250,92.0,0.40784603997039215,92.56594724220624,0.20600700202690303,1
1251,92.0,0.40784603997039215,92.57188498402556,0.20602254362457267,1
1252,92.0,0.40784603997039215,92.57781324820431,0.20603805980826975,1
1253,92.0,0.40784603997039215,92.58373205741627,0.20605355064027872,1
1254,92.0,0.40784603997039215,92.58964143426294,0.2060690161826833,1
1255,92.0,0.40784603997039215,92.59554140127389,0.2060844564973587,1
1256,92.0,0.40784603997039215,92.52187748607797,0.2040498757148917,1
1257,92.0,0.40784603997039215,92.52782193958664,0.20406542370599653,1
1258,92.0,0.40784603997039215,92.53375694996029,0.20408094639218313,1
1259,92.0,0.40784603997039215,92.53968253968254,0.20409644383517545,1
1260,92.0,0.40784603997039215,92.54559873116574,0.2041119160964998,1
1261,92.0,0.40784603997039215,92.55150554675119,0.20412736323748532,1
1262,92.0,0.40784603997039215,92.55740300870943,0.20414278531925645,1
1263,92.0,0.40784603997039215,92.5632911392405,0.2041581824027448,1
1264,92.0,0.40784603997039215,92.56916996047431,0.204173554548679,1
1265,92.0,0.40784603997039215,92.57503949447077,0.20418890181759836,1
1266,92.0,0.40784603997039215,92.5808997632202,0.20420422426984003,1
1267,92.0,0.40784603997039215,92.58675078864354,0.20421952196555013,1
1268,92.0,0.40784603997039215,92.5925925925926,0.20423479496467636,1
1269,92.0,0.40784603997039215,92.5984251968504,0.2042500433269793,1
1270,92.0,0.40784603997039215,92.6042486231314,0.20426526711201934,1
1271,92.0,0.40784603997039215,92.61006289308176,0.20428046637917144,1
1272,92.0,0.40784603997039215,92.61586802827966,0.20429564118761892,1
1273,92.0,0.40784603997039215,92.62166405023548,0.20431079159634755,1
1274,92.0,0.40784603997039215,92.62745098039215,0.20432591766416286,1
1275,92.0,0.40784603997039215,92.6332288401254,0.204341019449678,1
1276,92.0,0.40784603997039215,92.63899765074393,0.20435609701131396,1
1277,92.0,0.40784603997039215,92.64475743348983,0.20437115040731182,1
1278,92.0,0.40784603997039215,92.65050820953871,0.2043861796957208,1
1279,92.0,0.40784603997039215,92.65625,0.20440118493440573,1
1280,92.0,0.40784603997039215,92.66198282591725,0.20441616618104846,1
1281,92.0,0.40784603997039215,92.66770670826833,0.20443112349314013,1
1282,92.0,0.40784603997039215,92.6734216679657,0.20444605692799864,1
1283,92.0,0.40784603997039215,92.6791277258567,0.2044609665427511,1
1284,92.0,0.40784603997039215,92.60700389105058,0.2024630059125208,1
1285,92.0,0.40784603997039215,92.61275272161743,0.20247801706411192,1
1286,92.0,0.40784603997039215,92.61849261849262,0.2024930043246,1
1287,92.0,0.40784603997039215,92.62422360248446,0.20250796775097485,1
1288,92.0,0.40784603997039215,92.6299456943367,0.20252290740004975,1
1289,92.0,0.40784603997039215,92.63565891472868,0.20253782332845294,1
1290,92.0,0.40784603997039215,92.64136328427576,0.20255271559263288,1
1291,92.0,0.40784603997039215,92.56965944272446,0.2005878030859668,1
1292,92.0,0.40784603997039215,92.49806651198763,0.19865442487205562,1
1293,92.0,0.40784603997039215,92.50386398763524,0.19866953529498116,1
1294,92.0,0.40784603997039215,92.43243243243244,0.1967162270790993,1
1295,92.0,0.40784603997039215,92.43827160493827,0.19673147222889736,1
1296,92.0,0.40784603997039215,92.44410177332306,0.1967466932930569,1
1297,92.0,0.40784603997039215,92.44992295839754,0.19676189032861058,1
1298,92.0,0.40784603997039215,92.45573518090839,0.19677706339241274,1
1299,85.0,0.21094160967911588,92.46153846153847,0.1967922125411378,1
1300,85.0,0.21094160967911588,92.467332820907,0.196807337831283,1
1301,85.0,0.21094160967911588,92.47311827956989,0.19682243931916552,1
1302,85.0,0.21094160967911588,92.47889485801996,0.19683751706092845,1
1303,85.0,0.21094160967911588,92.48466257668711,0.19685257111253485,1
1304,85.0,0.21094160967911588,92.41379310344827,0.19493136088037433,1
1305,85.0,0.21094160967911588,92.34303215926492,0.1930800123571204,1
1306,85.0,0.21094160967911588,92.34889058913542,0.19309531600165408,1
1307,85.0,0.21094160967911588,92.35474006116208,0.19311059566697872,1
1308,85.0,0.21094160967911588,92.36058059587471,0.19312585140940963,1
1309,85.0,0.21094160967911588,92.36641221374046,0.1931410832850864,1
1310,85.0,0.21094160967911588,92.372234935164,0.19315629134997125,1
1311,85.0,0.21094160967911588,92.3780487804878,0.19317147565985354,1
1312,85.0,0.21094160967911588,92.38385376999238,0.1931866362703477,1
1313,85.0,0.21094160967911588,92.3896499238965,0.1932017732368936,1
1314,85.0,0.21094160967911588,92.39543726235742,0.1932168866147627,1
1315,85.0,0.21094160967911588,92.40121580547113,0.19323197645904894,1
1316,85.0,0.21094160967911588,92.40698557327259,0.1932470428246772,1
1317,85.0,0.21094160967911588,92.41274658573596,0.19326208576640036,1
1318,85.0,0.21094160967911588,92.41849886277484,0.19327710533880563,1
1319,85.0,0.21094160967911588,92.42424242424242,0.19329210159630275,1
1320,85.0,0.21094160967911588,92.42997728993187,0.19330707459314214,1
1321,85.0,0.21094160967911588,92.4357034795764,0.19332202438339738,1
1322,85.0,0.21094160967911588,92.44142101284959,0.1933369510209822,1
1323,85.0,0.21094160967911588,92.44712990936556,0.1933518545596333,1
1324,85.0,0.21094160967911588,92.45283018867924,0.19336673505293406,1
1325,85.0,0.21094160967911588,92.45852187028657,0.1933815925542922,1
1326,85.0,0.21094160967911588,92.38884702336097,0.19156135959224285,1
1327,85.0,0.21094160967911588,92.39457831325302,0.19157630806507067,1
1328,85.0,0.21094160967911588,92.40030097817909,0.19159123349052418,1
1329,85.0,0.21094160967911588,92.40601503759397,0.19160613592186176,1
1330,85.0,0.21094160967911588,92.41172051089407,0.19162101541218454,1
1331,85.0,0.21094160967911588,92.41741741741741,0.19163587201442117,1
1332,85.0,0.21094160967911588,92.42310577644412,0.1916507057813438,1
1333,85.0,0.21094160967911588,92.4287856071964,0.19166551676555835,1
1334,85.0,0.21094160967911588,92.43445692883896,0.19168030501951294,1
1335,85.0,0.21094160967911588,92.44011976047905,0.1916950705954938,1
1336,85.0,0.21094160967911588,92.44577412116679,0.19170981354562566,1
1337,85.0,0.21094160967911588,92.45142002989537,0.1917245339218751,1
1338,85.0,0.21094160967911588,92.4570575056012,0.19173923177604707,1
1339,85.0,0.21094160967911588,92.46268656716417,0.19175390715979154,1
1340,85.0,0.21094160967911588,92.46830723340791,0.1917685601245999,1
1341,85.0,0.21094160967911588,92.39940387481371,0.1899779866025993,1
1342,85.0,0.21094160967911588,92.40506329113924,0.1899927269286947,1
1343,85.0,0.21094160967911588,92.41071428571429,0.19000744478451545,1
1344,85.0,0.21094160967911588,92.41635687732342,0.1900221402214023,1
1345,85.0,0.21094160967911588,92.42199108469539,0.1900368132905421,1
1346,85.0,0.21094160967911588,92.42761692650335,0.19005146404296303,1
1347,85.0,0.21094160967911588,92.43323442136499,0.19006609252954168,1
1348,85.0,0.21094160967911588,92.43884358784284,0.19008069880099548,1
1349,85.0,0.21094160967911588,92.44444444444444,0.19009528290789224,1
1350,85.0,0.21094160967911588,92.4500370096225,0.19010984490064495,1
1351,85.0,0.21094160967911588,92.45562130177515,0.19012438482951344,1
1352,85.0,0.21094160967911588,92.46119733924611,0.19013890274460546,1
1353,85.0,0.21094160967911588,92.46676514032495,0.19015339869587555,1
1354,85.0,0.21094160967911588,92.47232472324724,0.1901678727331323,1
1355,85.0,0.21094160967911588,92.47787610619469,0.19018232490602732,1
1356,85.0,0.21094160967911588,92.4834193072955,0.19019675526406538,1
1357,85.0,0.21094160967911588,92.48895434462445,0.19021116385660577,1
1358,85.0,0.21094160967911588,92.49448123620309,0.19022555073284889,1
1359,85.0,0.21094160967911588,92.5,0.19023991594185985,1
1360,85.0,0.21094160967911588,92.50551065393094,0.19025425953254466,1
1361,85.0,0.21094160967911588,92.51101321585902,0.19026858155366877,1
1362,85.0,0.21094160967911588,92.51650770359501,0.1902828820538504,1
1363,85.0,0.21094160967911588,92.52199413489735,0.1902971610815579,1
1364,85.0,0.21094160967911588,92.52747252747253,0.19031141868512147,1
1365,85.0,0.21094160967911588,92.53294289897511,0.19032565491271713,1
1366,85.0,0.21094160967911588,92.53840526700805,0.19033986981238346,1
1367,85.0,0.21094160967911588,92.54385964912281,0.1903540634320127,1
1368,85.0,0.21094160967911588,92.47626004382761,0.1885936897589494,1
1369,85.0,0.21094160967911588,92.48175182481752,0.1886079661436019,1
1370,85.0,0.21094160967911588,92.48723559445659,0.1886222212007518,1
1371,85.0,0.21094160967911588,92.4927113702624,0.1886364549781537,1
1372,85.0,0.21094160967911588,92.49817916970139,0.18865066752342285,1
1373,85.0,0.21094160967911588,92.50363901018923,0.1886648588840284,1
1374,85.0,0.21094160967911588,92.5090909090909,0.18867902910730233,1
1375,85.0,0.21094160967911588,92.51453488372093,0.18869317824043727,1
1376,85.0,0.21094160967911588,92.5199709513435,0.18870730633047536,1
1377,85.0,0.21094160967911588,92.52539912917271,0.18872141342433013,1
1378,85.0,0.21094160967911588,92.53081943437273,0.1887354995687708,1
1379,85.0,0.21094160967911588,92.53623188405797,0.18874956481042843,1
1380,85.0,0.21094160967911588,92.54163649529326,0.18876360919579568,1
1381,85.0,0.21094160967911588,92.54703328509407,0.18877763277122814,1
1382,85.0,0.21094160967911588,92.5524222704266,0.1887916355829402,1
1383,85.0,0.21094160967911588,92.55780346820809,0.1888056176770175,1
1384,85.0,0.21094160967911588,92.56317689530687,0.18881957909940328,1
1385,85.0,0.21094160967911588,92.56854256854257,0.18883351989590358,1
1386,85.0,0.21094160967911588,92.57390050468636,0.1888474401121962,1
1387,85.0,0.21094160967911588,92.57925072046109,0.18886133979381628,1
1388,85.0,0.21094160967911588,92.58459323254141,0.18887521898617257,1
1389,85.0,0.21094160967911588,92.58992805755396,0.1888890777345322,1
1390,85.0,0.21094160967911588,92.59525521207765,0.1889029160840348,1
1391,85.0,0.21094160967911588,92.60057471264368,0.18891673407968618,1
1392,85.0,0.21094160967911588,92.60588657573582,0.1889305317663549,1
1393,85.0,0.21094160967911588,92.61119081779053,0.1889443091887867,1
1394,85.0,0.21094160967911588,92.61648745519713,0.18895806639158622,1
1395,85.0,0.21094160967911588,92.621776504298,0.1889718034192363,1
1396,85.0,0.21094160967911588,92.62705798138869,0.18898552031608545,1
1397,85.0,0.21094160967911588,92.63233190271816,0.18899921712634601,1
1398,85.0,0.21094160967911588,92.63759828448892,0.1890128938941127,1
1399,95.0,-0.008064516129031356,92.64285714285714,0.18902655066334423,1
1400,95.0,-0.008064516129031356,92.6481084939329,0.18904018747787105,1
1401,95.0,-0.008064516129031356,92.65335235378032,0.18905380438139863,1
1402,95.0,-0.008064516129031356,92.65858873841768,0.18906740141749986,1
1403,95.0,-0.008064516129031356,92.66381766381767,0.18908097862962653,1
1404,95.0,-0.008064516129031356,92.66903914590748,0.18909453606110027,1
1405,95.0,-0.008064516129031356,92.67425320056898,0.18910807375511618,1
1406,95.0,-0.008064516129031356,92.67945984363894,0.18912159175474533,1
1407,95.0,-0.008064516129031356,92.6846590909091,0.1891350901029348,1
1408,95.0,-0.008064516129031356,92.68985095812633,0.18914856884250233,1
1409,95.0,-0.008064516129031356,92.6950354609929,0.18916202801614623,1
1410,95.0,-0.008064516129031356,92.70021261516655,0.18917546766643756,1
1411,95.0,-0.008064516129031356,92.70538243626062,0.18918888783582555,1
1412,95.0,-0.008064516129031356,92.71054493984431,0.189202288566639,1
1413,95.0,-0.008064516129031356,92.71570014144271,0.18921566990107583,1
1414,95.0,-0.008064516129031356,92.7208480565371,0.18922903188121945,1
1415,95.0,-0.008064516129031356,92.72598870056498,0.18924237454903353,1
1416,95.0,-0.008064516129031356,92.73112208892026,0.18925569794635067,1
1417,95.0,-0.008064516129031356,92.73624823695346,0.189269002114893,1
1418,95.0,-0.008064516129031356,92.74136715997182,0.18928228709625486,1
1419,95.0,-0.008064516129031356,92.74647887323944,0.18929555293191636,1
1420,95.0,-0.008064516129031356,92.75158339197748,0.18930879966323338,1
1421,95.0,-0.008064516129031356,92.75668073136427,0.18932202733144807,1
1422,95.0,-0.008064516129031356,92.76177090653549,0.1893352359776766,1
1423,95.0,-0.008064516129031356,92.76685393258427,0.18934842564292542,1
1424,95.0,-0.008064516129031356,92.77192982456141,0.18936159636807465,1
1425,95.0,-0.008064516129031356,92.77699859747545,0.18937474819389494,1
1426,95.0,-0.008064516129031356,92.78206026629292,0.18938788116103464,1
1427,95.0,-0.008064516129031356,92.78711484593838,0.18940099531002946,1
1428,95.0,-0.008064516129031356,92.79216235129462,0.18941409068129325,1
1429,95.0,-0.008064516129031356,92.7972027972028,0.18942716731513254,1
1430,95.0,-0.008064516129031356,92.80223619846262,0.18944022525173237,1
1431,95.0,-0.008064516129031356,92.8072625698324,0.18945326453116237,1
1432,95.0,-0.008064516129031356,92.8122819260293,0.18946628519338085,1
1433,95.0,-0.008064516129031356,92.81729428172942,0.18947928727823424,1
1434,95.0,-0.008064516129031356,92.82229965156795,0.18949227082544987,1
1435,95.0,-0.008064516129031356,92.82729805013928,0.18950523587464604,1
1436,95.0,-0.008064516129031356,92.83228949199722,0.1895181824653249,1
1437,95.0,-0.008064516129031356,92.83727399165508,0.18953111063687703,1
1438,95.0,-0.008064516129031356,92.84225156358582,0.18954402042858337,1
1439,95.0,-0.008064516129031356,92.84722222222223,0.18955691187961418,1
1440,95.0,-0.008064516129031356,92.85218598195696,0.18956978502902053,1
1441,95.0,-0.008064516129031356,92.85714285714286,0.18958263991575325,1
1442,95.0,-0.008064516129031356,92.86209286209287,0.1895954765786446,1
1443,95.0,-0.008064516129031356,92.86703601108033,0.1896082950564203,1
1444,95.0,-0.008064516129031356,92.8719723183391,0.18962109538769795,1
1445,95.0,-0.008064516129031356,92.87690179806363,0.18963387761098205,1
1446,95.0,-0.008064516129031356,92.88182446440912,0.1896466417646706,1
1447,95.0,-0.008064516129031356,92.88674033149171,0.1896593878870542,1
1448,95.0,-0.008064516129031356,92.89164941338855,0.18967211601631032,1
1449,95.0,-0.008064516129031356,92.89655172413794,0.1896848261905152,1
1450,95.0,-0.008064516129031356,92.90144727773949,0.18969751844763394,1
1451,95.0,-0.008064516129031356,92.90633608815428,0.18971019282552562,1
1452,95.0,-0.008064516129031356,92.91121816930489,0.18972284936194295,1
1453,95.0,-0.008064516129031356,92.91609353507565,0.18973548809452948,1
1454,95.0,-0.008064516129031356,92.92096219931271,0.18974810906082926,1
1455,95.0,-0.008064516129031356,92.85714285714286,0.18797056993929548,1
1456,95.0,-0.008064516129031356,92.86204529855868,0.18798330180539968,1
1457,95.0,-0.008064516129031356,92.86694101508917,0.1879960158082454,1
1458,95.0,-0.008064516129031356,92.87183002056203,0.18800871198540192,1
1459,95.0,-0.008064516129031356,92.87671232876711,0.18802139037433183,1
1460,95.0,-0.008064516129031356,92.88158795345653,0.18803405101239248,1
1461,95.0,-0.008064516129031356,92.88645690834473,0.1880466939368369,1
1462,95.0,-0.008064516129031356,92.89131920710868,0.18805931918481394,1
1463,95.0,-0.008064516129031356,92.89617486338798,0.1880719267933711,1
1464,95.0,-0.008064516129031356,92.90102389078498,0.188084516799447,1
1465,95.0,-0.008064516129031356,92.90586630286494,0.18809708923987928,1
1466,95.0,-0.008064516129031356,92.91070211315609,0.18810964415140766,1
1467,95.0,-0.008064516129031356,92.91553133514986,0.18812218157066338,1
1468,95.0,-0.008064516129031356,92.92035398230088,0.18813470153417747,1
1469,95.0,-0.008064516129031356,92.92517006802721,0.1881472040783811,1
1470,95.0,-0.008064516129031356,92.9299796057104,0.18815968923960358,1
1471,95.0,-0.008064516129031356,92.93478260869566,0.18817215705406987,1
1472,95.0,-0.008064516129031356,92.93957909029193,0.18818460755790847,1
1473,95.0,-0.008064516129031356,92.94436906377204,0.18819704078714575,1
1474,95.0,-0.008064516129031356,92.94915254237289,0.18820945677771048,1
1475,95.0,-0.008064516129031356,92.95392953929539,0.18822185556542645,1
1476,95.0,-0.008064516129031356,92.9587000677048,0.18823423718602503,1
1477,95.0,-0.008064516129031356,92.96346414073072,0.18824660167513357,1
1478,95.0,-0.008064516129031356,92.96822177146721,0.1882589490682845,1
1479,95.0,-0.008064516129031356,92.97297297297298,0.1882712794009082,1
1480,95.0,-0.008064516129031356,92.97771775827144,0.18828359270833958,1
1481,95.0,-0.008064516129031356,92.98245614035088,0.18829588902581562,1
1482,95.0,-0.008064516129031356,92.98718813216453,0.1883081683884783,1
1483,95.0,-0.008064516129031356,92.99191374663073,0.18832043083137073,1
1484,95.0,-0.008064516129031356,92.996632996633,0.18833267638943785,1
1485,95.0,-0.008064516129031356,93.0013458950202,0.18834490509752924,1
1486,95.0,-0.008064516129031356,93.00605245460659,0.18835711699040109,1
1487,95.0,-0.008064516129031356,93.01075268817203,0.18836931210271202,1
1488,95.0,-0.008064516129031356,93.01544660846206,0.18838149046902827,1
1489,95.0,-0.008064516129031356,93.02013422818793,0.18839365212381595,1
1490,95.0,-0.008064516129031356,93.02481556002682,0.18840579710145067,1
1491,95.0,-0.008064516129031356,93.02949061662198,0.18841792543621047,1
1492,95.0,-0.008064516129031356,93.03415941058272,0.18843003716228612,1
1493,95.0,-0.008064516129031356,93.0388219544846,0.18844213231376808,1
1494,95.0,-0.008064516129031356,93.04347826086956,0.18845421092465442,1
1495,95.0,-0.008064516129031356,93.04812834224599,0.18846627302885635,1
1496,95.0,-0.008064516129031356,93.05277221108884,0.18847831866018244,1
1497,95.0,-0.008064516129031356,93.05740987983978,0.18849034785235752,1
1498,95.0,-0.008064516129031356,93.06204136090727,0.18850236063901143,1
1499,99.0,0.0,93.06666666666666,0.18851435705368327,1
1500,99.0,0.0,93.07128580946036,0.18852633712981606,1
1501,99.0,0.0,93.07589880159787,0.1885383009007699,1
1502,99.0,0.0,93.01397205588823,0.1867930847911784,1
1503,99.0,0.0,93.0186170212766,0.18680515146989898,1
1504,99.0,0.0,92.95681063122923,0.19104895388578477,1
1505,99.0,0.0,92.96148738379813,0.1910611128002424,1
1506,99.0,0.0,92.96615792966158,0.19107325521334398,1
1507,99.0,0.0,92.9708222811671,0.19108538115865734,1
1508,99.0,0.0,92.97548045062956,0.1910974906696602,1
1509,99.0,0.0,92.98013245033113,0.19110958377974024,1
1510,99.0,0.0,92.98477829252151,0.19112166052219584,1
1511,99.0,0.0,92.98941798941799,0.19113372093023284,1
1512,99.0,0.0,92.99405155320555,0.1911457650369675,1
1513,99.0,0.0,92.99867899603699,0.19115779287543078,1
1514,99.0,0.0,93.003300330033,0.1911698044785587,1
1515,99.0,0.0,93.00791556728231,0.1911817998792015,1
1516,99.0,0.0,93.01252471984179,0.19119377911012375,1
1517,99.0,0.0,92.95125164690383,0.1953093649213023,1
1518,99.0,0.0,92.95589203423305,0.19532143476000685,1
1519,99.0,0.0,92.96052631578947,0.19533348835598507,1
1520,99.0,0.0,92.89940828402366,0.1936381709741547,1
1521,99.0,0.0,92.90407358738501,0.19365029531228573,1
1522,99.0,0.0,92.90873276428103,0.1936624033648876,1
1523,99.0,0.0,92.91338582677166,0.19367449516475083,1
1524,99.0,0.0,92.91803278688523,0.19368657074457804,1
1525,99.0,0.0,92.92267365661861,0.193698630136987,1
1526,99.0,0.0,92.92730844793712,0.19371067337449893,1
1527,99.0,0.0,92.93193717277487,0.19372270048955922,1
1528,99.0,0.0,92.93655984303466,0.19373471151451752,1
1529,99.0,0.0,92.94117647058823,0.19374670648164416,1
1530,99.0,0.0,92.94578706727629,0.19375868542311647,1
1531,99.0,0.0,92.95039164490862,0.19377064837103097,1
1532,99.0,0.0,92.95499021526419,0.19378259535739908,1
1533,99.0,0.0,92.95958279009126,0.19379452641414044,1
1534,99.0,0.0,92.96416938110748,0.19380644157309365,1
1535,99.0,0.0,92.96875,0.1938183408660158,1
1536,99.0,0.0,92.97332465842551,0.19383022432457403,1
1537,99.0,0.0,92.9778933680104,0.1938420919803533,1
1538,99.0,0.0,92.98245614035088,0.1938539438648571,1
1539,99.0,0.0,92.98701298701299,0.19386578000949892,1
1540,99.0,0.0,92.99156391953277,0.19387760044561772,1
1541,99.0,0.0,92.99610894941634,0.19388940520446177,1
1542,99.0,0.0,93.00064808814,0.19390119431719854,1
1543,99.0,0.0,93.00518134715026,0.19391296781491346,1
1544,99.0,0.0,93.00970873786409,0.19392472572861322,1
1545,99.0,0.0,93.01423027166882,0.19393646808921447,1
1546,99.0,0.0,93.01874595992243,0.19394819492756113,1
1547,99.0,0.0,93.02325581395348,0.1939599062744074,1
1548,99.0,0.0,93.02775984506133,0.19397160216043338,1
1549,99.0,0.0,93.03225806451613,0.1939832826162315,1
1550,99.0,0.0,93.03675048355899,0.19399494767232092,1
1551,99.0,0.0,93.04123711340206,0.19400659735913353,1
1552,99.0,0.0,93.04571796522859,0.1940182317070248,1
1553,99.0,0.0,93.05019305019306,0.1940298507462698,1
1554,99.0,0.0,93.05466237942123,0.19404145450706295,1
1555,99.0,0.0,93.05912596401028,0.19405304301951926,1
1556,99.0,0.0,93.0635838150289,0.19406461631367938,1
1557,99.0,0.0,93.06803594351733,0.19407617441949676,1
1558,99.0,0.0,93.0724823604875,0.1940877173668513,1
1559,99.0,0.0,93.07692307692308,0.19409924518554728,1
1560,99.0,0.0,93.08135810377964,0.1941107579053048,1
1561,99.0,0.0,93.08578745198463,0.19412225555576718,1
1562,99.0,0.0,93.09021113243762,0.1941337381665064,1
1563,99.0,0.0,93.09462915601023,0.194145205767011,1
1564,99.0,0.0,93.09904153354633,0.1941566583866921,1
1565,99.0,0.0,93.10344827586206,0.19416809605488855,1
1566,99.0,0.0,93.10784939374601,0.19417951880085926,1
1567,99.0,0.0,93.11224489795919,0.19419092665378784,1
1568,99.0,0.0,93.11663479923517,0.1942023196427796,1
1569,99.0,0.0,93.12101910828025,0.1942136977968715,1
1570,99.0,0.0,93.1253978357734,0.19422506114501414,1
1571,99.0,0.0,93.12977099236642,0.19423640971609207,1
1572,99.0,0.0,93.13413858868404,0.19424774353890834,1
1573,99.0,0.0,93.13850063532402,0.1942590626421963,1
1574,99.0,0.0,93.14285714285714,0.1942703670546111,1
1575,99.0,0.0,93.08375634517766,0.1982600903558218,1
1576,99.0,0.0,93.08814204185161,0.19827147941026932,1
1577,99.0,0.0,93.09252217997465,0.19828285370696538,1
1578,99.0,0.0,93.09689677010766,0.19829421327457925,1
1579,99.0,0.0,93.10126582278481,0.1983055581417001,1
1580,99.0,0.0,93.1056293485136,0.19831688833684588,1
1581,99.0,0.0,93.10998735777497,0.19832820388846045,1
1582,99.0,0.0,93.11433986102338,0.19833950482491366,1
1583,99.0,0.0,93.11868686868688,0.19835079117450508,1
1584,99.0,0.0,93.1230283911672,0.198362062965456,1
1585,99.0,0.0,93.12736443883985,0.19837332022591742,1
1586,99.0,0.0,93.13169502205419,0.1983845629839712,1
1587,99.0,0.0,93.13602015113351,0.19839579126762139,1
1588,99.0,0.0,93.14033983637508,0.19840700510480339,1
1589,99.0,0.0,93.14465408805032,0.1984182045233803,1
1590,99.0,0.0,93.14896291640477,0.19842938955114187,1
1591,99.0,0.0,93.15326633165829,0.19844056021580905,1
1592,99.0,0.0,93.15756434400501,0.19845171654502905,1
1593,99.0,0.0,93.16185696361356,0.19846285856638024,1
1594,99.0,0.0,93.16614420062696,0.1984739863073694,1
1595,99.0,0.0,93.1704260651629,0.19848509979543227,1
1596,99.0,0.0,93.17470256731372,0.19849619905793772,1
1597,99.0,0.0,93.17897371714643,0.19850728412217747,1
1598,99.0,0.0,93.18323952470294,0.19851835501538248,1
1599,95.0,0.3622448979591833,93.1875,0.19852941176470668,1
1600,95.0,0.3622448979591833,93.19175515302935,0.19854045439723675,1
1601,95.0,0.3622448979591833,93.1960049937578,0.19855148293999364,1
1602,95.0,0.3622448979591833,93.20024953212726,0.1985624974199274,1
1603,95.0,0.3622448979591833,93.20448877805487,0.19857349786391332,1
1604,95.0,0.3622448979591833,93.20872274143302,0.19858448429877015,1
1605,95.0,0.3622448979591833,93.21295143212951,0.19859545675123763,1
1606,95.0,0.3622448979591833,93.21717485998755,0.19860641524799427,1
1607,95.0,0.3622448979591833,93.22139303482587,0.19861735981564863,1
1608,95.0,0.3622448979591833,93.22560596643879,0.1986282904807384,1
1609,95.0,0.3622448979591833,93.22981366459628,0.19863920726973824,1
1610,95.0,0.3622448979591833,93.23401613904407,0.19865011020905438,1
1611,95.0,0.3622448979591833,93.23821339950372,0.19866099932502712,1
1612,95.0,0.3622448979591833,93.24240545567267,0.19867187464392635,1
1613,95.0,0.3622448979591833,93.24659231722428,0.19868273619195917,1
1614,95.0,0.3622448979591833,93.25077399380804,0.19869358399526516,1
1615,95.0,0.3622448979591833,93.2549504950495,0.1987044180799183,1
1616,95.0,0.3622448979591833,93.25912183055041,0.19871523847192638,1
1617,95.0,0.3622448979591833,93.26328800988875,0.1987260451972272,1
1618,95.0,0.3622448979591833,93.26744904261889,0.1987368382817013,1
1619,95.0,0.3622448979591833,93.27160493827161,0.19874761775115693,1
1620,95.0,0.3622448979591833,93.2757557063541,0.19875838363134257,1
1621,95.0,0.3622448979591833,93.27990135635018,0.19876913594793702,1
1622,95.0,0.3622448979591833,93.28404189772027,0.19877987472655878,1
1623,95.0,0.3622448979591833,93.28817733990148,0.19879059999275733,1
1624,95.0,0.3622448979591833,93.2923076923077,0.19880131177202245,1
1625,95.0,0.3622448979591833,93.29643296432964,0.1988120100897782,1
1626,95.0,0.3622448979591833,93.30055316533497,0.19882269497138033,1
1627,95.0,0.3622448979591833,93.3046683046683,0.19883336644212915,1
1628,95.0,0.3622448979591833,93.30877839165132,0.19884402452725428,1
1629,95.0,0.3622448979591833,93.31288343558283,0.19885466925192824,1
1630,95.0,0.3622448979591833,93.31698344573881,0.1988653006412532,1
1631,95.0,0.3622448979591833,93.32107843137256,0.1988759187202764,1
1632,95.0,0.3622448979591833,93.32516840171463,0.19888652351397673,1
1633,95.0,0.3622448979591833,93.32925336597307,0.19889711504727411,1
1634,95.0,0.3622448979591833,93.33333333333333,0.19890769334502104,1
1635,95.0,0.3622448979591833,93.33740831295843,0.19891825843201377,1
1636,95.0,0.3622448979591833,93.341478313989,0.1989288103329849,1
1637,95.0,0.3622448979591833,93.34554334554335,0.1989393490726026,1
1638,95.0,0.3622448979591833,93.34960341671751,0.1989498746754783,1
1639,95.0,0.3622448979591833,93.35365853658537,0.19896038716616032,1
1640,95.0,0.3622448979591833,93.35770871419867,0.19897088656912987,1
1641,95.0,0.3622448979591833,93.36175395858709,0.19898137290881565,1
1642,95.0,0.3622448979591833,93.36579427875837,0.1989918462095828,1
1643,95.0,0.3622448979591833,93.3698296836983,0.1990023064957361,1
1644,95.0,0.3622448979591833,93.37386018237082,0.1990127537915159,1
1645,95.0,0.3622448979591833,93.37788578371811,0.19902318812111028,1
1646,95.0,0.3622448979591833,93.38190649666059,0.19903360950863902,1
1647,95.0,0.3622448979591833,93.38592233009709,0.19904401797816862,1
1648,95.0,0.3622448979591833,93.38993329290479,0.19905441355370235,1
1649,95.0,0.3622448979591833,93.39393939393939,0.19906479625918522,1
1650,95.0,0.3622448979591833,93.39794064203512,0.19907516611850118,1
1651,95.0,0.3622448979591833,93.40193704600485,0.1990855231554786,1
1652,95.0,0.3622448979591833,93.40592861464005,0.1990958673938844,1
1653,95.0,0.3622448979591833,93.40991535671101,0.19910619885742714,1
1654,95.0,0.3622448979591833,93.41389728096676,0.19911651756975654,1
1655,95.0,0.3622448979591833,93.41787439613528,0.19912682355446673,1
1656,95.0,0.3622448979591833,93.42184671092335,0.19913711683508922,1
1657,95.0,0.3622448979591833,93.4258142340169,0.19914739743510224,1
1658,95.0,0.3622448979591833,93.42977697408077,0.1991576653779209,1
1659,95.0,0.3622448979591833,93.43373493975903,0.1991679206869084,1
1660,95.0,0.3622448979591833,93.43768813967489,0.19917816338536476,1
1661,95.0,0.3622448979591833,93.4416365824308,0.19918839349653886,1
1662,95.0,0.3622448979591833,93.44558027660854,0.19919861104361708,1
1663,95.0,0.3622448979591833,93.44951923076923,0.19920881604973126,1
1664,95.0,0.3622448979591833,93.45345345345345,0.19921900853795718,1
1665,95.0,0.3622448979591833,93.45738295318127,0.1992291885313127,1
1666,95.0,0.3622448979591833,93.46130773845232,0.19923935605276152,1
1667,95.0,0.3622448979591833,93.4652278177458,0.19924951112520492,1
1668,95.0,0.3622448979591833,93.46914319952066,0.19925965377149613,1
1669,95.0,0.3622448979591833,93.47305389221557,0.19926978401442935,1
1670,95.0,0.3622448979591833,93.47695990424896,0.19927990187674044,1
1671,95.0,0.3622448979591833,93.48086124401914,0.19929000738111158,1
1672,95.0,0.3622448979591833,93.48475791990435,0.19930010055017192,1
1673,95.0,0.3622448979591833,93.48864994026285,0.19931018140649295,1
1674,95.0,0.3622448979591833,93.49253731343283,0.19932024997259085,1
1675,95.0,0.3622448979591833,93.4964200477327,0.19933030627092743,1
1676,95.0,0.3622448979591833,93.50029815146095,0.19934035032391142,1
1677,95.0,0.3622448979591833,93.5041716328963,0.1993503821538943,1
1678,95.0,0.3622448979591833,93.5080405002978,0.1993604017831753,1
1679,95.0,0.3622448979591833,93.51190476190476,0.19937040923399782,1
1680,95.0,0.3622448979591833,93.51576442593694,0.19938040452855288,1
1681,95.0,0.3622448979591833,93.51961950059453,0.19939038768897466,1
1682,95.0,0.3622448979591833,93.52346999405823,0.1994003587373488,1
1683,95.0,0.3622448979591833,93.52731591448931,0.1994103176957024,1
1684,95.0,0.3622448979591833,93.53115727002968,0.19942026458601153,1
1685,95.0,0.3622448979591833,93.53499406880191,0.19943019943020038,1
1686,95.0,0.3622448979591833,93.5388263189093,0.19944012225013286,1
1687,95.0,0.3622448979591833,93.54265402843602,0.19945003306763112,1
1688,95.0,0.3622448979591833,93.546477205447,0.19945993190445674,1
1689,95.0,0.3622448979591833,93.55029585798816,0.1994698187823216,1
1690,95.0,0.3622448979591833,93.55410999408635,0.1994796937228834,1
1691,95.0,0.3622448979591833,93.5579196217494,0.19948955674774752,1
1692,95.0,0.3622448979591833,93.56172474896634,0.19949940787847006,1
1693,95.0,0.3622448979591833,93.5064935064935,0.2033824397000602,1
1694,95.0,0.3622448979591833,93.5103244837758,0.20339236504240496,1
1695,95.0,0.3622448979591833,93.51415094339622,0.2034022784334482,1
1696,95.0,0.3622448979591833,93.5179728933412,0.20341217989476795,1
1697,95.0,0.3622448979591833,93.52179034157832,0.2034220694478797,1
1698,95.0,0.3622448979591833,93.5256032960565,0.2034319471142573,1
1699,99.0,0.4974874371859299,93.52941176470588,0.20344181291531713,1
1700,99.0,0.4974874371859299,93.53321575543798,0.2034516668724279,1
1701,99.0,0.4974874371859299,93.53701527614571,0.20346150900690085,1
1702,99.0,0.4974874371859299,93.54081033470347,0.20347133934000192,1
1703,99.0,0.4974874371859299,93.54460093896714,0.2034811578929471,1
1704,99.0,0.4974874371859299,93.54838709677419,0.20349096468689493,1
1705,99.0,0.4974874371859299,93.55216881594373,0.2035007597429602,1
1706,99.0,0.4974874371859299,93.55594610427652,0.20351054308220248,1
1707,99.0,0.4974874371859299,93.55971896955504,0.20352031472563312,1
1708,99.0,0.4974874371859299,93.56348741954359,0.20353007469421025,1
1709,99.0,0.4974874371859299,93.56725146198829,0.20353982300884826,1
1710,99.0,0.4974874371859299,93.57101110461718,0.20354955969040853,1
1711,99.0,0.4974874371859299,93.57476635514018,0.20355928475969684,1
1712,99.0,0.4974874371859299,93.57851722124927,0.2035689982374792,1
1713,99.0,0.4974874371859299,93.58226371061843,0.20357870014446625,1
1714,99.0,0.4974874371859299,93.58600583090379,0.2035883905013179,1
1715,99.0,0.4974874371859299,93.58974358974359,0.2035980693286535,1
1716,99.0,0.4974874371859299,93.59347699475829,0.20360773664703097,1
1717,99.0,0.4974874371859299,93.59720605355064,0.2036173924769702,1
1718,99.0,0.4974874371859299,93.60093077370564,0.20362703683893504,1
1719,99.0,0.4974874371859299,93.6046511627907,0.2036366697533462,1
1720,99.0,0.4974874371859299,93.6083672283556,0.20364629124057104,1
1721,99.0,0.4974874371859299,93.61207897793264,0.20365590132093359,1
1722,99.0,0.4974874371859299,93.55774811375508,0.2019853042422425,1
1723,99.0,0.4974874371859299,93.50348027842227,0.20033794137379718,1
1724,99.0,0.4974874371859299,93.5072463768116,0.20034767492394626,1
1725,99.0,0.4974874371859299,93.51100811123986,0.2003573969588166,1
1726,99.0,0.4974874371859299,93.51476548928778,0.20036710749883224,1
1727,99.0,0.4974874371859299,93.51851851851852,0.20037680656436666,1
1728,99.0,0.4974874371859299,93.52226720647774,0.20038649417574855,1
1729,99.0,0.4974874371859299,93.52601156069365,0.20039617035325263,1
1730,99.0,0.4974874371859299,93.52975158867707,0.20040583511711088,1
1731,99.0,0.4974874371859299,93.53348729792148,0.2004154884875063,1
1732,99.0,0.4974874371859299,93.53721869590305,0.2004251304845736,1
1733,99.0,0.4974874371859299,93.54094579008074,0.20043476112840303,1
1734,99.0,0.4974874371859299,93.54466858789625,0.20044438043903148,1
1735,99.0,0.4974874371859299,93.54838709677419,0.2004539884364544,1
1736,99.0,0.4974874371859299,93.55210132412205,0.20046358514061619,1
1737,99.0,0.4974874371859299,93.55581127733026,0.20047317057141986,1
1738,99.0,0.4974874371859299,93.55951696377228,0.20048274474871447,1
1739,99.0,0.4974874371859299,93.5632183908046,0.20049230769230697,1
1740,99.0,0.4974874371859299,93.5669155657668,0.20050185942196072,1
1741,99.0,0.4974874371859299,93.57060849598163,0.20051139995738332,1
1742,99.0,0.4974874371859299,93.57429718875501,0.20052092931824575,1
1743,99.0,0.4974874371859299,93.57798165137615,0.20053044752416904,1
1744,99.0,0.4974874371859299,93.58166189111748,0.20053995459472712,1
1745,99.0,0.4974874371859299,93.58533791523482,0.20054945054945,1
1746,99.0,0.4974874371859299,93.58900973096738,0.20055893540782305,1
1747,99.0,0.4974874371859299,93.59267734553775,0.20056840918928237,1
1748,99.0,0.4974874371859299,93.59634076615208,0.20057787191322146,1
1749,99.0,0.4974874371859299,93.60000000000001,0.20058732359898965,1
1750,99.0,0.4974874371859299,93.6036550542547,0.2005967642658864,1
1751,99.0,0.4974874371859299,93.60730593607306,0.20060619393317233,1
1752,99.0,0.4974874371859299,93.61095265259554,0.20061561262005856,1
1753,99.0,0.4974874371859299,93.6145952109464,0.20062502034571417,1
1754,99.0,0.4974874371859299,93.61823361823362,0.200634417129262,1
1755,99.0,0.4974874371859299,93.62186788154897,0.20064380298978232,1
1756,99.0,0.4974874371859299,93.62549800796812,0.20065317794630672,1
1757,99.0,0.4974874371859299,93.62912400455062,0.20066254201782985,1
1758,99.0,0.4974874371859299,93.63274587833996,0.20067189522329545,1
1759,99.0,0.4974874371859299,93.63636363636364,0.20068123758160772,1
1760,99.0,0.4974874371859299,93.63997728563317,0.20069056911162178,1
1761,99.0,0.4974874371859299,93.64358683314416,0.20069988983215542,1
1762,99.0,0.4974874371859299,93.64719228587634,0.20070919976198062,1
1763,99.0,0.4974874371859299,93.65079365079364,0.20071849891982385,1
1764,99.0,0.4974874371859299,93.65439093484419,0.20072778732437016,1
1765,99.0,0.4974874371859299,93.65798414496037,0.20073706499426247,1
1766,99.0,0.4974874371859299,93.66157328805885,0.2007463319480957,1
1767,99.0,0.4974874371859299,93.66515837104072,0.20075558820442846,1
1768,99.0,0.4974874371859299,93.66873940079141,0.20076483378177173,1
1769,99.0,0.4974874371859299,93.67231638418079,0.20077406869859632,1
1770,99.0,0.4974874371859299,93.67588932806325,0.2007832929733294,1
1771,99.0,0.4974874371859299,93.67945823927766,0.20079250662435705,1
1772,99.0,0.4974874371859299,93.68302312464749,0.20080170967001915,1
1773,99.0,0.4974874371859299,93.68658399098084,0.20081090212861846,1
1774,99.0,0.4974874371859299,93.63380281690141,0.19918950751601977,1
1775,99.0,0.4974874371859299,93.58108108108108,0.19759036144578346,1
1776,99.0,0.4974874371859299,93.5846933033202,0.1975996672806137,1
1777,99.0,0.4974874371859299,93.58830146231722,0.1976089624322079,1
1778,99.0,0.4974874371859299,93.59190556492412,0.19761824691895336,1
1779,99.0,0.4974874371859299,93.59550561797752,0.19762752075919363,1
1780,99.0,0.4974874371859299,93.59910162829871,0.19763678397123038,1
1781,99.0,0.4974874371859299,93.60269360269359,0.1976460365733237,1
1782,99.0,0.4974874371859299,93.55019629837352,0.19602176930496637,1
1783,99.0,0.4974874371859299,93.55381165919282,0.19603109912847233,1
1784,99.0,0.4974874371859299,93.55742296918767,0.1960404182822229,1
1785,99.0,0.4974874371859299,93.56103023516238,0.19604972678451368,1
1786,99.0,0.4974874371859299,93.56463346390599,0.1960590246535905,1
1787,99.0,0.4974874371859299,93.5682326621924,0.1960683119076669,1
1788,99.0,0.4974874371859299,93.57182783678032,0.19607758856490698,1
1789,99.0,0.4974874371859299,93.57541899441341,0.19608685464344194,1
1790,99.0,0.4974874371859299,93.57900614182022,0.19609611016135348,1
1791,99.0,0.4974874371859299,93.58258928571429,0.19610535513668712,1
1792,99.0,0.4974874371859299,93.58616843279421,0.19611458958744332,1
1793,99.0,0.4974874371859299,93.58974358974359,0.19612381353158537,1
1794,99.0,0.4974874371859299,93.59331476323119,0.19613302698703225,1
1795,99.0,0.4974874371859299,93.59688195991092,0.19614222997166647,1
1796,99.0,0.4974874371859299,93.60044518642181,0.19615142250332465,1
1797,99.0,0.4974874371859299,93.60400444938821,0.19616060459981124,1
1798,99.0,0.4974874371859299,93.60755975541967,0.1961697762788778,1
1799,95.0,-0.008064516129031356,93.61111111111111,0.1961789375582469,1
1800,95.0,-0.008064516129031356,93.61465852304275,0.19618808845559663,1
1801,95.0,-0.008064516129031356,93.61820199778025,0.19619722898856495,1
1802,95.0,-0.008064516129031356,93.56627842484747,0.19459644717942232,1
1803,95.0,-0.008064516129031356,93.56984478935698,0.19460566220730527,1
1804,95.0,-0.008064516129031356,93.57340720221606,0.19461486681411666,1
1805,95.0,-0.008064516129031356,93.57696566998892,0.19462406101752217,1
1806,95.0,-0.008064516129031356,93.58052019922523,0.19463324483515054,1
1807,95.0,-0.008064516129031356,93.58407079646017,0.19464241828458934,1
1808,95.0,-0.008064516129031356,93.58761746821448,0.19465158138338898,1
1809,95.0,-0.008064516129031356,93.59116022099447,0.1946607341490542,1
1810,95.0,-0.008064516129031356,93.5946990612921,0.19466987659905757,1
1811,95.0,-0.008064516129031356,93.59823399558499,0.19467900875082386,1
1812,95.0,-0.008064516129031356,93.60176503033645,0.19468813062174845,1
1813,95.0,-0.008064516129031356,93.60529217199559,0.19469724222917897,1
1814,95.0,-0.008064516129031356,93.60881542699725,0.19470634359043082,1
1815,95.0,-0.008064516129031356,93.6123348017621,0.19471543472277383,1
1816,95.0,-0.008064516129031356,93.61585030269676,0.19472451564344667,1
1817,95.0,-0.008064516129031356,93.61936193619363,0.1947335863696426,1
1818,95.0,-0.008064516129031356,93.56789444749862,0.19315545243619459,1
1819,95.0,-0.008064516129031356,93.57142857142857,0.19316459533191804,1
1820,95.0,-0.008064516129031356,93.57495881383855,0.19317372797915547,1
1821,95.0,-0.008064516129031356,93.57848518111965,0.19318285039513178,1
1822,95.0,-0.008064516129031356,93.58200767964892,0.19319196259702412,1
1823,95.0,-0.008064516129031356,93.58552631578947,0.1932010646019835,1
1824,95.0,-0.008064516129031356,93.58904109589041,0.19321015642711561,1
1825,95.0,-0.008064516129031356,93.59255202628697,0.19321923808948407,1
1826,95.0,-0.008064516129031356,93.59605911330048,0.1932283096061237,1
1827,95.0,-0.008064516129031356,93.5995623632385,0.1932373709940243,1
1828,95.0,-0.008064516129031356,93.60306178239475,0.19324642227014288,1
1829,95.0,-0.008064516129031356,93.60655737704919,0.1932554634513947,1
1830,95.0,-0.008064516129031356,93.61004915346805,0.19326449455465655,1
1831,95.0,-0.008064516129031356,93.61353711790393,0.19327351559677236,1
1832,95.0,-0.008064516129031356,93.61702127659575,0.19328252659454465,1
1833,95.0,-0.008064516129031356,93.62050163576882,0.1932915275647393,1
1834,95.0,-0.008064516129031356,93.62397820163487,0.19330051852408375,1
1835,95.0,-0.008064516129031356,93.62745098039215,0.19330949948927534,1
1836,95.0,-0.008064516129031356,93.57648339684268,0.1917536997609936,1
1837,95.0,-0.008064516129031356,93.57997823721436,0.1917627505198599,1
1838,95.0,-0.008064516129031356,93.58346927678086,0.1917717912332261,1
1839,95.0,-0.008064516129031356,93.58695652173913,0.1917808219178073,1
1840,95.0,-0.008064516129031356,93.59043997827268,0.19178984259028464,1
1841,95.0,-0.008064516129031356,93.59391965255158,0.19179885326729632,1
1842,95.0,-0.008064516129031356,93.5973955507325,0.19180785396544547,1
1843,95.0,-0.008064516129031356,93.60086767895879,0.1918168447013039,1
1844,95.0,-0.008064516129031356,93.60433604336043,0.19182582549139726,1
1845,95.0,-0.008064516129031356,93.60780065005417,0.1918347963522226,1
1846,95.0,-0.008064516129031356,93.61126150514347,0.19184375730023637,1
1847,95.0,-0.008064516129031356,93.61471861471861,0.19185270835186294,1
1848,95.0,-0.008064516129031356,93.61817198485667,0.1918616495234845,1
1849,95.0,-0.008064516129031356,93.62162162162161,0.19187058083145087,1
1850,95.0,-0.008064516129031356,93.62506753106429,0.1918795022920749,1
1851,95.0,-0.008064516129031356,93.62850971922246,0.19188841392163647,1
1852,95.0,-0.008064516129031356,93.63194819212089,0.19189731573637112,1
1853,95.0,-0.008064516129031356,93.6353829557713,0.19190620775248757,1
1854,95.0,-0.008064516129031356,93.63881401617252,0.19191508998615567,1
1855,95.0,-0.008064516129031356,93.64224137931035,0.19192396245350976,1
1856,95.0,-0.008064516129031356,93.64566505115778,0.19193282517064733,1
1857,95.0,-0.008064516129031356,93.59526372443487,0.19043172922364898,1
1858,95.0,-0.008064516129031356,93.5449166218397,0.1889504128325295,1
1859,95.0,-0.008064516129031356,93.54838709677419,0.1889593825626256,1
1860,95.0,-0.008064516129031356,93.55185384202042,0.18896834245495708,1
1861,95.0,-0.008064516129031356,93.55531686358755,0.18897729252569992,1
1862,95.0,-0.008064516129031356,93.55877616747182,0.18898623279098983,1
1863,95.0,-0.008064516129031356,93.56223175965665,0.18899516326693394,1
1864,95.0,-0.008064516129031356,93.5656836461126,0.18900408396960328,1
1865,95.0,-0.008064516129031356,93.56913183279742,0.189012994915033,1
1866,95.0,-0.008064516129031356,93.57257632565613,0.18902189611922093,1
1867,95.0,-0.008064516129031356,93.57601713062098,0.1890307875981318,1
1868,95.0,-0.008064516129031356,93.57945425361156,0.18903966936769817,1
1869,95.0,-0.008064516129031356,93.58288770053476,0.18904854144381047,1
1870,95.0,-0.008064516129031356,93.58631747728488,0.18905740384233424,1
1871,95.0,-0.008064516129031356,93.58974358974359,0.18906625657908938,1
1872,95.0,-0.008064516129031356,93.59316604378003,0.18907509966987082,1
1873,95.0,-0.008064516129031356,93.5965848452508,0.1890839331304356,1
1874,95.0,-0.008064516129031356,93.60000000000001,0.18909275697650624,1
1875,95.0,-0.008064516129031356,93.60341151385929,0.18910157122376856,1
1876,95.0,-0.008064516129031356,93.60681939264785,0.18911037588787769,1
1877,95.0,-0.008064516129031356,93.61022364217251,0.18911917098445452,1
1878,95.0,-0.008064516129031356,93.61362426822778,0.18912795652908668,1
1879,95.0,-0.008064516129031356,93.61702127659575,0.18913673253732666,1
1880,95.0,-0.008064516129031356,93.62041467304624,0.1891454990246897,1
1881,95.0,-0.008064516129031356,93.62380446333688,0.18915425600666405,1
1882,95.0,-0.008064516129031356,93.62719065321295,0.18916300349869933,1
1883,95.0,-0.008064516129031356,93.63057324840764,0.18917174151621477,1
1884,95.0,-0.008064516129031356,93.63395225464191,0.18918047007459307,1
1885,95.0,-0.008064516129031356,93.6373276776246,0.18918918918918973,1
1886,95.0,-0.008064516129031356,93.64069952305246,0.18919789887531763,1
1887,95.0,-0.008064516129031356,93.64406779661016,0.18920659914826662,1
1888,95.0,-0.008064516129031356,93.64743250397035,0.18921529002328458,1
1889,95.0,-0.008064516129031356,93.65079365079364,0.189223971515594,1
1890,95.0,-0.008064516129031356,93.65415124272872,0.18923264364037848,1
1891,95.0,-0.008064516129031356,93.65750528541226,0.18924130641279324,1
1892,95.0,-0.008064516129031356,93.6608557844691,0.18924995984795678,1
1893,95.0,-0.008064516129031356,93.66420274551214,0.18925860396096142,1
1894,95.0,-0.008064516129031356,93.66754617414247,0.18926723876685927,1
1895,95.0,-0.008064516129031356,93.67088607594937,0.18927586428067472,1
1896,95.0,-0.008064516129031356,93.67422245651028,0.18928448051739902,1
1897,95.0,-0.008064516129031356,93.67755532139094,0.18929308749199145,1
1898,95.0,-0.008064516129031356,93.68088467614534,0.18930168521937638,1
1899,95.0,-0.01214574898785516,93.6842105263158,0.18931027371445164,1
1900,95.0,-0.01214574898785516,93.68753287743293,0.18931885299207926,1
1901,95.0,-0.01214574898785516,93.69085173501577,0.18932742306708655,1
1902,95.0,-0.01214574898785516,93.69416710457172,0.18933598395427598,1
1903,95.0,-0.01214574898785516,93.69747899159664,0.1893445356684143,1
1904,95.0,-0.01214574898785516,93.7007874015748,0.1893530782242368,1
1905,95.0,-0.01214574898785516,93.65162644281217,0.1878565492372485,1
1906,95.0,-0.01214574898785516,93.60251704247509,0.18637938933166326,1
1907,95.0,-0.01214574898785516,93.60587002096436,0.18638807138712857,1
1908,95.0,-0.01214574898785516,93.60921948664223,0.18639674416167465,1
1909,95.0,-0.01214574898785516,93.61256544502618,0.18640540767017708,1
1910,95.0,-0.01214574898785516,93.61590790162218,0.18641406192747711,1
1911,95.0,-0.01214574898785516,93.6192468619247,0.18642270694838847,1
1912,95.0,-0.01214574898785516,93.62258233141662,0.18643134274768555,1
1913,95.0,-0.01214574898785516,93.62591431556949,0.18643996934011672,1
1914,95.0,-0.01214574898785516,93.62924281984334,0.1864485867403972,1
1915,95.0,-0.01214574898785516,93.63256784968684,0.18645719496321264,1
1916,95.0,-0.01214574898785516,93.6358894105373,0.18646579402321653,1
1917,95.0,-0.01214574898785516,93.63920750782064,0.18647438393502688,1
1918,95.0,-0.01214574898785516,93.64252214695153,0.18648296471324055,1
1919,95.0,-0.01214574898785516,93.64583333333333,0.18649153637241261,1
1920,95.0,-0.01214574898785516,93.64914107235815,0.1865000989270752,1
1921,95.0,-0.01214574898785516,93.65244536940686,0.18650865239172318,1
1922,95.0,-0.01214574898785516,93.65574622984919,0.18651719678082657,1
1923,95.0,-0.01214574898785516,93.65904365904366,0.18652573210881968,1
1924,95.0,-0.01214574898785516,93.66233766233766,0.18653425839010956,1
1925,95.0,-0.01214574898785516,93.6656282450675,0.1865427756390738,1
1926,95.0,-0.01214574898785516,93.66891541255839,0.1865512838700527,1
1927,95.0,-0.01214574898785516,93.67219917012449,0.18655978309736315,1
1928,95.0,-0.01214574898785516,93.67547952306894,0.1865682733352915,1
1929,95.0,-0.01214574898785516,93.67875647668393,0.1865767545980898,1
1930,95.0,-0.01214574898785516,93.68203003625065,0.1865852268999836,1
1931,95.0,-0.01214574898785516,93.68530020703933,0.18659369025516404,1
1932,95.0,-0.01214574898785516,93.68856699430937,0.18660214467779812,1
1933,95.0,-0.01214574898785516,93.69183040330921,0.18661059018201873,1
1934,95.0,-0.01214574898785516,93.69509043927648,0.18661902678193165,1
1935,95.0,-0.01214574898785516,93.69834710743802,0.18662745449160822,1
1936,95.0,-0.01214574898785516,93.64997418688694,0.1852020314290113,1
1937,95.0,-0.01214574898785516,93.65325077399382,0.18521050454780102,1
1938,95.0,-0.01214574898785516,93.65652398143372,0.18521896875096114,1
1939,95.0,-0.01214574898785516,93.65979381443299,0.18522742405255574,1
1940,95.0,-0.01214574898785516,93.66306027820711,0.1852358704666212,1
1941,95.0,-0.01214574898785516,93.66632337796086,0.1852443080071634,1
1942,95.0,-0.01214574898785516,93.66958311888833,0.18525273668815712,1
1943,95.0,-0.01214574898785516,93.67283950617285,0.1852611565235481,1
1944,95.0,-0.01214574898785516,93.67609254498714,0.18526956752725315,1
1945,95.0,-0.01214574898785516,93.67934224049333,0.1852779697131648,1
1946,95.0,-0.01214574898785516,93.68258859784284,0.18528636309513696,1
1947,95.0,-0.01214574898785516,93.6858316221766,0.18529474768700438,1
1948,95.0,-0.01214574898785516,93.68907131862494,0.18530312350256362,1
1949,95.0,-0.01214574898785516,93.6923076923077,0.18531149055559248,1
1950,95.0,-0.01214574898785516,93.69554074833418,0.18531984885982855,1
1951,95.0,-0.01214574898785516,93.69877049180327,0.18532819842898993,1
1952,95.0,-0.01214574898785516,93.70199692780338,0.18533653927676239,1
1953,95.0,-0.01214574898785516,93.70522006141249,0.18534487141680409,1
1954,95.0,-0.01214574898785516,93.70843989769821,0.1853531948627447,1
1955,95.0,-0.01214574898785516,93.71165644171779,0.18536150962818063,1
1956,95.0,-0.01214574898785516,93.71486969851814,0.18536981572668687,1
1957,95.0,-0.01214574898785516,93.71807967313586,0.18537811317180813,1
1958,95.0,-0.01214574898785516,93.72128637059724,0.1853864019770587,1
1959,95.0,-0.01214574898785516,93.72448979591836,0.18539468215592717,1
1960,95.0,-0.01214574898785516,93.72768995410506,0.1854029537218727,1
1961,95.0,-0.01214574898785516,93.7308868501529,0.1854112166883262,1
1962,95.0,-0.01214574898785516,93.73408048904737,0.18541947106869167,1
1963,95.0,-0.01214574898785516,93.73727087576374,0.18542771687634713,1
1964,95.0,-0.01214574898785516,93.74045801526718,0.18543595412463806,1
1965,95.0,-0.01214574898785516,93.74364191251271,0.1854441828268856,1
1966,95.0,-0.01214574898785516,93.74682257244534,0.18545240299638024,1
1967,95.0,-0.01214574898785516,93.75,0.1854606146463915,1
1968,95.0,-0.01214574898785516,93.75317420010157,0.1854688177901548,1
1969,95.0,-0.01214574898785516,93.75634517766498,0.185477012440881,1
1970,95.0,-0.01214574898785516,93.75951293759512,0.18548519861175022,1
1971,95.0,-0.01214574898785516,93.76267748478702,0.1854933763159215,1
1972,95.0,-0.01214574898785516,93.76583882412571,0.1855015455665236,1
1973,95.0,-0.01214574898785516,93.76899696048632,0.18550970637665404,1
1974,95.0,-0.01214574898785516,93.77215189873418,0.18551785875939267,1
1975,95.0,-0.01214574898785516,93.7753036437247,0.18552600272778258,1
1976,95.0,-0.01214574898785516,93.77845220030349,0.18553413829484375,1
1977,95.0,-0.01214574898785516,93.78159757330637,0.1855422654735733,1
1978,95.0,-0.01214574898785516,93.78473976755937,0.1855503842769349,1
1979,95.0,-0.01214574898785516,93.78787878787878,0.18555849471786712,1
1980,95.0,-0.01214574898785516,93.79101463907118,0.18556659680928964,1
1981,95.0,-0.01214574898785516,93.7941473259334,0.1855746905640835,1
1982,95.0,-0.01214574898785516,93.79727685325264,0.18558277599511075,1
1983,95.0,-0.01214574898785516,93.80040322580645,0.18559085311520682,1
1984,95.0,-0.01214574898785516,93.80352644836272,0.18559892193717586,1
1985,95.0,-0.01214574898785516,93.80664652567975,0.18560698247380394,1
1986,95.0,-0.01214574898785516,93.8097634625063,0.18561503473784036,1
1987,95.0,-0.01214574898785516,93.81287726358148,0.1856230787420193,1
1988,95.0,-0.01214574898785516,93.81598793363499,0.18563111449903963,1
1989,95.0,-0.01214574898785516,93.81909547738694,0.18563914202158016,1
1990,95.0,-0.01214574898785516,93.82219989954797,0.1856471613222872,1
1991,95.0,-0.01214574898785516,93.82530120481928,0.18565517241379234,1
1992,95.0,-0.01214574898785516,93.82839939789262,0.18566317530869242,1
1993,95.0,-0.01214574898785516,93.83149448345036,0.18567117001955677,1
1994,95.0,-0.01214574898785516,93.83458646616542,0.18567915655893563,1
1995,95.0,-0.01214574898785516,93.8376753507014,0.18568713493935063,1
1996,95.0,-0.01214574898785516,93.84076114171258,0.18569510517329957,1
1997,95.0,-0.01214574898785516,93.84384384384384,0.18570306727325187,1
1998,95.0,-0.01214574898785516,93.84692346173087,0.18571102125165256,1
1999,97.0,-0.006711409395972404,93.85,0.18571896712092048,1
2000,97.0,-0.006711409395972404,93.85307346326837,0.1857269048934519,1
2001,97.0,-0.006711409395972404,93.85614385614386,0.18573483458161757,1
2002,97.0,-0.006711409395972404,93.85921118322517,0.18574275619776118,1
2003,97.0,-0.006711409395972404,93.8622754491018,0.18575066975419824,1
2004,97.0,-0.006711409395972404,93.86533665835411,0.18575857526322534,1
2005,97.0,-0.006711409395972404,93.86839481555333,0.18576647273711114,1
2006,97.0,-0.006711409395972404,93.87144992526159,0.1857743621881027,1
2007,97.0,-0.006711409395972404,93.87450199203188,0.18578224362841614,1
2008,97.0,-0.006711409395972404,93.87755102040816,0.18579011707024481,1
2009,97.0,-0.006711409395972404,93.88059701492537,0.18579798252576224,1
2010,97.0,-0.006711409395972404,93.88363998010941,0.1858058400071106,1
2011,97.0,-0.006711409395972404,93.88667992047714,0.1858136895264104,1
2012,97.0,-0.006711409395972404,93.88971684053651,0.18582153109575805,1
2013,97.0,-0.006711409395972404,93.8927507447865,0.18582936472722597,1
2014,97.0,-0.006711409395972404,93.89578163771712,0.1858371904328611,1
2015,97.0,-0.006711409395972404,93.89880952380952,0.18584500822468203,1
2016,97.0,-0.006711409395972404,93.90183440753594,0.18585281811469417,1
2017,97.0,-0.006711409395972404,93.90485629335976,0.18586062011486548,1
2018,97.0,-0.006711409395972404,93.9078751857355,0.18586841423714712,1
2019,97.0,-0.006711409395972404,93.9108910891089,0.1858762004934684,1
2020,97.0,-0.006711409395972404,93.91390400791687,0.18588397889572575,1
2021,97.0,-0.006711409395972404,93.91691394658753,0.18589174945580114,1
2022,97.0,-0.006711409395972404,93.9199209095403,0.18589951218554585,1
2023,97.0,-0.006711409395972404,93.92292490118577,0.18590726709679095,1
2024,97.0,-0.006711409395972404,93.87654320987654,0.18447283037619433,1
2025,97.0,-0.006711409395972404,93.87956564659427,0.18448064300414818,1
2026,97.0,-0.006711409395972404,93.88258510113468,0.18448844777407566,1
2027,97.0,-0.006711409395972404,93.88560157790927,0.18449624469782439,1
2028,97.0,-0.006711409395972404,93.88861508132085,0.184504033787221,1
2029,97.0,-0.006711409395972404,93.8423645320197,0.18311700018027832,1
2030,97.0,-0.006711409395972404,93.84539635647464,0.1831248310745592,1
2031,97.0,-0.006711409395972404,93.8484251968504,0.183132654111352,1
2032,97.0,-0.006711409395972404,93.85145105755042,0.18314046930247446,1
2033,97.0,-0.006711409395972404,93.85447394296952,0.1831482766597276,1
2034,97.0,-0.006711409395972404,93.85749385749385,0.18315607619488078,1
2035,97.0,-0.006711409395972404,93.86051080550098,0.18316386791968461,1
2036,97.0,-0.006711409395972404,93.86352479135984,0.1831716518458636,1
2037,97.0,-0.006711409395972404,93.86653581943082,0.18317942798512177,1
2038,97.0,-0.006711409395972404,93.86954389406571,0.18318719634913866,1
2039,97.0,-0.006711409395972404,93.87254901960785,0.18319495694956914,1
2040,97.0,-0.006711409395972404,93.87555120039195,0.18320270979804446,1
2041,97.0,-0.006711409395972404,93.87855044074436,0.1832104549061777,1
2042,97.0,-0.006711409395972404,93.88154674498287,0.18321819228555017,1
2043,97.0,-0.006711409395972404,93.88454011741683,0.18322592194772677,1
2044,97.0,-0.006711409395972404,93.8875305623472,0.18323364390424562,1
2045,97.0,-0.006711409395972404,93.89051808406647,0.18324135816662848,1
2046,97.0,-0.006711409395972404,93.89350268685882,0.18324906474636432,1
2047,97.0,-0.006711409395972404,93.896484375,0.18325676365492596,1
2048,97.0,-0.006711409395972404,93.89946315275745,0.18326445490376153,1
2049,97.0,-0.006711409395972404,93.90243902439023,0.1832721385042964,1
2050,97.0,-0.006711409395972404,93.90541199414919,0.18327981446793273,1
2051,97.0,-0.006711409395972404,93.9083820662768,0.18328748280605317,1
2052,97.0,-0.006711409395972404,93.9113492450073,0.18329514353001128,1
2053,97.0,-0.006711409395972404,93.9143135345667,0.18330279665114332,1
2054,97.0,-0.006711409395972404,93.91727493917274,0.1833104421807631,1
2055,97.0,-0.006711409395972404,93.92023346303502,0.18331808013016057,1
2056,97.0,-0.006711409395972404,93.92318911035488,0.1833257105106021,1
2057,97.0,-0.006711409395972404,93.92614188532555,0.18333333333333268,1
2058,97.0,-0.006711409395972404,93.9290917921321,0.18334094860957642,1
2059,97.0,-0.006711409395972404,93.93203883495146,0.1833485563505361,1
2060,97.0,-0.006711409395972404,93.93498301795245,0.18335615656738485,1
2061,97.0,-0.006711409395972404,93.93792434529583,0.18336374927128535,1
2062,97.0,-0.006711409395972404,93.94086282113427,0.18337133447336748,1
2063,97.0,-0.006711409395972404,93.9437984496124,0.18337891218474595,1
2064,97.0,-0.006711409395972404,93.94673123486683,0.18338648241651337,1
2065,97.0,-0.006711409395972404,93.94966118102613,0.18339404517973074,1
2066,97.0,-0.006711409395972404,93.95258829221093,0.18340160048545612,1
2067,97.0,-0.006711409395972404,93.95551257253385,0.18340914834470545,1
2068,97.0,-0.006711409395972404,93.95843402609957,0.18341668876848735,1
2069,97.0,-0.006711409395972404,93.96135265700482,0.18342422176778006,1
2070,97.0,-0.006711409395972404,93.91598261709319,0.1820259235459149,1
2071,97.0,-0.006711409395972404,93.91891891891892,0.18203351171155321,1
2072,97.0,-0.006711409395972404,93.92185238784371,0.1820410924156594,1
2073,97.0,-0.006711409395972404,93.92478302796529,0.18204866566923184,1
2074,97.0,-0.006711409395972404,93.92771084337349,0.18205623148324832,1
2075,97.0,-0.006711409395972404,93.9306358381503,0.18206378986866878,1
2076,97.0,-0.006711409395972404,93.93355801636977,0.18207134083642582,1
2077,97.0,-0.006711409395972404,93.93647738209818,0.18207888439743317,1
2078,97.0,-0.006711409395972404,93.93939393939394,0.18208642056258648,1
2079,97.0,-0.006711409395972404,93.9423076923077,0.18209394934275328,1
2080,97.0,-0.006711409395972404,93.94521864488226,0.18210147074878763,1
2081,97.0,-0.006711409395972404,93.94812680115274,0.18210898479151552,1
2082,97.0,-0.006711409395972404,93.95103216514642,0.18211649148174344,1
2083,97.0,-0.006711409395972404,93.95393474088291,0.18212399083026057,1
2084,97.0,-0.006711409395972404,93.9568345323741,0.18213148284783048,1
2085,97.0,-0.006711409395972404,93.9117929050815,0.18581737270424928,1
2086,97.0,-0.006711409395972404,93.91471011020603,0.1858249140666508,1
2087,97.0,-0.006711409395972404,93.9176245210728,0.18583244806602306,1
2088,97.0,-0.006711409395972404,93.8726663475347,0.18942400092154973,1
2089,97.0,-0.006711409395972404,93.8755980861244,0.1894315840504187,1
2090,97.0,-0.006711409395972404,93.87852702056433,0.18943915978449635,1
2091,97.0,-0.006711409395972404,93.88145315487571,0.18944672813459149,1
2092,97.0,-0.006711409395972404,93.88437649307214,0.18945428911149875,1
2093,97.0,-0.006711409395972404,93.8872970391595,0.18946184272598543,1
2094,97.0,-0.006711409395972404,93.84248210023867,0.18809427245279678,1
2095,97.0,-0.006711409395972404,93.84541984732824,0.1881018656145014,1
2096,97.0,-0.006711409395972404,93.84835479256081,0.18810945139245333,1
2097,97.0,-0.006711409395972404,93.8512869399428,0.18811702979742015,1
2098,97.0,-0.006711409395972404,93.80657455931396,0.18673720289099183,1
2099,92.0,0.25233644859813187,93.76190476190476,0.19022500618148722,1
2100,92.0,0.25233644859813187,93.76487386958591,0.1902326936146801,1
2101,92.0,0.25233644859813187,93.76784015223598,0.19024037358772478,1
2102,92.0,0.25233644859813187,93.72325249643366,0.19364199628767698,1
2103,92.0,0.25233644859813187,93.72623574144487,0.19364972446911619,1
2104,92.0,0.25233644859813187,93.729216152019,0.1936574451599423,1
2105,92.0,0.25233644859813187,93.73219373219374,0.19366515837104076,1
2106,92.0,0.25233644859813187,93.73516848599905,0.19367286411327714,1
2107,92.0,0.25233644859813187,93.7381404174573,0.19368056239749223,1
2108,92.0,0.25233644859813187,93.74110953058322,0.19368825323450958,1
2109,92.0,0.25233644859813187,93.74407582938389,0.19369593663513204,1
2110,92.0,0.25233644859813187,93.74703931785884,0.19370361261013613,1
2111,92.0,0.25233644859813187,93.75,0.19371128117028497,1
2112,92.0,0.25233644859813187,93.75295787979177,0.19371894232631567,1
2113,92.0,0.25233644859813187,93.70860927152319,0.19236956097112592,1
2114,92.0,0.25233644859813187,93.66430260047281,0.19568283663629138,1
2115,92.0,0.25233644859813187,93.66729678638941,0.1956905917493775,1
2116,92.0,0.25233644859813187,93.67028814359944,0.19569833938661949,1
2117,92.0,0.25233644859813187,93.67327667610954,0.19570607955881905,1
2118,92.0,0.25233644859813187,93.62907031618688,0.19436691909733242,1
2119,92.0,0.25233644859813187,93.63207547169812,0.19437469739790333,1
2120,92.0,0.25233644859813187,93.63507779349364,0.19438246821393096,1
2121,92.0,0.25233644859813187,93.63807728557964,0.19439023155621407,1
2122,92.0,0.25233644859813187,93.59397079604334,0.19306669200606963,1
2123,92.0,0.25233644859813187,93.5969868173258,0.19307449278034317,1
2124,92.0,0.25233644859813187,93.60000000000001,0.19308228606210182,1
2125,92.0,0.25233644859813187,93.60301034807149,0.1930900718621347,1
2126,92.0,0.25233644859813187,93.60601786553832,0.19309785019121561,1
2127,92.0,0.25233644859813187,93.60902255639097,0.19310562106008514,1
2128,92.0,0.25233644859813187,93.56505401596993,0.19632927924700927,1
2129,92.0,0.25233644859813187,93.52112676056338,0.19947710282282652,1
2130,92.0,0.25233644859813187,93.52416705771938,0.19948497526955847,1
2131,92.0,0.25233644859813187,93.52720450281426,0.19949284017663507,1
2132,92.0,0.25233644859813187,93.53023909985936,0.19950069755488722,1
2133,92.0,0.25233644859813187,93.53327085285848,0.19950854741511656,1
2134,92.0,0.25233644859813187,93.53629976580797,0.19951638976811176,1
2135,92.0,0.25233644859813187,93.53932584269663,0.1995242246246348,1
2136,92.0,0.25233644859813187,93.54234908750585,0.1995320519954295,1
2137,92.0,0.25233644859813187,93.54536950420955,0.19953987189121938,1
2138,92.0,0.25233644859813187,93.54838709677419,0.19954768432270495,1
2139,92.0,0.25233644859813187,93.55140186915888,0.1995554893005737,1
2140,92.0,0.25233644859813187,93.55441382531528,0.19956328683548252,1
2141,92.0,0.25233644859813187,93.51073762838469,0.20263842915448102,1
2142,92.0,0.25233644859813187,93.51376574895008,0.2026462731073768,1
2143,92.0,0.25233644859813187,93.51679104477611,0.20265410958904034,1
2144,92.0,0.25233644859813187,93.51981351981352,0.20266193861014434,1
2145,92.0,0.25233644859813187,93.5228331780056,0.20266976018133417,1
2146,92.0,0.25233644859813187,93.5258500232883,0.20267757431323943,1
2147,92.0,0.25233644859813187,93.52886405959032,0.2026853810164722,1
2148,92.0,0.25233644859813187,93.53187529083294,0.2026931803016142,1
2149,92.0,0.25233644859813187,93.53488372093022,0.20270097217923863,1
2150,92.0,0.25233644859813187,93.53788935378894,0.2027087566598932,1
2151,92.0,0.25233644859813187,93.54089219330855,0.2027165337541045,1
2152,92.0,0.25233644859813187,93.54389224338134,0.20272430347238257,1
2153,92.0,0.25233644859813187,93.54688950789229,0.20273206582521247,1
2154,92.0,0.25233644859813187,93.54988399071927,0.20273982082306435,1
2155,92.0,0.25233644859813187,93.55287569573284,0.20274756847638806,1
2156,92.0,0.25233644859813187,93.55586462679648,0.20275530879561054,1
2157,92.0,0.25233644859813187,93.55885078776645,0.20276304179114,1
2158,92.0,0.25233644859813187,93.56183418249189,0.2027707674733685,1
2159,92.0,0.25233644859813187,93.56481481481481,0.20277848585266356,1
2160,92.0,0.25233644859813187,93.56779268857011,0.20278619693937705,1
2161,92.0,0.25233644859813187,93.57076780758557,0.20279390074383652,1
2162,92.0,0.25233644859813187,93.57374017568192,0.20280159727635566,1
2163,92.0,0.25233644859813187,93.57670979667283,0.20280928654722846,1
2164,92.0,0.25233644859813187,93.53348729792148,0.20148795645725273,1
2165,92.0,0.25233644859813187,93.53647276084949,0.20149568148304123,1
2166,92.0,0.25233644859813187,93.49330872173512,0.20015758791023192,1
2167,92.0,0.25233644859813187,93.49630996309963,0.2001653632103493,1
2168,92.0,0.25233644859813187,93.49930843706777,0.20017313119002755,1
2169,92.0,0.25233644859813187,93.50230414746544,0.20018089185960566,1
2170,92.0,0.25233644859813187,93.50529709811147,0.2001886452293929,1
2171,92.0,0.25233644859813187,93.50828729281768,0.20019639130968506,1
2172,92.0,0.25233644859813187,93.51127473538887,0.20020413011075647,1
2173,92.0,0.25233644859813187,93.51425942962281,0.20021186164286636,1
2174,92.0,0.25233644859813187,93.51724137931035,0.20021958591625058,1
2175,92.0,0.25233644859813187,93.52022058823529,0.2002273029411224,1
2176,92.0,0.25233644859813187,93.47726228755168,0.1989334107275668,1
2177,92.0,0.25233644859813187,93.43434343434343,0.19765365978066785,1
2178,92.0,0.25233644859813187,93.43735658558971,0.19766145416249287,1
2179,92.0,0.25233644859813187,93.44036697247707,0.1976692412422814,1
2180,92.0,0.25233644859813187,93.44337459880788,0.19767702103029086,1
2181,92.0,0.25233644859813187,93.44637946837764,0.19768479353675847,1
2182,92.0,0.25233644859813187,93.40357306459002,0.19641912221458205,1
2183,92.0,0.25233644859813187,93.4065934065934,0.19642692885541077,1
2184,92.0,0.25233644859813187,93.4096109839817,0.19643472819910424,1
2185,92.0,0.25233644859813187,93.41262580054894,0.19644252025588427,1
2186,92.0,0.25233644859813187,93.4156378600823,0.1964503050359639,1
2187,92.0,0.25233644859813187,93.41864716636198,0.19645808254952846,1
2188,92.0,0.25233644859813187,93.42165372316126,0.1964658528067445,1
2189,92.0,0.25233644859813187,93.42465753424658,0.19647361581776998,1
2190,92.0,0.25233644859813187,93.42765860337745,0.1964813715927293,1
2191,92.0,0.25233644859813187,93.43065693430657,0.19648912014173806,1
2192,92.0,0.25233644859813187,93.43365253077975,0.19649686147489112,1
2193,92.0,0.25233644859813187,93.43664539653601,0.19650459560226083,1
2194,92.0,0.25233644859813187,93.43963553530752,0.19651232253390424,1
2195,92.0,0.25233644859813187,93.44262295081968,0.1965200422798598,1
2196,92.0,0.25233644859813187,93.44560764679107,0.19652775485014634,1
2197,92.0,0.25233644859813187,93.40309372156506,0.19527634206878375,1
2198,92.0,0.25233644859813187,93.3606184629377,0.19403839346904378,1
2199,85.0,0.21711899791231765,93.36363636363636,0.19404617924693915,1
2200,85.0,0.21711899791231765,93.36665152203544,0.19405395779985318,1
2201,85.0,0.21711899791231765,93.36966394187102,0.19406172913783784,1
2202,85.0,0.21711899791231765,93.37267362687246,0.1940694932709247,1
2203,85.0,0.21711899791231765,93.37568058076225,0.19407725020912953,1
2204,85.0,0.21711899791231765,93.37868480725623,0.19408499996244882,1
2205,85.0,0.21711899791231765,93.38168631006346,0.19409274254086128,1
2206,85.0,0.21711899791231765,93.38468509288627,0.19410047795432536,1
2207,85.0,0.21711899791231765,93.38768115942028,0.19410820621278302,1
2208,85.0,0.21711899791231765,93.39067451335445,0.19411592732615537,1
2209,85.0,0.21711899791231765,93.39366515837104,0.19412364130434753,1
2210,85.0,0.21711899791231765,93.39665309814563,0.1941313481572469,1
2211,85.0,0.21711899791231765,93.3996383363472,0.19413904789471995,1
2212,85.0,0.21711899791231765,93.40262087663804,0.19414674052661357,1
2213,85.0,0.21711899791231765,93.4056007226739,0.19415442606276442,1
2214,85.0,0.21711899791231765,93.40857787810384,0.19416210451298185,1
2215,85.0,0.21711899791231765,93.41155234657039,0.1941697758870605,1
2216,85.0,0.21711899791231765,93.36941813261164,0.19294574468875386,1
2217,85.0,0.21711899791231765,93.37240757439135,0.19295344790457425,1
2218,85.0,0.21711899791231765,93.37539432176656,0.19296114403057973,1
2219,85.0,0.21711899791231765,93.37837837837839,0.1929688330765551,1
2220,85.0,0.21711899791231765,93.38135974786132,0.19297651505226698,1
2221,85.0,0.21711899791231765,93.38433843384338,0.1929841899674611,1
2222,85.0,0.21711899791231765,93.38731443994602,0.1929918578318675,1
2223,85.0,0.21711899791231765,93.39028776978418,0.1929995186551969,1
2224,85.0,0.21711899791231765,93.34831460674158,0.19597425554980513,1
2225,85.0,0.21711899791231765,93.35130278526505,0.19598195981959776,1
2226,85.0,0.21711899791231765,93.35428828019758,0.195989657022979,1
2227,85.0,0.21711899791231765,93.35727109515261,0.19599734716966485,1
2228,85.0,0.21711899791231765,93.3602512337371,0.1960050302693529,1
2229,85.0,0.21711899791231765,93.36322869955157,0.19601270633172865,1
2230,85.0,0.21711899791231765,93.36620349619005,0.19602037536645497,1
2231,85.0,0.21711899791231765,93.36917562724014,0.19602803738317712,1
2232,85.0,0.21711899791231765,93.37214509628303,0.1960356923915263,1
2233,85.0,0.21711899791231765,93.37511190689347,0.19604334040111232,1
2234,85.0,0.21711899791231765,93.37807606263982,0.1960509814215305,1
2235,85.0,0.21711899791231765,93.38103756708408,0.19605861546235429,1
2236,85.0,0.21711899791231765,93.38399642378185,0.19606624253314467,1
2237,85.0,0.21711899791231765,93.34226988382484,0.1948512900748992,1
2238,85.0,0.21711899791231765,93.30058061634658,0.19364907108180898,1
2239,85.0,0.21711899791231765,93.25892857142857,0.1924593889965904,1
2240,85.0,0.21711899791231765,93.21731369924142,0.19128205128205156,1
2241,85.0,0.21711899791231765,93.22033898305084,0.19128982040475231,1
2242,85.0,0.21711899791231765,93.22336156932678,0.19129758245094655,1
2243,85.0,0.21711899791231765,93.22638146167557,0.19130533743029499,1
2244,85.0,0.21711899791231765,93.22939866369711,0.19131308535244265,1
2245,85.0,0.21711899791231765,93.23241317898486,0.19132082622702332,1
2246,85.0,0.21711899791231765,93.23542501112595,0.19132856006364465,1
2247,85.0,0.21711899791231765,93.19395017793595,0.19016359475216024,1
2248,85.0,0.21711899791231765,93.15251222765674,0.19305227105928371,1
2249,85.0,0.21711899791231765,93.11111111111111,0.19588013944994745,1
2250,85.0,0.21711899791231765,93.06974677920924,0.19864903412786228,1
2251,85.0,0.21711899791231765,93.02841918294848,0.20136071631865668,1
2252,85.0,0.21711899791231765,92.98712827341322,0.20401687786356798,1
2253,85.0,0.21711899791231765,92.99023957409051,0.20402488958821344,1
2254,85.0,0.21711899791231765,92.99334811529934,0.2040328940460516,1
2255,85.0,0.21711899791231765,92.99645390070921,0.20404089124696834,1
2256,85.0,0.21711899791231765,92.99955693398316,0.20404888120082598,1
2257,85.0,0.21711899791231765,93.00265721877768,0.20405686391747074,1
2258,85.0,0.21711899791231765,93.00575475874281,0.20406483940673156,1
2259,85.0,0.21711899791231765,93.00884955752213,0.204072807678419,1
2260,85.0,0.21711899791231765,92.96771340114994,0.20290060730495385,1
2261,85.0,0.21711899791231765,92.9266136162688,0.201739797876424,1
2262,85.0,0.21711899791231765,92.9297392841361,0.20174783009363073,1
2263,85.0,0.21711899791231765,92.93286219081273,0.20175585505381302,1
2264,85.0,0.21711899791231765,92.93598233995584,0.20176387276680025,1
2265,85.0,0.21711899791231765,92.93909973521623,0.2017718832424052,1
2266,85.0,0.21711899791231765,92.9422143802382,0.2017798864904229,1
2267,85.0,0.21711899791231765,92.9453262786596,0.2017878825206333,1
2268,85.0,0.21711899791231765,92.94843543411194,0.20179587134279145,1
2269,85.0,0.21711899791231765,92.95154185022027,0.20180385296664402,1
2270,85.0,0.21711899791231765,92.95464553060326,0.20181182740191278,1
2271,85.0,0.21711899791231765,92.95774647887323,0.20181979465830516,1
2272,85.0,0.21711899791231765,92.96084469863617,0.20182775474551407,1
2273,85.0,0.21711899791231765,92.91996481970097,0.20067855669157775,1
2274,85.0,0.21711899791231765,92.92307692307692,0.20068654429912822,1
2275,85.0,0.21711899791231765,92.88224956063269,0.1995484445216333,1
2276,85.0,0.21711899791231765,92.88537549407114,0.199556459225278,1
2277,85.0,0.21711899791231765,92.8884986830553,0.1995644667320245,1
2278,85.0,0.21711899791231765,92.89161913119788,0.19957246705156156,1
2279,85.0,0.21711899791231765,92.89473684210526,0.19958046019356077,1
2280,85.0,0.21711899791231765,92.89785181937746,0.19958844616767443,1
2281,85.0,0.21711899791231765,92.90096406660824,0.19959642498354419,1
2282,85.0,0.21711899791231765,92.90407358738501,0.19960439665078894,1
2283,85.0,0.21711899791231765,92.90718038528897,0.19961236117901093,1
2284,85.0,0.21711899791231765,92.91028446389497,0.1996203185777952,1
2285,85.0,0.21711899791231765,92.91338582677166,0.19962826885671137,1
2286,85.0,0.21711899791231765,92.91648447748142,0.19963621202531026,1
2287,85.0,0.21711899791231765,92.91958041958041,0.19964414809312536,1
2288,85.0,0.21711899791231765,92.92267365661861,0.19965207706967758,1
2289,85.0,0.21711899791231765,92.92576419213974,0.19965999896446363,1
2290,85.0,0.21711899791231765,92.92885202968137,0.19966791378696855,1
2291,85.0,0.21711899791231765,92.93193717277487,0.19967582154665894,1
2292,85.0,0.21711899791231765,92.89140863497602,0.19854916769056996,1
2293,85.0,0.21711899791231765,92.89450741063644,0.19855710185806333,1
2294,85.0,0.21711899791231765,92.85403050108933,0.19744122821045976,1
2295,85.0,0.21711899791231765,92.81358885017421,0.19633595041059246,1
2296,85.0,0.21711899791231765,92.77318241184153,0.19524112036706864,1
2297,85.0,0.21711899791231765,92.73281114012184,0.19415659273164715,1
2298,85.0,0.21711899791231765,92.6924749891257,0.19308222483605017,1
2299,78.0,0.17541229385307366,92.69565217391305,0.193090313742524,1
2300,78.0,0.17541229385307366,92.69882659713168,0.1930983954562616,1
2301,78.0,0.17541229385307366,92.70199826238054,0.19310646998685507,1
2302,78.0,0.17541229385307366,92.70516717325228,0.1931145373438749,1
2303,78.0,0.17541229385307366,92.70833333333334,0.1931225975368762,1
2304,78.0,0.17541229385307366,92.7114967462039,0.1931306505753977,1
2305,78.0,0.17541229385307366,92.71465741543798,0.1931386964689606,1
2306,78.0,0.17541229385307366,92.71781534460338,0.19314673522707204,1
2307,78.0,0.17541229385307366,92.67764298093587,0.19202406204427927,1
2308,78.0,0.17541229385307366,92.68081420528367,0.19203215133156373,1
2309,78.0,0.17541229385307366,92.68398268398268,0.19204023345337123,1
2310,78.0,0.17541229385307366,92.68714842059714,0.192048308419219,1
2311,78.0,0.17541229385307366,92.69031141868513,0.19205637623860697,1
2312,78.0,0.17541229385307366,92.69347168179853,0.19206443692101666,1
2313,78.0,0.17541229385307366,92.69662921348315,0.1920724904759158,1
2314,78.0,0.17541229385307366,92.69978401727862,0.19208053691275206,1
2315,78.0,0.17541229385307366,92.70293609671847,0.19208857624095954,1
2316,78.0,0.17541229385307366,92.70608545533017,0.19209660846995258,1
2317,78.0,0.17541229385307366,92.66609145815357,0.19104122187551206,1
2318,78.0,0.17541229385307366,92.6261319534282,0.18999558791087506,1
2319,78.0,0.17541229385307366,92.62931034482759,0.1900036751194419,1
2320,78.0,0.17541229385307366,92.6324859974149,0.19001175519800084,1
2321,78.0,0.17541229385307366,92.63565891472868,0.19001982815598112,1
2322,78.0,0.17541229385307366,92.63882910030134,0.19002789400278997,1
2323,78.0,0.17541229385307366,92.64199655765921,0.19003595274781737,1
2324,78.0,0.17541229385307366,92.60215053763442,0.1890000912603046,1
2325,78.0,0.17541229385307366,92.60533104041274,0.18900817332641387,1
2326,78.0,0.17541229385307366,92.60850880962613,0.1890162482853088,1
2327,78.0,0.17541229385307366,92.61168384879726,0.18902431614635926,1
2328,78.0,0.17541229385307366,92.61485616144269,0.18903237691891894,1
2329,78.0,0.17541229385307366,92.61802575107296,0.1890404306123285,1
2330,78.0,0.17541229385307366,92.62119262119262,0.18904847723590545,1
2331,78.0,0.17541229385307366,92.62435677530017,0.18905651679895905,1
2332,78.0,0.17541229385307366,92.62751821688812,0.18906454931077582,1
2333,78.0,0.17541229385307366,92.63067694944301,0.18907257478062786,1
2334,78.0,0.17541229385307366,92.59100642398288,0.188046471427709,1
2335,78.0,0.17541229385307366,92.59417808219177,0.18805451973768847,1
2336,78.0,0.17541229385307366,92.59734702610184,0.1880625610005902,1
2337,78.0,0.17541229385307366,92.55774165953807,0.18698413586637158,1
2338,78.0,0.17541229385307366,92.51817015818726,0.18953729425345153,1
2339,78.0,0.17541229385307366,92.52136752136752,0.18954543295492388,1
2340,78.0,0.17541229385307366,92.48184536522854,0.18853275876330866,1
2341,78.0,0.17541229385307366,92.44235695986337,0.187529154433238,1
2342,78.0,0.17541229385307366,92.44558258642766,0.1875373454510536,1
2343,78.0,0.17541229385307366,92.4061433447099,0.19003579720610905,1
2344,78.0,0.17541229385307366,92.36673773987208,0.19248845257813932,1
2345,78.0,0.17541229385307366,92.3699914748508,0.1924967310206903,1
2346,78.0,0.17541229385307366,92.3732424371538,0.19250500223923506,1
2347,78.0,0.17541229385307366,92.37649063032369,0.19251326624322254,1
2348,78.0,0.17541229385307366,92.37973605789698,0.19252152304208972,1
2349,78.0,0.17541229385307366,92.38297872340425,0.19252977264525412,1
2350,78.0,0.17541229385307366,92.38621863037005,0.19253801506211984,1
2351,78.0,0.17541229385307366,92.38945578231292,0.19254625030207012,1
2352,78.0,0.17541229385307366,92.39269018274543,0.19255447837447628,1
2353,78.0,0.17541229385307366,92.39592183517416,0.19256269928869207,1
2354,78.0,0.17541229385307366,92.35668789808918,0.19497118114572706,1
2355,78.0,0.17541229385307366,92.31748726655347,0.19733622448595434,1
2356,78.0,0.17541229385307366,92.27831989817564,0.19965894822468275,1
2357,78.0,0.17541229385307366,92.23918575063614,0.20194043321299612,1
2358,78.0,0.17541229385307366,92.24247562526494,0.20194883341744593,1
2359,78.0,0.17541229385307366,92.24576271186442,0.2019572263264683,1
2360,78.0,0.17541229385307366,92.24904701397712,0.2019656119495611,1
2361,78.0,0.17541229385307366,92.25232853513971,0.20197399029621052,1
2362,78.0,0.17541229385307366,92.21328819297503,0.20090423723362263,1
2363,78.0,0.17541229385307366,92.2165820642978,0.200912663201927,1
2364,78.0,0.17541229385307366,92.21987315010571,0.20092108186721058,1
2365,78.0,0.17541229385307366,92.22316145393069,0.20092949323896453,1
2366,78.0,0.17541229385307366,92.22644697929869,0.20093789732666326,1
2367,78.0,0.17541229385307366,92.22972972972973,0.20094629413976162,1
2368,78.0,0.17541229385307366,92.23300970873787,0.20095468368770397,1
2369,78.0,0.17541229385307366,92.23628691983123,0.20096306597991467,1
2370,78.0,0.17541229385307366,92.23956136651202,0.2009714410258011,1
2371,78.0,0.17541229385307366,92.20067453625632,0.19996645408767802,1
2372,78.0,0.17541229385307366,92.2039612305099,0.1999748514321006,1
2373,78.0,0.17541229385307366,92.2072451558551,0.1999832415260417,1
2374,78.0,0.17541229385307366,92.21052631578948,0.1999916243788839,1
2375,78.0,0.17541229385307366,92.21380471380472,0.2,1
2376,78.0,0.17541229385307366,92.17501051745897,0.19900356000833377,1
2377,78.0,0.17541229385307366,92.17830109335577,0.19901195755908596,1
2378,78.0,0.17541229385307366,92.18158890290039,0.1990203478742524,1
2379,78.0,0.17541229385307366,92.18487394957982,0.19902873096318005,1
2380,78.0,0.17541229385307366,92.18815623687526,0.19903710683520331,1
2381,78.0,0.17541229385307366,92.19143576826197,0.199045475499634,1
2382,78.0,0.17541229385307366,92.1947125472094,0.19905383696577272,1
2383,78.0,0.17541229385307366,92.19798657718121,0.19906219124290472,1
2384,78.0,0.17541229385307366,92.20125786163523,0.19907053834029273,1
2385,78.0,0.17541229385307366,92.20452640402347,0.19907887826719384,1
2386,78.0,0.17541229385307366,92.20779220779221,0.19908721103284027,1
2387,78.0,0.17541229385307366,92.21105527638191,0.1990955366464541,1
2388,78.0,0.17541229385307366,92.2143156132273,0.19910385511723597,1
2389,78.0,0.17541229385307366,92.21757322175732,0.19911216645437718,1
2390,78.0,0.17541229385307366,92.22082810539524,0.1991204706670483,1
2391,78.0,0.17541229385307366,92.18227424749163,0.19813275776762598,1
2392,78.0,0.17541229385307366,92.18554116172169,0.1981410834182991,1
2393,78.0,0.17541229385307366,92.1888053467001,0.1981494019408711,1
2394,78.0,0.17541229385307366,92.19206680584551,0.1981577133444923,1
2395,78.0,0.17541229385307366,92.19532554257096,0.1981660176382998,1
2396,78.0,0.17541229385307366,92.19858156028369,0.19817431483141143,1
2397,78.0,0.17541229385307366,92.20183486238533,0.19818260493292947,1
2398,78.0,0.17541229385307366,92.16340141725719,0.1972032801650409,1
2399,80.0,0.20948616600790534,92.16666666666666,0.19721159132518784,1
2400,80.0,0.20948616600790534,92.16992919616827,0.19721989539038265,1
2401,80.0,0.20948616600790534,92.17318900915903,0.19722819236970646,1
2402,80.0,0.20948616600790534,92.17644610903038,0.19723648227222587,1
2403,80.0,0.20948616600790534,92.17970049916805,0.19724476510698843,1
2404,80.0,0.20948616600790534,92.14137214137214,0.19627369608538267,1
2405,80.0,0.20948616600790534,92.10307564422277,0.19531064346632163,1
2406,80.0,0.20948616600790534,92.06481096800997,0.1943555099930785,1
2407,80.0,0.20948616600790534,92.02657807308971,0.19340819997313274,1
2408,80.0,0.20948616600790534,92.02988792029888,0.19341658514127913,1
2409,80.0,0.20948616600790534,92.03319502074689,0.19342496317665522,1
2410,80.0,0.20948616600790534,92.03649937785151,0.19343333408836197,1
2411,80.0,0.20948616600790534,92.03980099502488,0.19344169788548085,1
2412,80.0,0.20948616600790534,92.04309987567343,0.19345005457707606,1
2413,80.0,0.20948616600790534,92.04639602319801,0.19345840417219834,1
2414,80.0,0.20948616600790534,92.04968944099379,0.1934667466798864,1
2415,80.0,0.20948616600790534,92.05298013245033,0.19347508210915718,1
2416,80.0,0.20948616600790534,92.05626810095158,0.19348341046901857,1
2417,80.0,0.20948616600790534,92.01819685690653,0.19254406909868532,1
2418,80.0,0.20948616600790534,92.0214964861513,0.19255241689308705,1
2419,80.0,0.20948616600790534,92.02479338842974,0.192560757616095,1
2420,80.0,0.20948616600790534,92.02808756712102,0.19256909127669158,1
2421,80.0,0.20948616600790534,92.03137902559868,0.19257741788384244,1
2422,80.0,0.20948616600790534,92.0346677672307,0.1925857374464982,1
2423,80.0,0.20948616600790534,92.03795379537954,0.1925940499735942,1
2424,80.0,0.20948616600790534,92.04123711340206,0.19260235547405305,1
2425,80.0,0.20948616600790534,92.04451772464964,0.19261065395677995,1
2426,80.0,0.20948616600790534,92.00659250103008,0.19167915617290723,1
2427,80.0,0.20948616600790534,91.96869851729818,0.19075519943117328,1
2428,80.0,0.20948616600790534,91.97200494030466,0.19076354280032362,1
2429,80.0,0.20948616600790534,91.93415637860082,0.18984706296596787,1
2430,80.0,0.20948616600790534,91.93747429041547,0.1898554248414907,1
2431,80.0,0.20948616600790534,91.94078947368422,0.1898637796680746,1
2432,80.0,0.20948616600790534,91.94410193177147,0.18987212745462811,1
2433,80.0,0.20948616600790534,91.94741166803615,0.1898804682100456,1
2434,80.0,0.20948616600790534,91.95071868583162,0.18988880194320765,1
2435,80.0,0.20948616600790534,91.95402298850574,0.1898971286629781,1
2436,80.0,0.20948616600790534,91.9573245794009,0.18990544837820633,1
2437,80.0,0.20948616600790534,91.96062346185397,0.18991376109772787,1
2438,80.0,0.20948616600790534,91.96391963919639,0.1899220668303611,1
2439,80.0,0.20948616600790534,91.9672131147541,0.18993036558491433,1
2440,80.0,0.20948616600790534,91.9705038918476,0.18993865737017412,1
2441,80.0,0.20948616600790534,91.97379197379198,0.18994694219491792,1
2442,80.0,0.20948616600790534,91.97707736389685,0.1899552200679066,1
2443,80.0,0.20948616600790534,91.98036006546644,0.18996349099788362,1
2444,80.0,0.20948616600790534,91.98364008179959,0.18997175499358585,1
2445,80.0,0.20948616600790534,91.9869174161897,0.18998001206372458,1
2446,80.0,0.20948616600790534,91.99019207192481,0.1899882622170045,1
2447,80.0,0.20948616600790534,91.99346405228758,0.1899965054621139,1
2448,80.0,0.20948616600790534,91.99673336055533,0.19000474180772525,1
2449,80.0,0.20948616600790534,92.0,0.19001297126249722,1
2450,80.0,0.20948616600790534,92.00326397388821,0.19002119383507224,1
2451,80.0,0.20948616600790534,92.00652528548125,0.19002940953408223,1
2452,80.0,0.20948616600790534,92.00978393803506,0.19003761836814134,1
2453,80.0,0.20948616600790534,92.01303993480032,0.19004582034584958,1
2454,80.0,0.20948616600790534,92.01629327902239,0.1900540154757949,1
2455,80.0,0.20948616600790534,91.97882736156352,0.1891455251770594,1
2456,80.0,0.20948616600790534,91.98209198209199,0.18915373829662172,1
2457,80.0,0.20948616600790534,91.9446704637917,0.18818348623853165,1
2458,80.0,0.20948616600790534,91.90727938186255,0.19039173285992997,1
2459,80.0,0.20948616600790534,91.91056910569105,0.19040003704506028,1
2460,80.0,0.20948616600790534,91.87322226737099,0.19257205662822557,1
2461,80.0,0.20948616600790534,91.83590576766856,0.19470865547189425,1
2462,80.0,0.20948616600790534,91.79861956963053,0.19681065740235604,1
2463,80.0,0.20948616600790534,91.76136363636364,0.19887886092269685,1
2464,80.0,0.20948616600790534,91.76470588235294,0.19888733239943995,1
2465,80.0,0.20948616600790534,91.76804541768045,0.19889579682661668,1
2466,80.0,0.20948616600790534,91.77138224564249,0.1989042542130225,1
2467,80.0,0.20948616600790534,91.77471636952998,0.19891270456744004,1
2468,80.0,0.20948616600790534,91.7780477926286,0.19892114789863594,1
2469,80.0,0.20948616600790534,91.78137651821862,0.19892958421536186,1
2470,80.0,0.20948616600790534,91.78470254957507,0.19893801352635365,1
2471,80.0,0.20948616600790534,91.78802588996764,0.19894643584033728,1
2472,80.0,0.20948616600790534,91.79134654266073,0.19895485116601982,1
2473,80.0,0.20948616600790534,91.7946645109135,0.19896325951209407,1
2474,80.0,0.20948616600790534,91.7979797979798,0.19897166088724172,1
2475,80.0,0.20948616600790534,91.80129240710824,0.19898005530012708,1
2476,80.0,0.20948616600790534,91.80460234154218,0.19898844275940072,1
2477,80.0,0.20948616600790534,91.80790960451978,0.19899682327370047,1
2478,80.0,0.20948616600790534,91.8112141992739,0.1990051968516471,1
2479,80.0,0.20948616600790534,91.81451612903226,0.19901356350184896,1
2480,80.0,0.20948616600790534,91.81781539701733,0.19902192323290183,1
2481,80.0,0.20948616600790534,91.82111200644641,0.19903027605338228,1
2482,80.0,0.20948616600790534,91.78413209826822,0.1980596327297661,1
2483,80.0,0.20948616600790534,91.78743961352657,0.19806803039750315,1
2484,80.0,0.20948616600790534,91.7907444668008,0.19807642113089263,1
2485,80.0,0.20948616600790534,91.7940466613033,0.1980848049385208,1
2486,80.0,0.20948616600790534,91.79734620024126,0.19809318182895852,1
2487,80.0,0.20948616600790534,91.80064308681672,0.1981015518107615,1
2488,80.0,0.20948616600790534,91.8039373242266,0.19810991489247493,1
2489,80.0,0.20948616600790534,91.80722891566265,0.19811827108262553,1
2490,80.0,0.20948616600790534,91.81051786431152,0.19812662038972925,1
2491,80.0,0.20948616600790534,91.77367576243981,0.19716368676717122,1
2492,80.0,0.20948616600790534,91.73686321700762,0.19626835188671665,1
2493,80.0,0.20948616600790534,91.70008019246191,0.19531834505461657,1
2494,80.0,0.20948616600790534,91.66332665330661,0.1944354326711877,1
2495,80.0,0.20948616600790534,91.66666666666666,0.1944439272348105,1
2496,80.0,0.20948616600790534,91.67000400480578,0.19445241481568903,1
2497,80.0,0.20948616600790534,91.67333867093676,0.1944608954224253,1
2498,80.0,0.20948616600790534,91.6766706682673,0.1944693690636142,1
2499,80.0,0.15110356536502578,91.67999999999999,0.19447783574783387,1
2500,80.0,0.15110356536502578,91.68332666933226,0.1944862954836487,1
2501,80.0,0.15110356536502578,91.6466826538769,0.19361017043246542,1
2502,80.0,0.15110356536502578,91.65001997602876,0.19361864801289813,1
2503,80.0,0.15110356536502578,91.61341853035144,0.1927491111397677,1
2504,80.0,0.15110356536502578,91.61676646706587,0.1927576063087826,1
2505,80.0,0.15110356536502578,91.62011173184358,0.1927660945193508,1
2506,80.0,0.15110356536502578,91.62345432788193,0.19277457578001708,1
2507,80.0,0.15110356536502578,91.6267942583732,0.19278305009931584,1
2508,80.0,0.15110356536502578,91.59027500996413,0.19192010159784614,1
2509,80.0,0.15110356536502578,91.55378486055777,0.1909996199163829,1
2510,80.0,0.15110356536502578,91.55714854639587,0.19100816237829005,1
2511,80.0,0.15110356536502578,91.56050955414013,0.19101669785868783,1
2512,80.0,0.15110356536502578,91.56386788698767,0.19102522636613056,1
2513,80.0,0.15110356536502578,91.56722354813047,0.19103374790915917,1
2514,80.0,0.15110356536502578,91.57057654075547,0.19104226249630193,1
2515,80.0,0.15110356536502578,91.57392686804452,0.1910507701360713,1
2516,80.0,0.15110356536502578,91.57727453317442,0.19105927083696506,1
2517,80.0,0.15110356536502578,91.58061953931693,0.19106776460747152,1
2518,80.0,0.15110356536502578,91.58396188963874,0.19107625145606189,1
2519,80.0,0.15110356536502578,91.58730158730158,0.1910847313911927,1
2520,80.0,0.15110356536502578,91.59063863546211,0.19109320442131103,1
2521,80.0,0.15110356536502578,91.59397303727201,0.1911016705548434,1
2522,80.0,0.15110356536502578,91.59730479587792,0.19111012980021116,1
2523,80.0,0.15110356536502578,91.60063391442155,0.19111858216581246,1
2524,80.0,0.15110356536502578,91.60396039603961,0.1911270276600407,1
2525,80.0,0.15110356536502578,91.60728424386382,0.19113546629126912,1
2526,80.0,0.15110356536502578,91.61060546102098,0.19114389806786147,1
2527,80.0,0.15110356536502578,91.61392405063292,0.19115232299816454,1
2528,80.0,0.15110356536502578,91.61724001581652,0.19116074109051526,1
2529,80.0,0.15110356536502578,91.58102766798419,0.1903099837578185,1
2530,80.0,0.15110356536502578,91.54484393520347,0.18946550880443186,1
2531,80.0,0.15110356536502578,91.5481832543444,0.189473967635682,1
2532,80.0,0.15110356536502578,91.55151993683378,0.18948241961168333,1
2533,80.0,0.15110356536502578,91.55485398579322,0.18949086474076948,1
2534,80.0,0.15110356536502578,91.55818540433926,0.18949930303125395,1
2535,80.0,0.15110356536502578,91.52208201892745,0.1886611361184474,1
2536,80.0,0.15110356536502578,91.52542372881356,0.1886695909694675,1
2537,80.0,0.15110356536502578,91.52876280535855,0.18867803898187457,1
2538,80.0,0.15110356536502578,91.53209925167388,0.18868648016396,1
2539,80.0,0.15110356536502578,91.53543307086615,0.18869491452401038,1
2540,80.0,0.15110356536502578,91.49940968122786,0.1878629865777272,1
2541,80.0,0.15110356536502578,91.50275373721479,0.18787143723468758,1
2542,80.0,0.15110356536502578,91.50609516319308,0.18787988106978093,1
2543,80.0,0.15110356536502578,91.50943396226415,0.18788831809126438,1
2544,80.0,0.15110356536502578,91.51277013752456,0.18789674830737937,1
2545,80.0,0.15110356536502578,91.51610369206598,0.18790517172636018,1
2546,80.0,0.15110356536502578,91.51943462897526,0.18791358835642188,1
2547,80.0,0.15110356536502578,91.52276295133439,0.1879219982057693,1
2548,80.0,0.15110356536502578,91.52608866222049,0.18793040128259508,1
2549,80.0,0.15110356536502578,91.52941176470588,0.1879387975950725,1
2550,80.0,0.15110356536502578,91.5327322618581,0.18794718715136913,1
2551,80.0,0.15110356536502578,91.53605015673982,0.1879555699596362,1
2552,80.0,0.15110356536502578,91.53936545240893,0.18796394602801036,1
2553,80.0,0.15110356536502578,91.54267815191855,0.18797231536461895,1
2554,80.0,0.15110356536502578,91.54598825831702,0.18798067797757348,1
2555,80.0,0.15110356536502578,91.54929577464789,0.18798903387497276,1
2556,80.0,0.15110356536502578,91.55260070394993,0.1879973830649019,1
2557,80.0,0.15110356536502578,91.55590304925724,0.18800572555543538,1
2558,80.0,0.15110356536502578,91.5201250488472,0.18718026408814037,1
2559,80.0,0.15110356536502578,91.484375,0.18636081328928383,1
2560,80.0,0.15110356536502578,91.48770011714174,0.18636919413390962,1
2561,80.0,0.15110356536502578,91.4519906323185,0.18555571200260101,1
2562,80.0,0.15110356536502578,91.45532579008973,0.18556410833085402,1
2563,80.0,0.15110356536502578,91.45865834633385,0.18557249793679495,1
2564,80.0,0.15110356536502578,91.46198830409357,0.18558088082848984,1
2565,80.0,0.15110356536502578,91.46531566640685,0.18558925701399814,1
2566,80.0,0.15110356536502578,91.42968445656409,0.1847817457166906,1
2567,80.0,0.15110356536502578,91.39408099688472,0.18398005414941868,1
2568,80.0,0.15110356536502578,91.35850525496302,0.18318412078697166,1
2569,80.0,0.15110356536502578,91.32295719844358,0.18239388496649556,1
2570,80.0,0.15110356536502578,91.32633216647218,0.1824023409926122,1
2571,80.0,0.15110356536502578,91.32970451010887,0.18241079026857338,1
2572,80.0,0.15110356536502578,91.33307423241352,0.18241923280246064,1
2573,80.0,0.15110356536502578,91.2975912975913,0.18163469808926586,1
2574,80.0,0.15110356536502578,91.2621359223301,0.18085574153851508,1
2575,80.0,0.15110356536502578,91.22670807453416,0.1800823049904086,1
2576,80.0,0.15110356536502578,91.23011253395421,0.1800908035054377,1
2577,80.0,0.15110356536502578,91.23351435221102,0.18009929525139093,1
2578,80.0,0.15110356536502578,91.23691353237689,0.18010778023635196,1
2579,80.0,0.15110356536502578,91.24031007751938,0.18011625846839144,1
2580,80.0,0.15110356536502578,91.24370399070128,0.18012472995557033,1
2581,80.0,0.15110356536502578,91.24709527498064,0.18013319470593156,1
2582,80.0,0.15110356536502578,91.25048393341076,0.18014165272751057,1
2583,80.0,0.15110356536502578,91.25386996904025,0.1801501040283251,1
2584,80.0,0.15110356536502578,91.25725338491296,0.1801585486163844,1
2585,80.0,0.15110356536502578,91.26063418406805,0.18016698649967935,1
2586,80.0,0.15110356536502578,91.26401236954,0.1801754176861963,1
2587,80.0,0.15110356536502578,91.26738794435857,0.18018384218390363,1
2588,80.0,0.15110356536502578,91.27076091154886,0.18019226000075686,1
2589,80.0,0.15110356536502578,91.27413127413128,0.1802006711447001,1
2590,80.0,0.15110356536502578,91.27749903512158,0.180209075623665,1
2591,80.0,0.15110356536502578,91.28086419753086,0.1802174734455689,1
2592,80.0,0.15110356536502578,91.2842267643656,0.18022586461831952,1
2593,80.0,0.15110356536502578,91.2875867386276,0.1802342491498125,1
2594,80.0,0.15110356536502578,91.29094412331406,0.18024262704792487,1
2595,80.0,0.15110356536502578,91.2557781201849,0.17947504069263162,1
2596,80.0,0.15110356536502578,91.25914516750096,0.1794834322236186,1
2597,80.0,0.15110356536502578,91.26250962278675,0.1794918171231719,1
2598,80.0,0.15110356536502578,91.26587148903424,0.17950019539914985,1
2599,81.0,-0.00956429330499422,91.26923076923077,0.17950856705939575,1
2600,81.0,-0.00956429330499422,91.27258746635908,0.17951693211174372,1
2601,81.0,-0.00956429330499422,91.2759415833974,0.17952529056401523,1
2602,81.0,-0.00956429330499422,91.27929312331925,0.17953364242401612,1
2603,81.0,-0.00956429330499422,91.2826420890937,0.17954198769954233,1
2604,81.0,-0.00956429330499422,91.28598848368522,0.1795503263983793,1
2605,81.0,-0.00956429330499422,91.28933231005372,0.1795586585282976,1
2606,81.0,-0.00956429330499422,91.29267357115458,0.17956698409705613,1
2607,81.0,-0.00956429330499422,91.25766871165644,0.17880502032879575,1
2608,81.0,-0.00956429330499422,91.22269068608662,0.1780484013201612,1
2609,81.0,-0.00956429330499422,91.18773946360153,0.17729707209306172,1
2610,81.0,-0.00956429330499422,91.15281501340483,0.17655097841921147,1
2611,81.0,-0.00956429330499422,91.15620214395099,0.1765593760448721,1
2612,81.0,-0.00956429330499422,91.15958668197474,0.176567767071879,1
2613,81.0,-0.00956429330499422,91.16296863045142,0.1765761515080029,1
2614,81.0,-0.00956429330499422,91.16634799235182,0.17658452936100852,1
2615,81.0,-0.00956429330499422,91.1697247706422,0.17659290063864527,1
2616,81.0,-0.00956429330499422,91.1730989682843,0.1766012653486517,1
2617,81.0,-0.00956429330499422,91.17647058823529,0.1766096234987536,1
2618,81.0,-0.00956429330499422,91.17983963344788,0.17661797509666466,1
2619,81.0,-0.00956429330499422,91.18320610687023,0.1766263201500853,1
2620,81.0,-0.00956429330499422,91.18657001144601,0.1766346586667064,1
2621,81.0,-0.00956429330499422,91.15179252479024,0.17589393853181925,1
2622,81.0,-0.00956429330499422,91.11704155547083,0.1778679361782548,1
2623,81.0,-0.00956429330499422,91.08231707317073,0.17981379319557006,1
2624,81.0,-0.00956429330499422,91.04761904761904,0.1817320816735837,1
2625,81.0,-0.00956429330499422,91.012947448591,0.18362335831807455,1
2626,81.0,-0.00956429330499422,91.01636848115722,0.18363186981763874,1
2627,81.0,-0.00956429330499422,91.01978691019787,0.18364037466237723,1
2628,81.0,-0.00956429330499422,91.0232027386839,0.18364887286009166,1
2629,81.0,-0.00956429330499422,91.02661596958174,0.18365736441857247,1
2630,81.0,-0.00956429330499422,91.0300266058533,0.18366584934559482,1
2631,81.0,-0.00956429330499422,91.03343465045593,0.18367432764892605,1
2632,81.0,-0.00956429330499422,91.03684010634258,0.18368279933631895,1
2633,81.0,-0.00956429330499422,91.04024297646166,0.1836912644155145,1
2634,81.0,-0.00956429330499422,91.04364326375712,0.18369972289423805,1
2635,81.0,-0.00956429330499422,91.04704097116844,0.1837081747802131,1
2636,81.0,-0.00956429330499422,91.05043610163064,0.18371662008113898,1
2637,81.0,-0.00956429330499422,91.0538286580743,0.18372505880471043,1
2638,81.0,-0.00956429330499422,91.05721864342554,0.1837334909586087,1
2639,81.0,-0.00956429330499422,91.06060606060606,0.18374191655050354,1
2640,81.0,-0.00956429330499422,91.06399091253313,0.18375033558804812,1
2641,81.0,-0.00956429330499422,91.02952308856926,0.18300494121300484,1
2642,81.0,-0.00956429330499422,91.03291713961409,0.18301337273985385,1
2643,81.0,-0.00956429330499422,91.03630862329804,0.18302179771501476,1
2644,81.0,-0.00956429330499422,91.03969754253308,0.18303021614612264,1
2645,81.0,-0.00956429330499422,91.005291005291,0.18221342641650515,1
2646,81.0,-0.00956429330499422,90.97091046467699,0.181477197449592,1
2647,81.0,-0.00956429330499422,90.93655589123867,0.18074587807613476,1
2648,81.0,-0.00956429330499422,90.93997734994338,0.18075437708029762,1
2649,81.0,-0.00956429330499422,90.9433962264151,0.1807628694939792,1
2650,81.0,-0.00956429330499422,90.946812523576,0.18077135532484406,1
2651,81.0,-0.00956429330499422,90.9502262443439,0.18077983458054322,1
2652,81.0,-0.00956429330499422,90.95363739163211,0.1807883072687159,1
2653,81.0,-0.00956429330499422,90.95704596834966,0.18079677339698705,1
2654,81.0,-0.00956429330499422,90.96045197740112,0.1808052329729753,1
2655,81.0,-0.00956429330499422,90.96385542168674,0.18081368600428177,1
2656,81.0,-0.00956429330499422,90.96725630410238,0.18082213249850118,1
2657,81.0,-0.00956429330499422,90.9706546275395,0.18083057246320972,1
2658,81.0,-0.00956429330499422,90.93644227153065,0.18002771546986335,1
2659,81.0,-0.00956429330499422,90.90225563909775,0.1793054209801624,1
2660,81.0,-0.00956429330499422,90.90567455843667,0.179313922027673,1
2661,81.0,-0.00956429330499422,90.9090909090909,0.17932241651230763,1
2662,81.0,-0.00956429330499422,90.91250469395419,0.17933090444166214,1
2663,81.0,-0.00956429330499422,90.91591591591592,0.1793393858233237,1
2664,81.0,-0.00956429330499422,90.91932457786116,0.1793478606648632,1
2665,81.0,-0.00956429330499422,90.92273068267068,0.1793563289738462,1
2666,81.0,-0.00956429330499422,90.88863892013498,0.17863891624304618,1
2667,81.0,-0.00956429330499422,90.85457271364318,0.1779262271275054,1
2668,81.0,-0.00956429330499422,90.82053203446984,0.17721821606570123,1
2669,81.0,-0.00956429330499422,90.78651685393258,0.17651483807876073,1
2670,81.0,-0.00956429330499422,90.78996630475477,0.17652337273175,1
2671,81.0,-0.00956429330499422,90.7934131736527,0.17653190081981968,1
2672,81.0,-0.00956429330499422,90.75944631500187,0.17837671687185513,1
2673,81.0,-0.00956429330499422,90.76290201944653,0.17838527736795873,1
2674,81.0,-0.00956429330499422,90.76635514018692,0.17839383128550923,1
2675,81.0,-0.00956429330499422,90.76980568011959,0.17840237863208852,1
2676,81.0,-0.00956429330499422,90.77325364213672,0.17841091941526244,1
2677,81.0,-0.00956429330499422,90.739357729649,0.180231065468549,1
2678,81.0,-0.00956429330499422,90.70548712206048,0.18202686148786623,1
2679,81.0,-0.00956429330499422,90.67164179104478,0.18379877106895592,1
2680,81.0,-0.00956429330499422,90.6751212234241,0.18380742117241936,1
2681,81.0,-0.00956429330499422,90.67859806114839,0.18381606464225467,1
2682,81.0,-0.00956429330499422,90.6820723071189,0.18382470148609062,1
2683,81.0,-0.00956429330499422,90.68554396423248,0.18383333171154137,1
2684,81.0,-0.00956429330499422,90.68901303538175,0.18384195532621422,1
2685,81.0,-0.00956429330499422,90.69247952345495,0.18385057233770008,1
2686,81.0,-0.00956429330499422,90.69594343133606,0.1838591827535814,1
2687,81.0,-0.00956429330499422,90.69940476190477,0.18386778658142675,1
2688,81.0,-0.00956429330499422,90.70286351803645,0.18387638382879476,1
2689,81.0,-0.00956429330499422,90.70631970260223,0.1838849745032323,1
2690,81.0,-0.00956429330499422,90.70977331846896,0.1838935586122734,1
2691,81.0,-0.00956429330499422,90.71322436849925,0.18390213616344173,1
2692,81.0,-0.00956429330499422,90.71667285555142,0.18391070716425184,1
2693,81.0,-0.00956429330499422,90.6829992576095,0.18312748253167466,1
2694,81.0,-0.00956429330499422,90.68645640074212,0.18313609467455605,1
2695,81.0,-0.00956429330499422,90.65281899109793,0.1824325625276787,1
2696,81.0,-0.00956429330499422,90.61920652576937,0.18173347435980386,1
2697,81.0,-0.00956429330499422,90.62268346923648,0.18174211583737393,1
2698,81.0,-0.00956429330499422,90.58910707669507,0.18104744827685107,1
2699,73.0,0.16563658838071688,90.5925925925926,0.1810561008812776,1
2700,73.0,0.16563658838071688,90.59607552758237,0.1810647468961096,1
2701,73.0,0.16563658838071688,90.56254626202814,0.1803744765892654,1
2702,73.0,0.16563658838071688,90.56603773584906,0.18038313356164365,1
2703,73.0,0.16563658838071688,90.56952662721893,0.18039178394826938,1
2704,73.0,0.16563658838071688,90.57301293900186,0.1804004277566545,1
2705,73.0,0.16563658838071688,90.57649667405765,0.18040906499429837,1
2706,73.0,0.16563658838071688,90.57997783524196,0.18041769566869287,1
2707,73.0,0.16563658838071688,90.58345642540621,0.1804263197873145,1
2708,73.0,0.16563658838071688,90.58693244739756,0.18043493735763075,1
2709,73.0,0.16563658838071688,90.59040590405904,0.18044354838709695,1
2710,73.0,0.16563658838071688,90.59387679822943,0.18045215288315583,1
2711,73.0,0.16563658838071688,90.59734513274337,0.18046075085324237,1
2712,73.0,0.16563658838071688,90.60081091043126,0.18046934230477668,1
2713,73.0,0.16563658838071688,90.60427413411938,0.18047792724516898,1
2714,73.0,0.16563658838071688,90.60773480662984,0.1804865056818182,1
2715,73.0,0.16563658838071688,90.61119293078056,0.1804950776221119,1
2716,73.0,0.16563658838071688,90.61464850938535,0.18050364307342956,1
2717,73.0,0.16563658838071688,90.61810154525386,0.1805122020431326,1
2718,73.0,0.16563658838071688,90.58477381390217,0.17974921016876091,1
2719,73.0,0.16563658838071688,90.58823529411765,0.17975780992319632,1
2720,73.0,0.16563658838071688,90.59169423006249,0.17976640317648357,1
2721,73.0,0.16563658838071688,90.59515062454078,0.17977498993599034,1
2722,73.0,0.16563658838071688,90.56188027910393,0.17909288726487835,1
2723,73.0,0.16563658838071688,90.52863436123349,0.17841502905039724,1
2724,73.0,0.16563658838071688,90.4954128440367,0.17774137663877884,1
2725,73.0,0.16563658838071688,90.46221570066031,0.17707189184293817,1
2726,73.0,0.16563658838071688,90.46571323799046,0.17708054053489405,1
2727,73.0,0.16563658838071688,90.4692082111437,0.1770891827045787,1
2728,73.0,0.16563658838071688,90.4727006229388,0.1770978183593679,1
2729,73.0,0.16563658838071688,90.47619047619048,0.17710644750662508,1
2730,73.0,0.16563658838071688,90.47967777370927,0.17711507015370428,1
2731,73.0,0.16563658838071688,90.48316251830161,0.17712368630794567,1
2732,73.0,0.16563658838071688,90.48664471276985,0.17713229597668176,1
2733,73.0,0.16563658838071688,90.49012435991222,0.17714089916723183,1
2734,73.0,0.16563658838071688,90.49360146252286,0.1771494958869052,1
2735,73.0,0.16563658838071688,90.49707602339181,0.17715808614299827,1
2736,73.0,0.16563658838071688,90.50054804530507,0.17716666994279912,1
2737,73.0,0.16563658838071688,90.50401753104455,0.17717524729358225,1
2738,73.0,0.16563658838071688,90.5074844833881,0.17718381820261597,1
2739,73.0,0.16563658838071688,90.51094890510949,0.17719238267715048,1
2740,73.0,0.16563658838071688,90.51441079897847,0.17720094072443163,1
2741,73.0,0.16563658838071688,90.51787016776076,0.17720949235169145,1
2742,73.0,0.16563658838071688,90.52132701421802,0.17721803756614907,1
2743,73.0,0.16563658838071688,90.52478134110787,0.17722657637501812,1
2744,73.0,0.16563658838071688,90.52823315118397,0.1772351087854965,1
2745,73.0,0.16563658838071688,90.53168244719592,0.17724363480477417,1
2746,73.0,0.16563658838071688,90.53512923188933,0.17725215444003034,1
2747,73.0,0.16563658838071688,90.53857350800583,0.1772606676984295,1
2748,73.0,0.16563658838071688,90.54201527828302,0.17726917458713287,1
2749,73.0,0.16563658838071688,90.54545454545455,0.17727767511328163,1
2750,73.0,0.16563658838071688,90.51254089422028,0.1766127191891025,1
2751,73.0,0.16563658838071688,90.4796511627907,0.1759518525037195,1
2752,73.0,0.16563658838071688,90.48310933527061,0.17596037952485089,1
2753,73.0,0.16563658838071688,90.48656499636893,0.17596890017724343,1
2754,73.0,0.16563658838071688,90.49001814882033,0.17597741446802886,1
2755,73.0,0.16563658838071688,90.4934687953556,0.1759859224043294,1
2756,73.0,0.16563658838071688,90.49691693870149,0.17599442399325557,1
2757,73.0,0.16563658838071688,90.50036258158084,0.17600291924190917,1
2758,73.0,0.16563658838071688,90.50380572671257,0.1760114081573791,1
2759,73.0,0.16563658838071688,90.5072463768116,0.17601989074674546,1
2760,73.0,0.16563658838071688,90.51068453458892,0.1760283670170778,1
2761,73.0,0.16563658838071688,90.51412020275163,0.1760368369754321,1
2762,73.0,0.16563658838071688,90.5175533840029,0.1760453006288591,1
2763,73.0,0.16563658838071688,90.4848046309696,0.1753886642202039,1
2764,73.0,0.16563658838071688,90.4882459312839,0.17539713768309015,1
2765,73.0,0.16563658838071688,90.49168474331164,0.17540560484515402,1
2766,73.0,0.16563658838071688,90.49512106975062,0.1754140657134217,1
2767,73.0,0.16563658838071688,90.4985549132948,0.17542252029490538,1
2768,73.0,0.16563658838071688,90.50198627663416,0.1754309685966136,1
2769,73.0,0.16563658838071688,90.50541516245487,0.17543941062553647,1
2770,73.0,0.16563658838071688,90.50884157343918,0.1754478463886606,1
2771,73.0,0.16563658838071688,90.51226551226551,0.17545627589295637,1
2772,73.0,0.16563658838071688,90.51568698160837,0.17546469914539034,1
2773,73.0,0.16563658838071688,90.51910598413842,0.17547311615291108,1
2774,73.0,0.16563658838071688,90.52252252252252,0.17548152692246416,1
2775,73.0,0.16563658838071688,90.52593659942363,0.1754899314609798,1
2776,73.0,0.16563658838071688,90.52934821750091,0.17549832977538057,1
2777,73.0,0.16563658838071688,90.53275737940965,0.1755067218725773,1
2778,73.0,0.16563658838071688,90.53616408780137,0.17551510775947127,1
2779,73.0,0.16563658838071688,90.53956834532374,0.1755234874429548,1
2780,73.0,0.16563658838071688,90.54297015462063,0.1755318609299067,1
2781,73.0,0.16563658838071688,90.54636951833214,0.1755402282271999,1
2782,73.0,0.16563658838071688,90.5497664390945,0.1755485893416921,1
2783,73.0,0.16563658838071688,90.55316091954023,0.17555694428023771,1
2784,73.0,0.16563658838071688,90.55655296229801,0.1755652930496726,1
2785,73.0,0.16563658838071688,90.55994256999283,0.1755736356568306,1
2786,73.0,0.16563658838071688,90.56332974524578,0.1755819721085282,1
2787,73.0,0.16563658838071688,90.56671449067431,0.17559030241157927,1
2788,73.0,0.16563658838071688,90.57009680889207,0.17559862657278177,1
2789,73.0,0.16563658838071688,90.57347670250896,0.17560694459892617,1
2790,73.0,0.16563658838071688,90.57685417413114,0.1756152564967926,1
2791,73.0,0.16563658838071688,90.58022922636103,0.17562356227315024,1
2792,73.0,0.16563658838071688,90.58360186179735,0.17563186193475822,1
2793,73.0,0.16563658838071688,90.58697208303508,0.17564015548836973,1
2794,73.0,0.16563658838071688,90.59033989266547,0.17564844294072174,1
2795,73.0,0.16563658838071688,90.5937052932761,0.17565672429854598,1
2796,73.0,0.16563658838071688,90.59706828745084,0.17566499956856452,1
2797,73.0,0.16563658838071688,90.60042887776983,0.1756732687574839,1
2798,73.0,0.16563658838071688,90.60378706680957,0.17568153187200736,1
2799,91.0,-0.008968609865471114,90.60714285714285,0.17568978891882597,1
2800,91.0,-0.008968609865471114,90.61049625133882,0.17569803990461996,1
2801,91.0,-0.008968609865471114,90.61384725196288,0.1757062848360589,1
2802,91.0,-0.008968609865471114,90.61719586157689,0.175714523719806,1
2803,91.0,-0.008968609865471114,90.62054208273894,0.1757227565625117,1
2804,91.0,-0.008968609865471114,90.62388591800357,0.17573098337081977,1
2805,91.0,-0.008968609865471114,90.6272273699216,0.17573920415135957,1
2806,91.0,-0.008968609865471114,90.63056644104026,0.17574741891075665,1
2807,91.0,-0.008968609865471114,90.63390313390313,0.17575562765562033,1
2808,91.0,-0.008968609865471114,90.6372374510502,0.17576383039255616,1
2809,91.0,-0.008968609865471114,90.64056939501779,0.17577202712815623,1
2810,91.0,-0.008968609865471114,90.64389896833866,0.1757802178690041,1
2811,91.0,-0.008968609865471114,90.64722617354197,0.17578840262167475,1
2812,91.0,-0.008968609865471114,90.61500177746179,0.17505773569437846,1
2813,91.0,-0.008968609865471114,90.6183368869936,0.17506595954481213,1
2814,91.0,-0.008968609865471114,90.62166962699823,0.17507417738857872,1
2815,91.0,-0.008968609865471114,90.625,0.17508238923225425,1
2816,91.0,-0.008968609865471114,90.6283280085197,0.1750905950824081,1
2817,91.0,-0.008968609865471114,90.63165365507452,0.17509879494560213,1
2818,91.0,-0.008968609865471114,90.63497694217808,0.17510698882838324,1
2819,91.0,-0.008968609865471114,90.63829787234042,0.17511517673729035,1
2820,91.0,-0.008968609865471114,90.64161644806806,0.17512335867885798,1
2821,91.0,-0.008968609865471114,90.64493267186393,0.17513153465960457,1
2822,91.0,-0.008968609865471114,90.64824654622741,0.17513970468604184,1
2823,91.0,-0.008968609865471114,90.6515580736544,0.17514786876467364,1
2824,91.0,-0.008968609865471114,90.65486725663717,0.17515602690199142,1
2825,91.0,-0.008968609865471114,90.65817409766454,0.1751641791044774,1
2826,91.0,-0.008968609865471114,90.62610541209763,0.17451577571749444,1
2827,91.0,-0.008968609865471114,90.5940594059406,0.1738713113763902,1
2828,91.0,-0.008968609865471114,90.59738423471191,0.1738794885503469,1
2829,91.0,-0.008968609865471114,90.60070671378092,0.17388765978367796,1
2830,91.0,-0.008968609865471114,90.56870363829036,0.1732471299569494,1
2831,91.0,-0.008968609865471114,90.57203389830508,0.17325531049503415,1
2832,91.0,-0.008968609865471114,90.57536180727145,0.17326348509622524,1
2833,91.0,-0.008968609865471114,90.57868736767819,0.1732716537669833,1
2834,91.0,-0.008968609865471114,90.54673721340389,0.17263503838016056,1
2835,91.0,-0.008968609865471114,90.55007052186178,0.17264321621168618,1
2836,91.0,-0.008968609865471114,90.55340148043707,0.17265138811659483,1
2837,91.0,-0.008968609865471114,90.55673009161382,0.17265955410132805,1
2838,91.0,-0.008968609865471114,90.56005635787248,0.1726677141723161,1
2839,91.0,-0.008968609865471114,90.56338028169014,0.17267586833598192,1
2840,91.0,-0.008968609865471114,90.5667018655403,0.17268401659873697,1
2841,91.0,-0.008968609865471114,90.57002111189303,0.17269215896698392,1
2842,91.0,-0.008968609865471114,90.57333802321492,0.17270029544711746,1
2843,91.0,-0.008968609865471114,90.57665260196906,0.17270842604552153,1
2844,91.0,-0.008968609865471114,90.57996485061511,0.17271655076857256,1
2845,91.0,-0.008968609865471114,90.58327477160928,0.17272466962263702,1
2846,91.0,-0.008968609865471114,90.58658236740429,0.1727327826140704,1
2847,91.0,-0.008968609865471114,90.58988764044943,0.17274088974922083,1
2848,91.0,-0.008968609865471114,90.55809055809056,0.17210830267191818,1
2849,91.0,-0.008968609865471114,90.52631578947368,0.17147951470987316,1
2850,91.0,-0.008968609865471114,90.529638723255,0.17148764555768645,1
2851,91.0,-0.008968609865471114,90.53295932678822,0.17149577054422374,1
2852,91.0,-0.008968609865471114,90.53627760252367,0.17150388967582267,1
2853,91.0,-0.008968609865471114,90.5395935529082,0.17151200295880895,1
2854,91.0,-0.008968609865471114,90.54290718038528,0.1715201103994998,1
2855,91.0,-0.008968609865471114,90.54621848739495,0.17152821200420257,1
2856,91.0,-0.008968609865471114,90.54952747637381,0.1715363077792182,1
2857,91.0,-0.008968609865471114,90.55283414975507,0.17154439773083482,1
2858,91.0,-0.008968609865471114,90.55613850996852,0.17155248186533523,1
2859,91.0,-0.008968609865471114,90.55944055944056,0.17156056018899052,1
2860,91.0,-0.008968609865471114,90.5627403005942,0.17156863270806347,1
2861,91.0,-0.008968609865471114,90.56603773584906,0.17157669942880713,1
2862,91.0,-0.008968609865471114,90.56933286762138,0.17158476035746711,1
2863,91.0,-0.008968609865471114,90.57262569832403,0.17159281550028244,1
2864,91.0,-0.008968609865471114,90.57591623036649,0.1716008648634756,1
2865,91.0,-0.008968609865471114,90.57920446615492,0.17160890845326693,1
2866,91.0,-0.008968609865471114,90.58249040809208,0.1716169462758663,1
2867,91.0,-0.008968609865471114,90.55090655509066,0.17333231226746806,1
2868,91.0,-0.008968609865471114,90.51934471941443,0.17502650827597394,1
2869,91.0,-0.008968609865471114,90.5226480836237,0.175034609572321,1
2870,91.0,-0.008968609865471114,90.52594914663881,0.17504270506618944,1
2871,91.0,-0.008968609865471114,90.5292479108635,0.17505079476380922,1
2872,91.0,-0.008968609865471114,90.53254437869822,0.17505887867140524,1
2873,91.0,-0.008968609865471114,90.53583855254001,0.1750669567951921,1
2874,91.0,-0.008968609865471114,90.5391304347826,0.1750750291413713,1
2875,91.0,-0.008968609865471114,90.54242002781642,0.17508309571614247,1
2876,91.0,-0.008968609865471114,90.5457073340285,0.17509115652568988,1
2877,91.0,-0.008968609865471114,90.54899235580264,0.17509921157619424,1
2878,91.0,-0.008968609865471114,90.55227509551928,0.17510726087382458,1
2879,91.0,-0.008968609865471114,90.55555555555556,0.17511530442474124,1
2880,91.0,-0.008968609865471114,90.55883373828532,0.17512334223509682,1
2881,91.0,-0.008968609865471114,90.56210964607911,0.17513137431103484,1
2882,91.0,-0.008968609865471114,90.56538328130421,0.17513940065868858,1
2883,91.0,-0.008968609865471114,90.56865464632455,0.17514742128418473,1
2884,91.0,-0.008968609865471114,90.57192374350088,0.17515543619364066,1
2885,91.0,-0.008968609865471114,90.57519057519058,0.17516344539316317,1
2886,91.0,-0.008968609865471114,90.57845514374783,0.17517144888885222,1
2887,91.0,-0.008968609865471114,90.58171745152355,0.1751794466867988,1
2888,91.0,-0.008968609865471114,90.58497750086535,0.17518743879308563,1
2889,91.0,-0.008968609865471114,90.58823529411765,0.1751954252137873,1
2890,91.0,-0.008968609865471114,90.59149083362158,0.17520340595496686,1
2891,91.0,-0.008968609865471114,90.59474412171508,0.17521138102268122,1
2892,91.0,-0.008968609865471114,90.59799516073281,0.17521935042297943,1
2893,91.0,-0.008968609865471114,90.60124395300622,0.17522731416189802,1
2894,91.0,-0.008968609865471114,90.60449050086355,0.175235272245468,1
2895,91.0,-0.008968609865471114,90.60773480662984,0.1752432246797146,1
2896,91.0,-0.008968609865471114,90.61097687262686,0.17525117147064773,1
2897,91.0,-0.008968609865471114,90.57971014492753,0.17454418354730802,1
2898,91.0,-0.008968609865471114,90.5829596412556,0.17455216758710265,1
2899,89.0,0.1269841269841271,90.55172413793103,0.1738493049562802,1
2900,89.0,0.1269841269841271,90.55498104102033,0.17385732592908915,1
2901,89.0,0.1269841269841271,90.5237767057202,0.17323479075241324,1
2902,89.0,0.1269841269841271,90.49259386841199,0.1726159066571526,1
2903,89.0,0.1269841269841271,90.49586776859503,0.17262395094608374,1
2904,89.0,0.1269841269841271,90.46471600688469,0.1720087009133077,1
2905,89.0,0.1269841269841271,90.46799724707502,0.17201675382330361,1
2906,89.0,0.1269841269841271,90.47127622979016,0.17202480103646123,1
2907,89.0,0.1269841269841271,90.47455295735901,0.172032842558825,1
2908,89.0,0.1269841269841271,90.47782743210725,0.17204087839642912,1
2909,89.0,0.1269841269841271,90.48109965635739,0.17204890855529884,1
2910,89.0,0.1269841269841271,90.48436963242872,0.17205693304145245,1
2911,89.0,0.1269841269841271,90.48763736263736,0.17206495186089907,1
2912,89.0,0.1269841269841271,90.49090284929626,0.17207296501963854,1
2913,89.0,0.1269841269841271,90.49416609471517,0.17208097252366347,1
2914,89.0,0.1269841269841271,90.4631217838765,0.17146943862522698,1
2915,89.0,0.1269841269841271,90.4320987654321,0.17086146169650704,1
2916,89.0,0.1269841269841271,90.4010970174837,0.17025701145828787,1
2917,89.0,0.1269841269841271,90.4043865661412,0.17026505534680628,1
2918,89.0,0.1269841269841271,90.40767386091127,0.17027309356812453,1
2919,89.0,0.1269841269841271,90.41095890410958,0.17028112612822832,1
2920,89.0,0.1269841269841271,90.41424169804861,0.17028915303309883,1
2921,89.0,0.1269841269841271,90.41752224503765,0.17029717428870364,1
2922,89.0,0.1269841269841271,90.42080054738283,0.17030518990100765,1
2923,89.0,0.1269841269841271,90.42407660738714,0.17031319987596055,1
2924,89.0,0.1269841269841271,90.42735042735043,0.1703212042195103,1
2925,89.0,0.1269841269841271,90.43062200956938,0.17032920293758985,1
2926,89.0,0.1269841269841271,90.43389135633755,0.17033719603613182,1
2927,89.0,0.1269841269841271,90.43715846994536,0.1703451835210539,1
2928,89.0,0.1269841269841271,90.4404233526801,0.1703531653982695,1
2929,89.0,0.1269841269841271,90.44368600682594,0.17036114167367822,1
2930,89.0,0.1269841269841271,90.44694643466393,0.17036911235317817,1
2931,89.0,0.1269841269841271,90.45020463847203,0.17037707744265593,1
2932,89.0,0.1269841269841271,90.45346062052506,0.17038503694799068,1
2933,89.0,0.1269841269841271,90.45671438309475,0.17039299087504978,1
2934,89.0,0.1269841269841271,90.45996592844975,0.1704009392296987,1
2935,89.0,0.1269841269841271,90.46321525885558,0.17040888201779006,1
2936,89.0,0.1269841269841271,90.46646237657474,0.17041681924516802,1
2937,89.0,0.1269841269841271,90.46970728386657,0.1704247509176714,1
2938,89.0,0.1269841269841271,90.47294998298742,0.17043267704113102,1
2939,89.0,0.1269841269841271,90.47619047619048,0.17044059762136515,1
2940,89.0,0.1269841269841271,90.47942876572594,0.17044851266418928,1
2941,89.0,0.1269841269841271,90.48266485384092,0.17045642217540602,1
2942,89.0,0.1269841269841271,90.48589874277948,0.1704643261608164,1
2943,89.0,0.1269841269841271,90.45516304347827,0.1697845841968194,1
2944,89.0,0.1269841269841271,90.42444821731749,0.16910867949219494,1
2945,89.0,0.1269841269841271,90.4276985743381,0.16911666163265862,1
2946,89.0,0.1269841269841271,90.39701391245333,0.16844460441840522,1
2947,89.0,0.1269841269841271,90.40027137042063,0.16845262241961786,1
2948,89.0,0.1269841269841271,90.40352661919295,0.16846063482858906,1
2949,89.0,0.1269841269841271,90.40677966101694,0.16846864165117012,1
2950,89.0,0.1269841269841271,90.41003049813622,0.16847664289320144,1
2951,89.0,0.1269841269841271,90.41327913279133,0.16848463856051243,1
2952,89.0,0.1269841269841271,90.41652556721978,0.16849262865892992,1
2953,89.0,0.1269841269841271,90.38591740013541,0.16782459300641553,1
2954,89.0,0.1269841269841271,90.3891708967851,0.1678326185577232,1
2955,89.0,0.1269841269841271,90.39242219215156,0.16784063852438358,1
2956,89.0,0.1269841269841271,90.39567128846804,0.16784865291222378,1
2957,89.0,0.1269841269841271,90.39891818796484,0.1678566617270641,1
2958,89.0,0.1269841269841271,90.40216289286921,0.16786466497471433,1
2959,89.0,0.1269841269841271,90.4054054054054,0.16787266266097833,1
2960,89.0,0.1269841269841271,90.40864572779466,0.16788065479165057,1
2961,89.0,0.1269841269841271,90.41188386225524,0.16788864137251608,1
2962,89.0,0.1269841269841271,90.41511981100237,0.16789662240935552,1
2963,89.0,0.1269841269841271,90.38461538461539,0.1672326955362753,1
2964,89.0,0.1269841269841271,90.38785834738617,0.16724071155944104,1
2965,89.0,0.1269841269841271,90.39109912339852,0.16724872202316873,1
2966,89.0,0.1269841269841271,90.3943377148635,0.16725672693323887,1
2967,89.0,0.1269841269841271,90.39757412398922,0.1672647262954278,1
2968,89.0,0.1269841269841271,90.4008083529808,0.16727272011549554,1
2969,89.0,0.1269841269841271,90.37037037037037,0.16668628743642852,1
2970,89.0,0.1269841269841271,90.37361157859307,0.16669428968471492,1
2971,89.0,0.1269841269841271,90.37685060565276,0.16670228639437445,1
2972,89.0,0.1269841269841271,90.38008745375042,0.16671027757115756,1
2973,89.0,0.1269841269841271,90.38332212508406,0.1667182632208012,1
2974,89.0,0.1269841269841271,90.38655462184873,0.1667262433490389,1
2975,89.0,0.1269841269841271,90.38978494623656,0.16673421796159588,1
2976,89.0,0.1269841269841271,90.39301310043668,0.1667421870641874,1
2977,89.0,0.1269841269841271,90.39623908663532,0.16675015066252297,1
2978,89.0,0.1269841269841271,90.39946290701579,0.16675810876230532,1
2979,89.0,0.1269841269841271,90.40268456375838,0.16676606136922245,1
2980,89.0,0.1269841269841271,90.40590405904058,0.16677400848896196,1
2981,89.0,0.1269841269841271,90.40912139503689,0.16678195012720315,1
2982,89.0,0.1269841269841271,90.37881327522628,0.16619901847445687,1
2983,89.0,0.1269841269841271,90.3485254691689,0.1656193930732371,1
2984,89.0,0.1269841269841271,90.31825795644892,0.16504304650183654,1
2985,89.0,0.1269841269841271,90.28801071667783,0.16446995164010564,1
2986,89.0,0.1269841269841271,90.29126213592234,0.16447794219066705,1
2987,89.0,0.1269841269841271,90.29451137884872,0.16448592724011946,1
2988,89.0,0.1269841269841271,90.2643024422884,0.16391608391608373,1
2989,89.0,0.1269841269841271,90.23411371237458,0.16334943873845145,1
2990,89.0,0.1269841269841271,90.2373788030759,0.1633574448151695,1
2991,89.0,0.1269841269841271,90.2072192513369,0.16271642292822297,1
2992,89.0,0.1269841269841271,90.21049114600736,0.16272446399792342,1
2993,89.0,0.1269841269841271,90.21376085504342,0.16273249954187297,1
2994,89.0,0.1269841269841271,90.21702838063439,0.16274052956576832,1
2995,89.0,0.1269841269841271,90.22029372496662,0.1627485540752954,1
2996,89.0,0.1269841269841271,90.22355689022355,0.1627565730761302,1
2997,89.0,0.1269841269841271,90.19346230820547,0.16211925616519426,1
2998,89.0,0.1269841269841271,90.16338779593198,0.16156090755993624,1
2999,78.0,-0.009174311926605514,90.13333333333333,0.16319568781921967,1
